ISO-10303-21;
HEADER;
FILE_DESCRIPTION(('STEP AP203'),'1');
FILE_NAME('691236510003.stp','2022-03-25T15:08:05',('TraceParts'),('TraceParts S.A.'),'Spatial InterOp 3D',' ',' ');
FILE_SCHEMA(('CONFIG_CONTROL_DESIGN'));
ENDSEC;
DATA;
#1=DESIGN_CONTEXT('',#30,'design');
#2=APPLICATION_PROTOCOL_DEFINITION('INTERNATIONAL STANDARD','config_control_design',1994,#30);
#3=PRODUCT_CATEGORY_RELATIONSHIP('NONE','NONE',#31,#32);
#4=DATE_AND_TIME(#33,#34);
#5=DATE_TIME_ROLE('creation_date');
#6=DATE_TIME_ROLE('classification_date');
#7=PERSON_AND_ORGANIZATION_ROLE('creator');
#8=PERSON_AND_ORGANIZATION_ROLE('design_supplier');
#9=PERSON_AND_ORGANIZATION_ROLE('classification_officer');
#10=PERSON_AND_ORGANIZATION_ROLE('design_owner');
#11=APPROVAL_PERSON_ORGANIZATION(#35,#36,#37);
#12=APPROVAL_DATE_TIME(#4,#36);
#13=CC_DESIGN_APPROVAL(#36,(#38,#39,#40));
#14=CC_DESIGN_DATE_AND_TIME_ASSIGNMENT(#4,#5,(#40));
#15=CC_DESIGN_DATE_AND_TIME_ASSIGNMENT(#4,#6,(#38));
#16=CC_DESIGN_PERSON_AND_ORGANIZATION_ASSIGNMENT(#35,#10,(#41));
#17=CC_DESIGN_PERSON_AND_ORGANIZATION_ASSIGNMENT(#35,#7,(#40));
#18=CC_DESIGN_PERSON_AND_ORGANIZATION_ASSIGNMENT(#35,#7,(#39));
#19=CC_DESIGN_PERSON_AND_ORGANIZATION_ASSIGNMENT(#35,#8,(#39));
#20=CC_DESIGN_SECURITY_CLASSIFICATION(#38,(#39));
#21=CC_DESIGN_PERSON_AND_ORGANIZATION_ASSIGNMENT(#35,#9,(#38));
#22=SHAPE_DEFINITION_REPRESENTATION(#42,#43);
#23=SHAPE_DEFINITION_REPRESENTATION(#42,#44);
#24=SHAPE_DEFINITION_REPRESENTATION(#42,#45);
#25=SHAPE_DEFINITION_REPRESENTATION(#42,#46);
#26= (GEOMETRIC_REPRESENTATION_CONTEXT(3)GLOBAL_UNCERTAINTY_ASSIGNED_CONTEXT((#49))GLOBAL_UNIT_ASSIGNED_CONTEXT((#51,#52,#53))REPRESENTATION_CONTEXT('NONE','WORKSPACE'));
#30=APPLICATION_CONTEXT('CONFIGURATION CONTROLLED 3D DESIGNS OF MECHANICAL PARTS AND ASSEMBLIES');
#31=PRODUCT_CATEGORY('part','NONE');
#32=PRODUCT_RELATED_PRODUCT_CATEGORY('detail',' ',(#41));
#33=CALENDAR_DATE(2022,25,2);
#34=LOCAL_TIME(16,8,5.0,#55);
#35=PERSON_AND_ORGANIZATION(#56,#57);
#36=APPROVAL(#58,'SOLID MODEL');
#37=APPROVAL_ROLE('APPROVED');
#38=SECURITY_CLASSIFICATION('','',#59);
#39=PRODUCT_DEFINITION_FORMATION_WITH_SPECIFIED_SOURCE(' ','NONE',#41,.NOT_KNOWN.);
#40=PRODUCT_DEFINITION('','NONE',#39,#1);
#41=PRODUCT('1','','PART--DESC',(#60));
#42=PRODUCT_DEFINITION_SHAPE('NONE','NONE',#40);
#43=ADVANCED_BREP_SHAPE_REPRESENTATION('1',(#61,#62),#26);
#44=ADVANCED_BREP_SHAPE_REPRESENTATION('2',(#63,#64),#26);
#45=ADVANCED_BREP_SHAPE_REPRESENTATION('3',(#65,#66),#26);
#46=ADVANCED_BREP_SHAPE_REPRESENTATION('4',(#67,#68),#26);
#49=UNCERTAINTY_MEASURE_WITH_UNIT(LENGTH_MEASURE(1.0E-06),#51,'','');
#51= (CONVERSION_BASED_UNIT('MILLIMETRE',#71)LENGTH_UNIT()NAMED_UNIT(#74));
#52= (NAMED_UNIT(#76)PLANE_ANGLE_UNIT()SI_UNIT($,.RADIAN.));
#53= (NAMED_UNIT(#76)SOLID_ANGLE_UNIT()SI_UNIT($,.STERADIAN.));
#55=COORDINATED_UNIVERSAL_TIME_OFFSET(1,0,.AHEAD.);
#56=PERSON('','UNSPECIFIED',$,$,$,$);
#57=ORGANIZATION('UNSPECIFIED','UNSPECIFIED','UNSPECIFIED');
#58=APPROVAL_STATUS('approved');
#59=SECURITY_CLASSIFICATION_LEVEL('unclassified');
#60=MECHANICAL_CONTEXT('',#30,'mechanical');
#61=MANIFOLD_SOLID_BREP('1',#82);
#62=AXIS2_PLACEMENT_3D('',#83,#84,#85);
#63=MANIFOLD_SOLID_BREP('2',#86);
#64=AXIS2_PLACEMENT_3D('',#87,#88,#89);
#65=MANIFOLD_SOLID_BREP('3',#90);
#66=AXIS2_PLACEMENT_3D('',#91,#92,#93);
#67=MANIFOLD_SOLID_BREP('4',#94);
#68=AXIS2_PLACEMENT_3D('',#95,#96,#97);
#71=LENGTH_MEASURE_WITH_UNIT(LENGTH_MEASURE(1.0),#98);
#74=DIMENSIONAL_EXPONENTS(1.0,0.0,0.0,0.0,0.0,0.0,0.0);
#76=DIMENSIONAL_EXPONENTS(0.0,0.0,0.0,0.0,0.0,0.0,0.0);
#82=CLOSED_SHELL('',(#99,#100,#101,#102,#103,#104,#105,#106,#107,#108,#109,#110,#111,#112,#113,#114,#115,#116,#117,#118,#119,#120,#121,#122,#123,#124,#125,#126,#127,#128,#129,#130,#131,#132,#133,#134,#135,#136,#137,#138,#139,#140,#141,#142,#143,#144,#145));
#83=CARTESIAN_POINT('',(0.0,0.0,0.0));
#84=DIRECTION('',(0.0,0.0,1.0));
#85=DIRECTION('',(1.0,0.0,0.0));
#86=CLOSED_SHELL('',(#146,#147,#148,#149,#150,#151,#152,#153,#154,#155,#156,#157,#158,#159,#160,#161,#162,#163,#164,#165,#166,#167,#168,#169,#170,#171,#172,#173,#174,#175,#176,#177,#178,#179,#180,#181,#182,#183,#184,#185,#186,#187,#188,#189,#190,#191,#192,#193,#194,#195,#196,#197,#198,#199,#200,#201,#202,#203,#204,#205,#206,#207,#208,#209,#210,#211,#212,#213,#214,#215,#216,#217,#218,#219,#220));
#87=CARTESIAN_POINT('',(0.0,0.0,0.0));
#88=DIRECTION('',(0.0,0.0,1.0));
#89=DIRECTION('',(1.0,0.0,0.0));
#90=CLOSED_SHELL('',(#221,#222,#223,#224,#225,#226,#227,#228,#229,#230,#231,#232,#233,#234,#235,#236,#237,#238,#239,#240,#241,#242,#243,#244,#245,#246,#247,#248,#249,#250,#251,#252,#253,#254,#255,#256,#257,#258,#259,#260,#261,#262,#263,#264,#265,#266,#267,#268,#269,#270,#271,#272,#273,#274,#275,#276,#277,#278,#279,#280,#281,#282,#283,#284,#285,#286,#287,#288,#289,#290,#291,#292,#293,#294,#295));
#91=CARTESIAN_POINT('',(0.0,0.0,0.0));
#92=DIRECTION('',(0.0,0.0,1.0));
#93=DIRECTION('',(1.0,0.0,0.0));
#94=CLOSED_SHELL('',(#296,#297,#298,#299,#300,#301,#302,#303,#304,#305,#306,#307,#308,#309,#310,#311,#312,#313,#314,#315,#316,#317,#318,#319,#320,#321,#322,#323,#324,#325,#326,#327,#328,#329,#330,#331,#332,#333,#334,#335,#336,#337,#338,#339,#340,#341,#342));
#95=CARTESIAN_POINT('',(0.0,0.0,0.0));
#96=DIRECTION('',(0.0,0.0,1.0));
#97=DIRECTION('',(1.0,0.0,0.0));
#98= (NAMED_UNIT(#74)LENGTH_UNIT()SI_UNIT(.MILLI.,.METRE.));
#99=ADVANCED_FACE('',(#344),#345,.F.);
#100=ADVANCED_FACE('',(#346),#347,.T.);
#101=ADVANCED_FACE('',(#348),#349,.T.);
#102=ADVANCED_FACE('',(#350),#351,.T.);
#103=ADVANCED_FACE('',(#352),#353,.T.);
#104=ADVANCED_FACE('',(#354),#355,.T.);
#105=ADVANCED_FACE('',(#356),#357,.T.);
#106=ADVANCED_FACE('',(#358),#359,.T.);
#107=ADVANCED_FACE('',(#360),#361,.T.);
#108=ADVANCED_FACE('',(#362),#363,.T.);
#109=ADVANCED_FACE('',(#364),#365,.F.);
#110=ADVANCED_FACE('',(#366),#367,.T.);
#111=ADVANCED_FACE('',(#368),#369,.T.);
#112=ADVANCED_FACE('',(#370),#371,.T.);
#113=ADVANCED_FACE('',(#372),#373,.T.);
#114=ADVANCED_FACE('',(#374),#375,.T.);
#115=ADVANCED_FACE('',(#376),#377,.T.);
#116=ADVANCED_FACE('',(#378),#379,.T.);
#117=ADVANCED_FACE('',(#380),#381,.F.);
#118=ADVANCED_FACE('',(#382),#383,.T.);
#119=ADVANCED_FACE('',(#384),#385,.T.);
#120=ADVANCED_FACE('',(#386),#387,.F.);
#121=ADVANCED_FACE('',(#388),#389,.T.);
#122=ADVANCED_FACE('',(#390),#391,.F.);
#123=ADVANCED_FACE('',(#392),#393,.T.);
#124=ADVANCED_FACE('',(#394),#395,.T.);
#125=ADVANCED_FACE('',(#396),#397,.T.);
#126=ADVANCED_FACE('',(#398),#399,.T.);
#127=ADVANCED_FACE('',(#400),#401,.T.);
#128=ADVANCED_FACE('',(#402),#403,.F.);
#129=ADVANCED_FACE('',(#404),#405,.F.);
#130=ADVANCED_FACE('',(#406),#407,.T.);
#131=ADVANCED_FACE('',(#408),#409,.T.);
#132=ADVANCED_FACE('',(#410),#411,.T.);
#133=ADVANCED_FACE('',(#412),#413,.T.);
#134=ADVANCED_FACE('',(#414),#415,.T.);
#135=ADVANCED_FACE('',(#416),#417,.T.);
#136=ADVANCED_FACE('',(#418),#419,.T.);
#137=ADVANCED_FACE('',(#420),#421,.F.);
#138=ADVANCED_FACE('',(#422),#423,.T.);
#139=ADVANCED_FACE('',(#424),#425,.F.);
#140=ADVANCED_FACE('',(#426),#427,.T.);
#141=ADVANCED_FACE('',(#428),#429,.T.);
#142=ADVANCED_FACE('',(#430),#431,.T.);
#143=ADVANCED_FACE('',(#432),#433,.T.);
#144=ADVANCED_FACE('',(#434),#435,.F.);
#145=ADVANCED_FACE('',(#436),#437,.F.);
#146=ADVANCED_FACE('',(#438),#439,.F.);
#147=ADVANCED_FACE('',(#440),#441,.F.);
#148=ADVANCED_FACE('',(#442),#443,.T.);
#149=ADVANCED_FACE('',(#444),#445,.T.);
#150=ADVANCED_FACE('',(#446),#447,.T.);
#151=ADVANCED_FACE('',(#448),#449,.T.);
#152=ADVANCED_FACE('',(#450),#451,.T.);
#153=ADVANCED_FACE('',(#452),#453,.T.);
#154=ADVANCED_FACE('',(#454),#455,.T.);
#155=ADVANCED_FACE('',(#456),#457,.T.);
#156=ADVANCED_FACE('',(#458),#459,.T.);
#157=ADVANCED_FACE('',(#460),#461,.F.);
#158=ADVANCED_FACE('',(#462),#463,.F.);
#159=ADVANCED_FACE('',(#464),#465,.T.);
#160=ADVANCED_FACE('',(#466),#467,.T.);
#161=ADVANCED_FACE('',(#468),#469,.T.);
#162=ADVANCED_FACE('',(#470),#471,.T.);
#163=ADVANCED_FACE('',(#472),#473,.T.);
#164=ADVANCED_FACE('',(#474),#475,.T.);
#165=ADVANCED_FACE('',(#476),#477,.T.);
#166=ADVANCED_FACE('',(#478),#479,.T.);
#167=ADVANCED_FACE('',(#480),#481,.F.);
#168=ADVANCED_FACE('',(#482),#483,.F.);
#169=ADVANCED_FACE('',(#484),#485,.T.);
#170=ADVANCED_FACE('',(#486),#487,.F.);
#171=ADVANCED_FACE('',(#488),#489,.T.);
#172=ADVANCED_FACE('',(#490),#491,.T.);
#173=ADVANCED_FACE('',(#492),#493,.F.);
#174=ADVANCED_FACE('',(#494),#495,.F.);
#175=ADVANCED_FACE('',(#496),#497,.T.);
#176=ADVANCED_FACE('',(#498),#499,.F.);
#177=ADVANCED_FACE('',(#500),#501,.T.);
#178=ADVANCED_FACE('',(#502),#503,.F.);
#179=ADVANCED_FACE('',(#504),#505,.T.);
#180=ADVANCED_FACE('',(#506),#507,.T.);
#181=ADVANCED_FACE('',(#508),#509,.T.);
#182=ADVANCED_FACE('',(#510),#511,.T.);
#183=ADVANCED_FACE('',(#512),#513,.T.);
#184=ADVANCED_FACE('',(#514),#515,.F.);
#185=ADVANCED_FACE('',(#516),#517,.F.);
#186=ADVANCED_FACE('',(#518),#519,.F.);
#187=ADVANCED_FACE('',(#520),#521,.F.);
#188=ADVANCED_FACE('',(#522),#523,.T.);
#189=ADVANCED_FACE('',(#524),#525,.T.);
#190=ADVANCED_FACE('',(#526),#527,.T.);
#191=ADVANCED_FACE('',(#528),#529,.F.);
#192=ADVANCED_FACE('',(#530),#531,.F.);
#193=ADVANCED_FACE('',(#532),#533,.T.);
#194=ADVANCED_FACE('',(#534),#535,.T.);
#195=ADVANCED_FACE('',(#536),#537,.T.);
#196=ADVANCED_FACE('',(#538),#539,.T.);
#197=ADVANCED_FACE('',(#540),#541,.F.);
#198=ADVANCED_FACE('',(#542),#543,.F.);
#199=ADVANCED_FACE('',(#544),#545,.T.);
#200=ADVANCED_FACE('',(#546),#547,.T.);
#201=ADVANCED_FACE('',(#548),#549,.T.);
#202=ADVANCED_FACE('',(#550),#551,.T.);
#203=ADVANCED_FACE('',(#552),#553,.T.);
#204=ADVANCED_FACE('',(#554),#555,.T.);
#205=ADVANCED_FACE('',(#556),#557,.F.);
#206=ADVANCED_FACE('',(#558),#559,.T.);
#207=ADVANCED_FACE('',(#560),#561,.F.);
#208=ADVANCED_FACE('',(#562),#563,.T.);
#209=ADVANCED_FACE('',(#564),#565,.F.);
#210=ADVANCED_FACE('',(#566),#567,.T.);
#211=ADVANCED_FACE('',(#568),#569,.F.);
#212=ADVANCED_FACE('',(#570),#571,.F.);
#213=ADVANCED_FACE('',(#572),#573,.T.);
#214=ADVANCED_FACE('',(#574),#575,.T.);
#215=ADVANCED_FACE('',(#576),#577,.F.);
#216=ADVANCED_FACE('',(#578),#579,.T.);
#217=ADVANCED_FACE('',(#580),#581,.T.);
#218=ADVANCED_FACE('',(#582),#583,.T.);
#219=ADVANCED_FACE('',(#584),#585,.T.);
#220=ADVANCED_FACE('',(#586),#587,.T.);
#221=ADVANCED_FACE('',(#588),#589,.F.);
#222=ADVANCED_FACE('',(#590),#591,.F.);
#223=ADVANCED_FACE('',(#592),#593,.T.);
#224=ADVANCED_FACE('',(#594),#595,.T.);
#225=ADVANCED_FACE('',(#596),#597,.T.);
#226=ADVANCED_FACE('',(#598),#599,.T.);
#227=ADVANCED_FACE('',(#600),#601,.T.);
#228=ADVANCED_FACE('',(#602),#603,.T.);
#229=ADVANCED_FACE('',(#604),#605,.T.);
#230=ADVANCED_FACE('',(#606),#607,.T.);
#231=ADVANCED_FACE('',(#608),#609,.T.);
#232=ADVANCED_FACE('',(#610),#611,.F.);
#233=ADVANCED_FACE('',(#612),#613,.F.);
#234=ADVANCED_FACE('',(#614),#615,.T.);
#235=ADVANCED_FACE('',(#616),#617,.T.);
#236=ADVANCED_FACE('',(#618),#619,.T.);
#237=ADVANCED_FACE('',(#620),#621,.T.);
#238=ADVANCED_FACE('',(#622),#623,.T.);
#239=ADVANCED_FACE('',(#624),#625,.T.);
#240=ADVANCED_FACE('',(#626),#627,.T.);
#241=ADVANCED_FACE('',(#628),#629,.T.);
#242=ADVANCED_FACE('',(#630),#631,.F.);
#243=ADVANCED_FACE('',(#632),#633,.F.);
#244=ADVANCED_FACE('',(#634),#635,.T.);
#245=ADVANCED_FACE('',(#636),#637,.F.);
#246=ADVANCED_FACE('',(#638),#639,.T.);
#247=ADVANCED_FACE('',(#640),#641,.T.);
#248=ADVANCED_FACE('',(#642),#643,.F.);
#249=ADVANCED_FACE('',(#644),#645,.F.);
#250=ADVANCED_FACE('',(#646),#647,.T.);
#251=ADVANCED_FACE('',(#648),#649,.F.);
#252=ADVANCED_FACE('',(#650),#651,.T.);
#253=ADVANCED_FACE('',(#652),#653,.F.);
#254=ADVANCED_FACE('',(#654),#655,.T.);
#255=ADVANCED_FACE('',(#656),#657,.T.);
#256=ADVANCED_FACE('',(#658),#659,.T.);
#257=ADVANCED_FACE('',(#660),#661,.T.);
#258=ADVANCED_FACE('',(#662),#663,.T.);
#259=ADVANCED_FACE('',(#664),#665,.F.);
#260=ADVANCED_FACE('',(#666),#667,.F.);
#261=ADVANCED_FACE('',(#668),#669,.F.);
#262=ADVANCED_FACE('',(#670),#671,.F.);
#263=ADVANCED_FACE('',(#672),#673,.T.);
#264=ADVANCED_FACE('',(#674),#675,.T.);
#265=ADVANCED_FACE('',(#676),#677,.T.);
#266=ADVANCED_FACE('',(#678),#679,.F.);
#267=ADVANCED_FACE('',(#680),#681,.F.);
#268=ADVANCED_FACE('',(#682),#683,.T.);
#269=ADVANCED_FACE('',(#684),#685,.T.);
#270=ADVANCED_FACE('',(#686),#687,.T.);
#271=ADVANCED_FACE('',(#688),#689,.T.);
#272=ADVANCED_FACE('',(#690),#691,.F.);
#273=ADVANCED_FACE('',(#692),#693,.F.);
#274=ADVANCED_FACE('',(#694),#695,.T.);
#275=ADVANCED_FACE('',(#696),#697,.T.);
#276=ADVANCED_FACE('',(#698),#699,.T.);
#277=ADVANCED_FACE('',(#700),#701,.T.);
#278=ADVANCED_FACE('',(#702),#703,.T.);
#279=ADVANCED_FACE('',(#704),#705,.T.);
#280=ADVANCED_FACE('',(#706),#707,.F.);
#281=ADVANCED_FACE('',(#708),#709,.T.);
#282=ADVANCED_FACE('',(#710),#711,.F.);
#283=ADVANCED_FACE('',(#712),#713,.T.);
#284=ADVANCED_FACE('',(#714),#715,.F.);
#285=ADVANCED_FACE('',(#716),#717,.T.);
#286=ADVANCED_FACE('',(#718),#719,.F.);
#287=ADVANCED_FACE('',(#720),#721,.F.);
#288=ADVANCED_FACE('',(#722),#723,.T.);
#289=ADVANCED_FACE('',(#724),#725,.T.);
#290=ADVANCED_FACE('',(#726),#727,.F.);
#291=ADVANCED_FACE('',(#728),#729,.T.);
#292=ADVANCED_FACE('',(#730),#731,.T.);
#293=ADVANCED_FACE('',(#732),#733,.T.);
#294=ADVANCED_FACE('',(#734),#735,.T.);
#295=ADVANCED_FACE('',(#736),#737,.T.);
#296=ADVANCED_FACE('',(#738),#739,.F.);
#297=ADVANCED_FACE('',(#740),#741,.T.);
#298=ADVANCED_FACE('',(#742),#743,.F.);
#299=ADVANCED_FACE('',(#744),#745,.F.);
#300=ADVANCED_FACE('',(#746),#747,.F.);
#301=ADVANCED_FACE('',(#748),#749,.F.);
#302=ADVANCED_FACE('',(#750),#751,.F.);
#303=ADVANCED_FACE('',(#752),#753,.F.);
#304=ADVANCED_FACE('',(#754),#755,.F.);
#305=ADVANCED_FACE('',(#756),#757,.F.);
#306=ADVANCED_FACE('',(#758),#759,.T.);
#307=ADVANCED_FACE('',(#760),#761,.T.);
#308=ADVANCED_FACE('',(#762),#763,.T.);
#309=ADVANCED_FACE('',(#764),#765,.T.);
#310=ADVANCED_FACE('',(#766),#767,.T.);
#311=ADVANCED_FACE('',(#768),#769,.T.);
#312=ADVANCED_FACE('',(#770),#771,.F.);
#313=ADVANCED_FACE('',(#772),#773,.T.);
#314=ADVANCED_FACE('',(#774),#775,.T.);
#315=ADVANCED_FACE('',(#776),#777,.T.);
#316=ADVANCED_FACE('',(#778),#779,.T.);
#317=ADVANCED_FACE('',(#780),#781,.F.);
#318=ADVANCED_FACE('',(#782),#783,.F.);
#319=ADVANCED_FACE('',(#784),#785,.T.);
#320=ADVANCED_FACE('',(#786),#787,.T.);
#321=ADVANCED_FACE('',(#788),#789,.T.);
#322=ADVANCED_FACE('',(#790),#791,.F.);
#323=ADVANCED_FACE('',(#792),#793,.F.);
#324=ADVANCED_FACE('',(#794),#795,.F.);
#325=ADVANCED_FACE('',(#796),#797,.F.);
#326=ADVANCED_FACE('',(#798),#799,.T.);
#327=ADVANCED_FACE('',(#800),#801,.T.);
#328=ADVANCED_FACE('',(#802),#803,.T.);
#329=ADVANCED_FACE('',(#804),#805,.T.);
#330=ADVANCED_FACE('',(#806),#807,.T.);
#331=ADVANCED_FACE('',(#808),#809,.F.);
#332=ADVANCED_FACE('',(#810),#811,.T.);
#333=ADVANCED_FACE('',(#812),#813,.T.);
#334=ADVANCED_FACE('',(#814),#815,.T.);
#335=ADVANCED_FACE('',(#816),#817,.F.);
#336=ADVANCED_FACE('',(#818),#819,.F.);
#337=ADVANCED_FACE('',(#820),#821,.T.);
#338=ADVANCED_FACE('',(#822),#823,.F.);
#339=ADVANCED_FACE('',(#824),#825,.T.);
#340=ADVANCED_FACE('',(#826),#827,.T.);
#341=ADVANCED_FACE('',(#828),#829,.T.);
#342=ADVANCED_FACE('',(#830),#831,.F.);
#344=FACE_OUTER_BOUND('',#832,.T.);
#345=CYLINDRICAL_SURFACE('',#833,2.0);
#346=FACE_OUTER_BOUND('',#834,.T.);
#347=PLANE('',#835);
#348=FACE_OUTER_BOUND('',#836,.T.);
#349=PLANE('',#837);
#350=FACE_OUTER_BOUND('',#838,.T.);
#351=PLANE('',#839);
#352=FACE_OUTER_BOUND('',#840,.T.);
#353=PLANE('',#841);
#354=FACE_OUTER_BOUND('',#842,.T.);
#355=PLANE('',#843);
#356=FACE_OUTER_BOUND('',#844,.T.);
#357=PLANE('',#845);
#358=FACE_OUTER_BOUND('',#846,.T.);
#359=PLANE('',#847);
#360=FACE_OUTER_BOUND('',#848,.T.);
#361=PLANE('',#849);
#362=FACE_OUTER_BOUND('',#850,.T.);
#363=CYLINDRICAL_SURFACE('',#851,1.1);
#364=FACE_OUTER_BOUND('',#852,.T.);
#365=PLANE('',#853);
#366=FACE_OUTER_BOUND('',#854,.T.);
#367=PLANE('',#855);
#368=FACE_OUTER_BOUND('',#856,.T.);
#369=CYLINDRICAL_SURFACE('',#857,0.2);
#370=FACE_OUTER_BOUND('',#858,.T.);
#371=PLANE('',#859);
#372=FACE_OUTER_BOUND('',#860,.T.);
#373=PLANE('',#861);
#374=FACE_OUTER_BOUND('',#862,.T.);
#375=PLANE('',#863);
#376=FACE_OUTER_BOUND('',#864,.T.);
#377=PLANE('',#865);
#378=FACE_OUTER_BOUND('',#866,.T.);
#379=PLANE('',#867);
#380=FACE_OUTER_BOUND('',#868,.T.);
#381=PLANE('',#869);
#382=FACE_OUTER_BOUND('',#870,.T.);
#383=PLANE('',#871);
#384=FACE_OUTER_BOUND('',#872,.T.);
#385=PLANE('',#873);
#386=FACE_OUTER_BOUND('',#874,.T.);
#387=PLANE('',#875);
#388=FACE_OUTER_BOUND('',#876,.T.);
#389=PLANE('',#877);
#390=FACE_OUTER_BOUND('',#878,.T.);
#391=CYLINDRICAL_SURFACE('',#879,2.0);
#392=FACE_OUTER_BOUND('',#880,.T.);
#393=PLANE('',#881);
#394=FACE_OUTER_BOUND('',#882,.T.);
#395=PLANE('',#883);
#396=FACE_OUTER_BOUND('',#884,.T.);
#397=PLANE('',#885);
#398=FACE_OUTER_BOUND('',#886,.T.);
#399=PLANE('',#887);
#400=FACE_OUTER_BOUND('',#888,.T.);
#401=PLANE('',#889);
#402=FACE_OUTER_BOUND('',#890,.T.);
#403=PLANE('',#891);
#404=FACE_OUTER_BOUND('',#892,.T.);
#405=PLANE('',#893);
#406=FACE_OUTER_BOUND('',#894,.T.);
#407=PLANE('',#895);
#408=FACE_OUTER_BOUND('',#896,.T.);
#409=PLANE('',#897);
#410=FACE_OUTER_BOUND('',#898,.T.);
#411=PLANE('',#899);
#412=FACE_OUTER_BOUND('',#900,.T.);
#413=PLANE('',#901);
#414=FACE_OUTER_BOUND('',#902,.T.);
#415=PLANE('',#903);
#416=FACE_OUTER_BOUND('',#904,.T.);
#417=PLANE('',#905);
#418=FACE_OUTER_BOUND('',#906,.T.);
#419=PLANE('',#907);
#420=FACE_OUTER_BOUND('',#908,.T.);
#421=PLANE('',#909);
#422=FACE_OUTER_BOUND('',#910,.T.);
#423=PLANE('',#911);
#424=FACE_OUTER_BOUND('',#912,.T.);
#425=PLANE('',#913);
#426=FACE_OUTER_BOUND('',#914,.T.);
#427=PLANE('',#915);
#428=FACE_OUTER_BOUND('',#916,.T.);
#429=PLANE('',#917);
#430=FACE_OUTER_BOUND('',#918,.T.);
#431=PLANE('',#919);
#432=FACE_OUTER_BOUND('',#920,.T.);
#433=PLANE('',#921);
#434=FACE_OUTER_BOUND('',#922,.T.);
#435=PLANE('',#923);
#436=FACE_OUTER_BOUND('',#924,.T.);
#437=PLANE('',#925);
#438=FACE_OUTER_BOUND('',#926,.T.);
#439=CYLINDRICAL_SURFACE('',#927,2.0);
#440=FACE_OUTER_BOUND('',#928,.T.);
#441=CYLINDRICAL_SURFACE('',#929,2.0);
#442=FACE_OUTER_BOUND('',#930,.T.);
#443=PLANE('',#931);
#444=FACE_OUTER_BOUND('',#932,.T.);
#445=PLANE('',#933);
#446=FACE_OUTER_BOUND('',#934,.T.);
#447=CYLINDRICAL_SURFACE('',#935,1.1);
#448=FACE_OUTER_BOUND('',#936,.T.);
#449=PLANE('',#937);
#450=FACE_OUTER_BOUND('',#938,.T.);
#451=PLANE('',#939);
#452=FACE_OUTER_BOUND('',#940,.T.);
#453=PLANE('',#941);
#454=FACE_OUTER_BOUND('',#942,.T.);
#455=PLANE('',#943);
#456=FACE_OUTER_BOUND('',#944,.T.);
#457=PLANE('',#945);
#458=FACE_OUTER_BOUND('',#946,.T.);
#459=PLANE('',#947);
#460=FACE_OUTER_BOUND('',#948,.T.);
#461=PLANE('',#949);
#462=FACE_OUTER_BOUND('',#950,.T.);
#463=PLANE('',#951);
#464=FACE_OUTER_BOUND('',#952,.T.);
#465=PLANE('',#953);
#466=FACE_OUTER_BOUND('',#954,.T.);
#467=PLANE('',#955);
#468=FACE_OUTER_BOUND('',#956,.T.);
#469=PLANE('',#957);
#470=FACE_OUTER_BOUND('',#958,.T.);
#471=PLANE('',#959);
#472=FACE_OUTER_BOUND('',#960,.T.);
#473=PLANE('',#961);
#474=FACE_OUTER_BOUND('',#962,.T.);
#475=PLANE('',#963);
#476=FACE_OUTER_BOUND('',#964,.T.);
#477=PLANE('',#965);
#478=FACE_OUTER_BOUND('',#966,.T.);
#479=PLANE('',#967);
#480=FACE_OUTER_BOUND('',#968,.T.);
#481=PLANE('',#969);
#482=FACE_OUTER_BOUND('',#970,.T.);
#483=PLANE('',#971);
#484=FACE_OUTER_BOUND('',#972,.T.);
#485=PLANE('',#973);
#486=FACE_OUTER_BOUND('',#974,.T.);
#487=PLANE('',#975);
#488=FACE_OUTER_BOUND('',#976,.T.);
#489=PLANE('',#977);
#490=FACE_OUTER_BOUND('',#978,.T.);
#491=PLANE('',#979);
#492=FACE_OUTER_BOUND('',#980,.T.);
#493=PLANE('',#981);
#494=FACE_OUTER_BOUND('',#982,.T.);
#495=CYLINDRICAL_SURFACE('',#983,2.0);
#496=FACE_OUTER_BOUND('',#984,.T.);
#497=PLANE('',#985);
#498=FACE_OUTER_BOUND('',#986,.T.);
#499=PLANE('',#987);
#500=FACE_OUTER_BOUND('',#988,.T.);
#501=PLANE('',#989);
#502=FACE_OUTER_BOUND('',#990,.T.);
#503=PLANE('',#991);
#504=FACE_OUTER_BOUND('',#992,.T.);
#505=PLANE('',#993);
#506=FACE_OUTER_BOUND('',#994,.T.);
#507=PLANE('',#995);
#508=FACE_OUTER_BOUND('',#996,.T.);
#509=PLANE('',#997);
#510=FACE_OUTER_BOUND('',#998,.T.);
#511=CYLINDRICAL_SURFACE('',#999,0.2);
#512=FACE_OUTER_BOUND('',#1000,.T.);
#513=CYLINDRICAL_SURFACE('',#1001,0.2);
#514=FACE_OUTER_BOUND('',#1002,.T.);
#515=PLANE('',#1003);
#516=FACE_OUTER_BOUND('',#1004,.T.);
#517=PLANE('',#1005);
#518=FACE_OUTER_BOUND('',#1006,.T.);
#519=PLANE('',#1007);
#520=FACE_OUTER_BOUND('',#1008,.T.);
#521=PLANE('',#1009);
#522=FACE_OUTER_BOUND('',#1010,.T.);
#523=PLANE('',#1011);
#524=FACE_OUTER_BOUND('',#1012,.T.);
#525=PLANE('',#1013);
#526=FACE_OUTER_BOUND('',#1014,.T.);
#527=PLANE('',#1015);
#528=FACE_OUTER_BOUND('',#1016,.T.);
#529=PLANE('',#1017);
#530=FACE_OUTER_BOUND('',#1018,.T.);
#531=PLANE('',#1019);
#532=FACE_OUTER_BOUND('',#1020,.T.);
#533=PLANE('',#1021);
#534=FACE_OUTER_BOUND('',#1022,.T.);
#535=CYLINDRICAL_SURFACE('',#1023,1.1);
#536=FACE_OUTER_BOUND('',#1024,.T.);
#537=PLANE('',#1025);
#538=FACE_OUTER_BOUND('',#1026,.T.);
#539=PLANE('',#1027);
#540=FACE_OUTER_BOUND('',#1028,.T.);
#541=PLANE('',#1029);
#542=FACE_OUTER_BOUND('',#1030,.T.);
#543=PLANE('',#1031);
#544=FACE_OUTER_BOUND('',#1032,.T.);
#545=PLANE('',#1033);
#546=FACE_OUTER_BOUND('',#1034,.T.);
#547=PLANE('',#1035);
#548=FACE_OUTER_BOUND('',#1036,.T.);
#549=PLANE('',#1037);
#550=FACE_OUTER_BOUND('',#1038,.T.);
#551=PLANE('',#1039);
#552=FACE_OUTER_BOUND('',#1040,.T.);
#553=PLANE('',#1041);
#554=FACE_OUTER_BOUND('',#1042,.T.);
#555=PLANE('',#1043);
#556=FACE_OUTER_BOUND('',#1044,.T.);
#557=PLANE('',#1045);
#558=FACE_OUTER_BOUND('',#1046,.T.);
#559=PLANE('',#1047);
#560=FACE_OUTER_BOUND('',#1048,.T.);
#561=PLANE('',#1049);
#562=FACE_OUTER_BOUND('',#1050,.T.);
#563=PLANE('',#1051);
#564=FACE_OUTER_BOUND('',#1052,.T.);
#565=CYLINDRICAL_SURFACE('',#1053,2.0);
#566=FACE_OUTER_BOUND('',#1054,.T.);
#567=PLANE('',#1055);
#568=FACE_OUTER_BOUND('',#1056,.T.);
#569=PLANE('',#1057);
#570=FACE_OUTER_BOUND('',#1058,.T.);
#571=PLANE('',#1059);
#572=FACE_OUTER_BOUND('',#1060,.T.);
#573=PLANE('',#1061);
#574=FACE_OUTER_BOUND('',#1062,.T.);
#575=PLANE('',#1063);
#576=FACE_OUTER_BOUND('',#1064,.T.);
#577=PLANE('',#1065);
#578=FACE_OUTER_BOUND('',#1066,.T.);
#579=PLANE('',#1067);
#580=FACE_OUTER_BOUND('',#1068,.T.);
#581=PLANE('',#1069);
#582=FACE_OUTER_BOUND('',#1070,.T.);
#583=PLANE('',#1071);
#584=FACE_OUTER_BOUND('',#1072,.T.);
#585=PLANE('',#1073);
#586=FACE_OUTER_BOUND('',#1074,.T.);
#587=PLANE('',#1075);
#588=FACE_OUTER_BOUND('',#1076,.T.);
#589=CYLINDRICAL_SURFACE('',#1077,2.0);
#590=FACE_OUTER_BOUND('',#1078,.T.);
#591=CYLINDRICAL_SURFACE('',#1079,2.0);
#592=FACE_OUTER_BOUND('',#1080,.T.);
#593=PLANE('',#1081);
#594=FACE_OUTER_BOUND('',#1082,.T.);
#595=PLANE('',#1083);
#596=FACE_OUTER_BOUND('',#1084,.T.);
#597=CYLINDRICAL_SURFACE('',#1085,1.1);
#598=FACE_OUTER_BOUND('',#1086,.T.);
#599=PLANE('',#1087);
#600=FACE_OUTER_BOUND('',#1088,.T.);
#601=PLANE('',#1089);
#602=FACE_OUTER_BOUND('',#1090,.T.);
#603=PLANE('',#1091);
#604=FACE_OUTER_BOUND('',#1092,.T.);
#605=PLANE('',#1093);
#606=FACE_OUTER_BOUND('',#1094,.T.);
#607=PLANE('',#1095);
#608=FACE_OUTER_BOUND('',#1096,.T.);
#609=PLANE('',#1097);
#610=FACE_OUTER_BOUND('',#1098,.T.);
#611=PLANE('',#1099);
#612=FACE_OUTER_BOUND('',#1100,.T.);
#613=PLANE('',#1101);
#614=FACE_OUTER_BOUND('',#1102,.T.);
#615=PLANE('',#1103);
#616=FACE_OUTER_BOUND('',#1104,.T.);
#617=PLANE('',#1105);
#618=FACE_OUTER_BOUND('',#1106,.T.);
#619=PLANE('',#1107);
#620=FACE_OUTER_BOUND('',#1108,.T.);
#621=PLANE('',#1109);
#622=FACE_OUTER_BOUND('',#1110,.T.);
#623=PLANE('',#1111);
#624=FACE_OUTER_BOUND('',#1112,.T.);
#625=PLANE('',#1113);
#626=FACE_OUTER_BOUND('',#1114,.T.);
#627=PLANE('',#1115);
#628=FACE_OUTER_BOUND('',#1116,.T.);
#629=PLANE('',#1117);
#630=FACE_OUTER_BOUND('',#1118,.T.);
#631=PLANE('',#1119);
#632=FACE_OUTER_BOUND('',#1120,.T.);
#633=PLANE('',#1121);
#634=FACE_OUTER_BOUND('',#1122,.T.);
#635=PLANE('',#1123);
#636=FACE_OUTER_BOUND('',#1124,.T.);
#637=PLANE('',#1125);
#638=FACE_OUTER_BOUND('',#1126,.T.);
#639=PLANE('',#1127);
#640=FACE_OUTER_BOUND('',#1128,.T.);
#641=PLANE('',#1129);
#642=FACE_OUTER_BOUND('',#1130,.T.);
#643=PLANE('',#1131);
#644=FACE_OUTER_BOUND('',#1132,.T.);
#645=CYLINDRICAL_SURFACE('',#1133,2.0);
#646=FACE_OUTER_BOUND('',#1134,.T.);
#647=PLANE('',#1135);
#648=FACE_OUTER_BOUND('',#1136,.T.);
#649=PLANE('',#1137);
#650=FACE_OUTER_BOUND('',#1138,.T.);
#651=PLANE('',#1139);
#652=FACE_OUTER_BOUND('',#1140,.T.);
#653=PLANE('',#1141);
#654=FACE_OUTER_BOUND('',#1142,.T.);
#655=PLANE('',#1143);
#656=FACE_OUTER_BOUND('',#1144,.T.);
#657=PLANE('',#1145);
#658=FACE_OUTER_BOUND('',#1146,.T.);
#659=PLANE('',#1147);
#660=FACE_OUTER_BOUND('',#1148,.T.);
#661=CYLINDRICAL_SURFACE('',#1149,0.2);
#662=FACE_OUTER_BOUND('',#1150,.T.);
#663=CYLINDRICAL_SURFACE('',#1151,0.2);
#664=FACE_OUTER_BOUND('',#1152,.T.);
#665=PLANE('',#1153);
#666=FACE_OUTER_BOUND('',#1154,.T.);
#667=PLANE('',#1155);
#668=FACE_OUTER_BOUND('',#1156,.T.);
#669=PLANE('',#1157);
#670=FACE_OUTER_BOUND('',#1158,.T.);
#671=PLANE('',#1159);
#672=FACE_OUTER_BOUND('',#1160,.T.);
#673=PLANE('',#1161);
#674=FACE_OUTER_BOUND('',#1162,.T.);
#675=PLANE('',#1163);
#676=FACE_OUTER_BOUND('',#1164,.T.);
#677=PLANE('',#1165);
#678=FACE_OUTER_BOUND('',#1166,.T.);
#679=PLANE('',#1167);
#680=FACE_OUTER_BOUND('',#1168,.T.);
#681=PLANE('',#1169);
#682=FACE_OUTER_BOUND('',#1170,.T.);
#683=PLANE('',#1171);
#684=FACE_OUTER_BOUND('',#1172,.T.);
#685=CYLINDRICAL_SURFACE('',#1173,1.1);
#686=FACE_OUTER_BOUND('',#1174,.T.);
#687=PLANE('',#1175);
#688=FACE_OUTER_BOUND('',#1176,.T.);
#689=PLANE('',#1177);
#690=FACE_OUTER_BOUND('',#1178,.T.);
#691=PLANE('',#1179);
#692=FACE_OUTER_BOUND('',#1180,.T.);
#693=PLANE('',#1181);
#694=FACE_OUTER_BOUND('',#1182,.T.);
#695=PLANE('',#1183);
#696=FACE_OUTER_BOUND('',#1184,.T.);
#697=PLANE('',#1185);
#698=FACE_OUTER_BOUND('',#1186,.T.);
#699=PLANE('',#1187);
#700=FACE_OUTER_BOUND('',#1188,.T.);
#701=PLANE('',#1189);
#702=FACE_OUTER_BOUND('',#1190,.T.);
#703=PLANE('',#1191);
#704=FACE_OUTER_BOUND('',#1192,.T.);
#705=PLANE('',#1193);
#706=FACE_OUTER_BOUND('',#1194,.T.);
#707=PLANE('',#1195);
#708=FACE_OUTER_BOUND('',#1196,.T.);
#709=PLANE('',#1197);
#710=FACE_OUTER_BOUND('',#1198,.T.);
#711=PLANE('',#1199);
#712=FACE_OUTER_BOUND('',#1200,.T.);
#713=PLANE('',#1201);
#714=FACE_OUTER_BOUND('',#1202,.T.);
#715=CYLINDRICAL_SURFACE('',#1203,2.0);
#716=FACE_OUTER_BOUND('',#1204,.T.);
#717=PLANE('',#1205);
#718=FACE_OUTER_BOUND('',#1206,.T.);
#719=PLANE('',#1207);
#720=FACE_OUTER_BOUND('',#1208,.T.);
#721=PLANE('',#1209);
#722=FACE_OUTER_BOUND('',#1210,.T.);
#723=PLANE('',#1211);
#724=FACE_OUTER_BOUND('',#1212,.T.);
#725=PLANE('',#1213);
#726=FACE_OUTER_BOUND('',#1214,.T.);
#727=PLANE('',#1215);
#728=FACE_OUTER_BOUND('',#1216,.T.);
#729=PLANE('',#1217);
#730=FACE_OUTER_BOUND('',#1218,.T.);
#731=PLANE('',#1219);
#732=FACE_OUTER_BOUND('',#1220,.T.);
#733=PLANE('',#1221);
#734=FACE_OUTER_BOUND('',#1222,.T.);
#735=PLANE('',#1223);
#736=FACE_OUTER_BOUND('',#1224,.T.);
#737=PLANE('',#1225);
#738=FACE_OUTER_BOUND('',#1226,.T.);
#739=CYLINDRICAL_SURFACE('',#1227,2.0);
#740=FACE_OUTER_BOUND('',#1228,.T.);
#741=PLANE('',#1229);
#742=FACE_OUTER_BOUND('',#1230,.T.);
#743=PLANE('',#1231);
#744=FACE_OUTER_BOUND('',#1232,.T.);
#745=PLANE('',#1233);
#746=FACE_OUTER_BOUND('',#1234,.T.);
#747=PLANE('',#1235);
#748=FACE_OUTER_BOUND('',#1236,.T.);
#749=PLANE('',#1237);
#750=FACE_OUTER_BOUND('',#1238,.T.);
#751=PLANE('',#1239);
#752=FACE_OUTER_BOUND('',#1240,.T.);
#753=PLANE('',#1241);
#754=FACE_OUTER_BOUND('',#1242,.T.);
#755=PLANE('',#1243);
#756=FACE_OUTER_BOUND('',#1244,.T.);
#757=PLANE('',#1245);
#758=FACE_OUTER_BOUND('',#1246,.T.);
#759=PLANE('',#1247);
#760=FACE_OUTER_BOUND('',#1248,.T.);
#761=CYLINDRICAL_SURFACE('',#1249,1.1);
#762=FACE_OUTER_BOUND('',#1250,.T.);
#763=PLANE('',#1251);
#764=FACE_OUTER_BOUND('',#1252,.T.);
#765=PLANE('',#1253);
#766=FACE_OUTER_BOUND('',#1254,.T.);
#767=PLANE('',#1255);
#768=FACE_OUTER_BOUND('',#1256,.T.);
#769=PLANE('',#1257);
#770=FACE_OUTER_BOUND('',#1258,.T.);
#771=PLANE('',#1259);
#772=FACE_OUTER_BOUND('',#1260,.T.);
#773=PLANE('',#1261);
#774=FACE_OUTER_BOUND('',#1262,.T.);
#775=PLANE('',#1263);
#776=FACE_OUTER_BOUND('',#1264,.T.);
#777=PLANE('',#1265);
#778=FACE_OUTER_BOUND('',#1266,.T.);
#779=PLANE('',#1267);
#780=FACE_OUTER_BOUND('',#1268,.T.);
#781=PLANE('',#1269);
#782=FACE_OUTER_BOUND('',#1270,.T.);
#783=PLANE('',#1271);
#784=FACE_OUTER_BOUND('',#1272,.T.);
#785=PLANE('',#1273);
#786=FACE_OUTER_BOUND('',#1274,.T.);
#787=PLANE('',#1275);
#788=FACE_OUTER_BOUND('',#1276,.T.);
#789=CYLINDRICAL_SURFACE('',#1277,0.2);
#790=FACE_OUTER_BOUND('',#1278,.T.);
#791=PLANE('',#1279);
#792=FACE_OUTER_BOUND('',#1280,.T.);
#793=PLANE('',#1281);
#794=FACE_OUTER_BOUND('',#1282,.T.);
#795=PLANE('',#1283);
#796=FACE_OUTER_BOUND('',#1284,.T.);
#797=PLANE('',#1285);
#798=FACE_OUTER_BOUND('',#1286,.T.);
#799=PLANE('',#1287);
#800=FACE_OUTER_BOUND('',#1288,.T.);
#801=PLANE('',#1289);
#802=FACE_OUTER_BOUND('',#1290,.T.);
#803=PLANE('',#1291);
#804=FACE_OUTER_BOUND('',#1292,.T.);
#805=PLANE('',#1293);
#806=FACE_OUTER_BOUND('',#1294,.T.);
#807=PLANE('',#1295);
#808=FACE_OUTER_BOUND('',#1296,.T.);
#809=PLANE('',#1297);
#810=FACE_OUTER_BOUND('',#1298,.T.);
#811=PLANE('',#1299);
#812=FACE_OUTER_BOUND('',#1300,.T.);
#813=PLANE('',#1301);
#814=FACE_OUTER_BOUND('',#1302,.T.);
#815=PLANE('',#1303);
#816=FACE_OUTER_BOUND('',#1304,.T.);
#817=CYLINDRICAL_SURFACE('',#1305,2.0);
#818=FACE_OUTER_BOUND('',#1306,.T.);
#819=PLANE('',#1307);
#820=FACE_OUTER_BOUND('',#1308,.T.);
#821=PLANE('',#1309);
#822=FACE_OUTER_BOUND('',#1310,.T.);
#823=PLANE('',#1311);
#824=FACE_OUTER_BOUND('',#1312,.T.);
#825=PLANE('',#1313);
#826=FACE_OUTER_BOUND('',#1314,.T.);
#827=PLANE('',#1315);
#828=FACE_OUTER_BOUND('',#1316,.T.);
#829=PLANE('',#1317);
#830=FACE_OUTER_BOUND('',#1318,.T.);
#831=PLANE('',#1319);
#832=EDGE_LOOP('',(#1320,#1321,#1322,#1323,#1324,#1325));
#833=AXIS2_PLACEMENT_3D('',#1326,#1327,#1328);
#834=EDGE_LOOP('',(#1329,#1330,#1331,#1332));
#835=AXIS2_PLACEMENT_3D('',#1333,#1334,#1335);
#836=EDGE_LOOP('',(#1336,#1337,#1338,#1339));
#837=AXIS2_PLACEMENT_3D('',#1340,#1341,#1342);
#838=EDGE_LOOP('',(#1343,#1344,#1345,#1346));
#839=AXIS2_PLACEMENT_3D('',#1347,#1348,#1349);
#840=EDGE_LOOP('',(#1350,#1351,#1352,#1353));
#841=AXIS2_PLACEMENT_3D('',#1354,#1355,#1356);
#842=EDGE_LOOP('',(#1357,#1358,#1359,#1360));
#843=AXIS2_PLACEMENT_3D('',#1361,#1362,#1363);
#844=EDGE_LOOP('',(#1364,#1365,#1366,#1367));
#845=AXIS2_PLACEMENT_3D('',#1368,#1369,#1370);
#846=EDGE_LOOP('',(#1371,#1372,#1373,#1374,#1375,#1376,#1377,#1378));
#847=AXIS2_PLACEMENT_3D('',#1379,#1380,#1381);
#848=EDGE_LOOP('',(#1382,#1383,#1384,#1385,#1386,#1387));
#849=AXIS2_PLACEMENT_3D('',#1388,#1389,#1390);
#850=EDGE_LOOP('',(#1391,#1392,#1393,#1394));
#851=AXIS2_PLACEMENT_3D('',#1395,#1396,#1397);
#852=EDGE_LOOP('',(#1398,#1399,#1400,#1401,#1402,#1403,#1404,#1405));
#853=AXIS2_PLACEMENT_3D('',#1406,#1407,#1408);
#854=EDGE_LOOP('',(#1409,#1410,#1411,#1412));
#855=AXIS2_PLACEMENT_3D('',#1413,#1414,#1415);
#856=EDGE_LOOP('',(#1416,#1417,#1418,#1419));
#857=AXIS2_PLACEMENT_3D('',#1420,#1421,#1422);
#858=EDGE_LOOP('',(#1423,#1424,#1425,#1426,#1427,#1428,#1429,#1430,#1431));
#859=AXIS2_PLACEMENT_3D('',#1432,#1433,#1434);
#860=EDGE_LOOP('',(#1435,#1436,#1437,#1438));
#861=AXIS2_PLACEMENT_3D('',#1439,#1440,#1441);
#862=EDGE_LOOP('',(#1442,#1443,#1444,#1445));
#863=AXIS2_PLACEMENT_3D('',#1446,#1447,#1448);
#864=EDGE_LOOP('',(#1449,#1450,#1451,#1452));
#865=AXIS2_PLACEMENT_3D('',#1453,#1454,#1455);
#866=EDGE_LOOP('',(#1456,#1457,#1458,#1459));
#867=AXIS2_PLACEMENT_3D('',#1460,#1461,#1462);
#868=EDGE_LOOP('',(#1463,#1464,#1465,#1466));
#869=AXIS2_PLACEMENT_3D('',#1467,#1468,#1469);
#870=EDGE_LOOP('',(#1470,#1471,#1472));
#871=AXIS2_PLACEMENT_3D('',#1473,#1474,#1475);
#872=EDGE_LOOP('',(#1476,#1477,#1478,#1479,#1480));
#873=AXIS2_PLACEMENT_3D('',#1481,#1482,#1483);
#874=EDGE_LOOP('',(#1484,#1485,#1486,#1487));
#875=AXIS2_PLACEMENT_3D('',#1488,#1489,#1490);
#876=EDGE_LOOP('',(#1491,#1492,#1493));
#877=AXIS2_PLACEMENT_3D('',#1494,#1495,#1496);
#878=EDGE_LOOP('',(#1497,#1498,#1499,#1500,#1501,#1502));
#879=AXIS2_PLACEMENT_3D('',#1503,#1504,#1505);
#880=EDGE_LOOP('',(#1506,#1507,#1508,#1509));
#881=AXIS2_PLACEMENT_3D('',#1510,#1511,#1512);
#882=EDGE_LOOP('',(#1513,#1514,#1515,#1516));
#883=AXIS2_PLACEMENT_3D('',#1517,#1518,#1519);
#884=EDGE_LOOP('',(#1520,#1521,#1522,#1523));
#885=AXIS2_PLACEMENT_3D('',#1524,#1525,#1526);
#886=EDGE_LOOP('',(#1527,#1528,#1529,#1530,#1531,#1532,#1533));
#887=AXIS2_PLACEMENT_3D('',#1534,#1535,#1536);
#888=EDGE_LOOP('',(#1537,#1538,#1539,#1540));
#889=AXIS2_PLACEMENT_3D('',#1541,#1542,#1543);
#890=EDGE_LOOP('',(#1544,#1545,#1546,#1547));
#891=AXIS2_PLACEMENT_3D('',#1548,#1549,#1550);
#892=EDGE_LOOP('',(#1551,#1552,#1553,#1554));
#893=AXIS2_PLACEMENT_3D('',#1555,#1556,#1557);
#894=EDGE_LOOP('',(#1558,#1559,#1560,#1561,#1562));
#895=AXIS2_PLACEMENT_3D('',#1563,#1564,#1565);
#896=EDGE_LOOP('',(#1566,#1567,#1568,#1569));
#897=AXIS2_PLACEMENT_3D('',#1570,#1571,#1572);
#898=EDGE_LOOP('',(#1573,#1574,#1575,#1576,#1577));
#899=AXIS2_PLACEMENT_3D('',#1578,#1579,#1580);
#900=EDGE_LOOP('',(#1581,#1582,#1583,#1584,#1585,#1586,#1587,#1588,#1589,#1590,#1591,#1592));
#901=AXIS2_PLACEMENT_3D('',#1593,#1594,#1595);
#902=EDGE_LOOP('',(#1596,#1597,#1598,#1599,#1600,#1601));
#903=AXIS2_PLACEMENT_3D('',#1602,#1603,#1604);
#904=EDGE_LOOP('',(#1605,#1606,#1607,#1608));
#905=AXIS2_PLACEMENT_3D('',#1609,#1610,#1611);
#906=EDGE_LOOP('',(#1612,#1613,#1614,#1615));
#907=AXIS2_PLACEMENT_3D('',#1616,#1617,#1618);
#908=EDGE_LOOP('',(#1619,#1620,#1621,#1622));
#909=AXIS2_PLACEMENT_3D('',#1623,#1624,#1625);
#910=EDGE_LOOP('',(#1626,#1627,#1628,#1629,#1630,#1631));
#911=AXIS2_PLACEMENT_3D('',#1632,#1633,#1634);
#912=EDGE_LOOP('',(#1635,#1636,#1637,#1638,#1639,#1640,#1641,#1642,#1643,#1644,#1645,#1646,#1647));
#913=AXIS2_PLACEMENT_3D('',#1648,#1649,#1650);
#914=EDGE_LOOP('',(#1651,#1652,#1653,#1654,#1655,#1656,#1657,#1658));
#915=AXIS2_PLACEMENT_3D('',#1659,#1660,#1661);
#916=EDGE_LOOP('',(#1662,#1663,#1664,#1665,#1666));
#917=AXIS2_PLACEMENT_3D('',#1667,#1668,#1669);
#918=EDGE_LOOP('',(#1670,#1671,#1672,#1673));
#919=AXIS2_PLACEMENT_3D('',#1674,#1675,#1676);
#920=EDGE_LOOP('',(#1677,#1678,#1679,#1680));
#921=AXIS2_PLACEMENT_3D('',#1681,#1682,#1683);
#922=EDGE_LOOP('',(#1684,#1685,#1686,#1687,#1688,#1689,#1690,#1691,#1692,#1693,#1694,#1695,#1696,#1697,#1698,#1699,#1700,#1701,#1702,#1703,#1704,#1705,#1706,#1707,#1708,#1709,#1710,#1711,#1712,#1713,#1714,#1715,#1716,#1717));
#923=AXIS2_PLACEMENT_3D('',#1718,#1719,#1720);
#924=EDGE_LOOP('',(#1721,#1722,#1723,#1724,#1725,#1726,#1727));
#925=AXIS2_PLACEMENT_3D('',#1728,#1729,#1730);
#926=EDGE_LOOP('',(#1731,#1732,#1733,#1734,#1735,#1736));
#927=AXIS2_PLACEMENT_3D('',#1737,#1738,#1739);
#928=EDGE_LOOP('',(#1740,#1741,#1742,#1743,#1744,#1745));
#929=AXIS2_PLACEMENT_3D('',#1746,#1747,#1748);
#930=EDGE_LOOP('',(#1749,#1750,#1751,#1752));
#931=AXIS2_PLACEMENT_3D('',#1753,#1754,#1755);
#932=EDGE_LOOP('',(#1756,#1757,#1758,#1759));
#933=AXIS2_PLACEMENT_3D('',#1760,#1761,#1762);
#934=EDGE_LOOP('',(#1763,#1764,#1765,#1766));
#935=AXIS2_PLACEMENT_3D('',#1767,#1768,#1769);
#936=EDGE_LOOP('',(#1770,#1771,#1772,#1773,#1774));
#937=AXIS2_PLACEMENT_3D('',#1775,#1776,#1777);
#938=EDGE_LOOP('',(#1778,#1779,#1780,#1781,#1782,#1783,#1784,#1785,#1786,#1787,#1788,#1789,#1790,#1791,#1792,#1793,#1794,#1795,#1796,#1797,#1798,#1799,#1800,#1801,#1802,#1803,#1804,#1805,#1806,#1807,#1808,#1809,#1810,#1811));
#939=AXIS2_PLACEMENT_3D('',#1812,#1813,#1814);
#940=EDGE_LOOP('',(#1815,#1816,#1817));
#941=AXIS2_PLACEMENT_3D('',#1818,#1819,#1820);
#942=EDGE_LOOP('',(#1821,#1822,#1823,#1824));
#943=AXIS2_PLACEMENT_3D('',#1825,#1826,#1827);
#944=EDGE_LOOP('',(#1828,#1829,#1830,#1831,#1832,#1833,#1834,#1835));
#945=AXIS2_PLACEMENT_3D('',#1836,#1837,#1838);
#946=EDGE_LOOP('',(#1839,#1840,#1841,#1842));
#947=AXIS2_PLACEMENT_3D('',#1843,#1844,#1845);
#948=EDGE_LOOP('',(#1846,#1847,#1848,#1849,#1850,#1851,#1852,#1853));
#949=AXIS2_PLACEMENT_3D('',#1854,#1855,#1856);
#950=EDGE_LOOP('',(#1857,#1858,#1859,#1860,#1861,#1862,#1863));
#951=AXIS2_PLACEMENT_3D('',#1864,#1865,#1866);
#952=EDGE_LOOP('',(#1867,#1868,#1869,#1870));
#953=AXIS2_PLACEMENT_3D('',#1871,#1872,#1873);
#954=EDGE_LOOP('',(#1874,#1875,#1876,#1877));
#955=AXIS2_PLACEMENT_3D('',#1878,#1879,#1880);
#956=EDGE_LOOP('',(#1881,#1882,#1883,#1884,#1885,#1886));
#957=AXIS2_PLACEMENT_3D('',#1887,#1888,#1889);
#958=EDGE_LOOP('',(#1890,#1891,#1892,#1893));
#959=AXIS2_PLACEMENT_3D('',#1894,#1895,#1896);
#960=EDGE_LOOP('',(#1897,#1898,#1899,#1900,#1901,#1902,#1903,#1904,#1905,#1906,#1907,#1908));
#961=AXIS2_PLACEMENT_3D('',#1909,#1910,#1911);
#962=EDGE_LOOP('',(#1912,#1913,#1914,#1915,#1916));
#963=AXIS2_PLACEMENT_3D('',#1917,#1918,#1919);
#964=EDGE_LOOP('',(#1920,#1921,#1922,#1923));
#965=AXIS2_PLACEMENT_3D('',#1924,#1925,#1926);
#966=EDGE_LOOP('',(#1927,#1928,#1929,#1930,#1931));
#967=AXIS2_PLACEMENT_3D('',#1932,#1933,#1934);
#968=EDGE_LOOP('',(#1935,#1936,#1937,#1938));
#969=AXIS2_PLACEMENT_3D('',#1939,#1940,#1941);
#970=EDGE_LOOP('',(#1942,#1943,#1944,#1945));
#971=AXIS2_PLACEMENT_3D('',#1946,#1947,#1948);
#972=EDGE_LOOP('',(#1949,#1950,#1951,#1952,#1953));
#973=AXIS2_PLACEMENT_3D('',#1954,#1955,#1956);
#974=EDGE_LOOP('',(#1957,#1958,#1959,#1960));
#975=AXIS2_PLACEMENT_3D('',#1961,#1962,#1963);
#976=EDGE_LOOP('',(#1964,#1965,#1966,#1967));
#977=AXIS2_PLACEMENT_3D('',#1968,#1969,#1970);
#978=EDGE_LOOP('',(#1971,#1972,#1973,#1974,#1975));
#979=AXIS2_PLACEMENT_3D('',#1976,#1977,#1978);
#980=EDGE_LOOP('',(#1979,#1980,#1981,#1982));
#981=AXIS2_PLACEMENT_3D('',#1983,#1984,#1985);
#982=EDGE_LOOP('',(#1986,#1987,#1988,#1989,#1990,#1991));
#983=AXIS2_PLACEMENT_3D('',#1992,#1993,#1994);
#984=EDGE_LOOP('',(#1995,#1996,#1997));
#985=AXIS2_PLACEMENT_3D('',#1998,#1999,#2000);
#986=EDGE_LOOP('',(#2001,#2002,#2003,#2004));
#987=AXIS2_PLACEMENT_3D('',#2005,#2006,#2007);
#988=EDGE_LOOP('',(#2008,#2009,#2010,#2011,#2012));
#989=AXIS2_PLACEMENT_3D('',#2013,#2014,#2015);
#990=EDGE_LOOP('',(#2016,#2017,#2018,#2019));
#991=AXIS2_PLACEMENT_3D('',#2020,#2021,#2022);
#992=EDGE_LOOP('',(#2023,#2024,#2025,#2026));
#993=AXIS2_PLACEMENT_3D('',#2027,#2028,#2029);
#994=EDGE_LOOP('',(#2030,#2031,#2032,#2033));
#995=AXIS2_PLACEMENT_3D('',#2034,#2035,#2036);
#996=EDGE_LOOP('',(#2037,#2038,#2039,#2040,#2041,#2042,#2043,#2044,#2045));
#997=AXIS2_PLACEMENT_3D('',#2046,#2047,#2048);
#998=EDGE_LOOP('',(#2049,#2050,#2051,#2052));
#999=AXIS2_PLACEMENT_3D('',#2053,#2054,#2055);
#1000=EDGE_LOOP('',(#2056,#2057,#2058,#2059));
#1001=AXIS2_PLACEMENT_3D('',#2060,#2061,#2062);
#1002=EDGE_LOOP('',(#2063,#2064,#2065,#2066,#2067,#2068,#2069,#2070,#2071));
#1003=AXIS2_PLACEMENT_3D('',#2072,#2073,#2074);
#1004=EDGE_LOOP('',(#2075,#2076,#2077,#2078));
#1005=AXIS2_PLACEMENT_3D('',#2079,#2080,#2081);
#1006=EDGE_LOOP('',(#2082,#2083,#2084,#2085));
#1007=AXIS2_PLACEMENT_3D('',#2086,#2087,#2088);
#1008=EDGE_LOOP('',(#2089,#2090,#2091,#2092));
#1009=AXIS2_PLACEMENT_3D('',#2093,#2094,#2095);
#1010=EDGE_LOOP('',(#2096,#2097,#2098,#2099));
#1011=AXIS2_PLACEMENT_3D('',#2100,#2101,#2102);
#1012=EDGE_LOOP('',(#2103,#2104,#2105,#2106));
#1013=AXIS2_PLACEMENT_3D('',#2107,#2108,#2109);
#1014=EDGE_LOOP('',(#2110,#2111,#2112,#2113,#2114,#2115,#2116,#2117));
#1015=AXIS2_PLACEMENT_3D('',#2118,#2119,#2120);
#1016=EDGE_LOOP('',(#2121,#2122,#2123,#2124));
#1017=AXIS2_PLACEMENT_3D('',#2125,#2126,#2127);
#1018=EDGE_LOOP('',(#2128,#2129,#2130,#2131,#2132,#2133,#2134,#2135));
#1019=AXIS2_PLACEMENT_3D('',#2136,#2137,#2138);
#1020=EDGE_LOOP('',(#2139,#2140,#2141,#2142,#2143,#2144));
#1021=AXIS2_PLACEMENT_3D('',#2145,#2146,#2147);
#1022=EDGE_LOOP('',(#2148,#2149,#2150,#2151));
#1023=AXIS2_PLACEMENT_3D('',#2152,#2153,#2154);
#1024=EDGE_LOOP('',(#2155,#2156,#2157,#2158));
#1025=AXIS2_PLACEMENT_3D('',#2159,#2160,#2161);
#1026=EDGE_LOOP('',(#2162,#2163,#2164,#2165));
#1027=AXIS2_PLACEMENT_3D('',#2166,#2167,#2168);
#1028=EDGE_LOOP('',(#2169,#2170,#2171,#2172));
#1029=AXIS2_PLACEMENT_3D('',#2173,#2174,#2175);
#1030=EDGE_LOOP('',(#2176,#2177,#2178,#2179,#2180));
#1031=AXIS2_PLACEMENT_3D('',#2181,#2182,#2183);
#1032=EDGE_LOOP('',(#2184,#2185,#2186,#2187,#2188,#2189,#2190));
#1033=AXIS2_PLACEMENT_3D('',#2191,#2192,#2193);
#1034=EDGE_LOOP('',(#2194,#2195,#2196,#2197,#2198,#2199,#2200,#2201,#2202,#2203,#2204,#2205));
#1035=AXIS2_PLACEMENT_3D('',#2206,#2207,#2208);
#1036=EDGE_LOOP('',(#2209,#2210,#2211,#2212));
#1037=AXIS2_PLACEMENT_3D('',#2213,#2214,#2215);
#1038=EDGE_LOOP('',(#2216,#2217,#2218,#2219));
#1039=AXIS2_PLACEMENT_3D('',#2220,#2221,#2222);
#1040=EDGE_LOOP('',(#2223,#2224,#2225,#2226));
#1041=AXIS2_PLACEMENT_3D('',#2227,#2228,#2229);
#1042=EDGE_LOOP('',(#2230,#2231,#2232));
#1043=AXIS2_PLACEMENT_3D('',#2233,#2234,#2235);
#1044=EDGE_LOOP('',(#2236,#2237,#2238,#2239));
#1045=AXIS2_PLACEMENT_3D('',#2240,#2241,#2242);
#1046=EDGE_LOOP('',(#2243,#2244,#2245,#2246,#2247));
#1047=AXIS2_PLACEMENT_3D('',#2248,#2249,#2250);
#1048=EDGE_LOOP('',(#2251,#2252,#2253,#2254));
#1049=AXIS2_PLACEMENT_3D('',#2255,#2256,#2257);
#1050=EDGE_LOOP('',(#2258,#2259,#2260));
#1051=AXIS2_PLACEMENT_3D('',#2261,#2262,#2263);
#1052=EDGE_LOOP('',(#2264,#2265,#2266,#2267,#2268,#2269));
#1053=AXIS2_PLACEMENT_3D('',#2270,#2271,#2272);
#1054=EDGE_LOOP('',(#2273,#2274,#2275,#2276,#2277,#2278,#2279,#2280,#2281,#2282));
#1055=AXIS2_PLACEMENT_3D('',#2283,#2284,#2285);
#1056=EDGE_LOOP('',(#2286,#2287,#2288,#2289));
#1057=AXIS2_PLACEMENT_3D('',#2290,#2291,#2292);
#1058=EDGE_LOOP('',(#2293,#2294,#2295,#2296));
#1059=AXIS2_PLACEMENT_3D('',#2297,#2298,#2299);
#1060=EDGE_LOOP('',(#2300,#2301,#2302,#2303));
#1061=AXIS2_PLACEMENT_3D('',#2304,#2305,#2306);
#1062=EDGE_LOOP('',(#2307,#2308,#2309,#2310,#2311,#2312,#2313,#2314));
#1063=AXIS2_PLACEMENT_3D('',#2315,#2316,#2317);
#1064=EDGE_LOOP('',(#2318,#2319,#2320,#2321));
#1065=AXIS2_PLACEMENT_3D('',#2322,#2323,#2324);
#1066=EDGE_LOOP('',(#2325,#2326,#2327,#2328));
#1067=AXIS2_PLACEMENT_3D('',#2329,#2330,#2331);
#1068=EDGE_LOOP('',(#2332,#2333,#2334,#2335));
#1069=AXIS2_PLACEMENT_3D('',#2336,#2337,#2338);
#1070=EDGE_LOOP('',(#2339,#2340,#2341,#2342,#2343,#2344,#2345,#2346));
#1071=AXIS2_PLACEMENT_3D('',#2347,#2348,#2349);
#1072=EDGE_LOOP('',(#2350,#2351,#2352,#2353,#2354,#2355,#2356,#2357,#2358,#2359,#2360,#2361,#2362,#2363,#2364,#2365,#2366,#2367,#2368,#2369,#2370,#2371,#2372,#2373,#2374,#2375,#2376,#2377,#2378,#2379,#2380,#2381,#2382,#2383));
#1073=AXIS2_PLACEMENT_3D('',#2384,#2385,#2386);
#1074=EDGE_LOOP('',(#2387,#2388,#2389,#2390));
#1075=AXIS2_PLACEMENT_3D('',#2391,#2392,#2393);
#1076=EDGE_LOOP('',(#2394,#2395,#2396,#2397,#2398,#2399));
#1077=AXIS2_PLACEMENT_3D('',#2400,#2401,#2402);
#1078=EDGE_LOOP('',(#2403,#2404,#2405,#2406,#2407,#2408));
#1079=AXIS2_PLACEMENT_3D('',#2409,#2410,#2411);
#1080=EDGE_LOOP('',(#2412,#2413,#2414,#2415));
#1081=AXIS2_PLACEMENT_3D('',#2416,#2417,#2418);
#1082=EDGE_LOOP('',(#2419,#2420,#2421,#2422));
#1083=AXIS2_PLACEMENT_3D('',#2423,#2424,#2425);
#1084=EDGE_LOOP('',(#2426,#2427,#2428,#2429));
#1085=AXIS2_PLACEMENT_3D('',#2430,#2431,#2432);
#1086=EDGE_LOOP('',(#2433,#2434,#2435,#2436,#2437));
#1087=AXIS2_PLACEMENT_3D('',#2438,#2439,#2440);
#1088=EDGE_LOOP('',(#2441,#2442,#2443,#2444,#2445,#2446,#2447,#2448,#2449,#2450,#2451,#2452,#2453,#2454,#2455,#2456,#2457,#2458,#2459,#2460,#2461,#2462,#2463,#2464,#2465,#2466,#2467,#2468,#2469,#2470,#2471,#2472,#2473,#2474));
#1089=AXIS2_PLACEMENT_3D('',#2475,#2476,#2477);
#1090=EDGE_LOOP('',(#2478,#2479,#2480));
#1091=AXIS2_PLACEMENT_3D('',#2481,#2482,#2483);
#1092=EDGE_LOOP('',(#2484,#2485,#2486,#2487));
#1093=AXIS2_PLACEMENT_3D('',#2488,#2489,#2490);
#1094=EDGE_LOOP('',(#2491,#2492,#2493,#2494,#2495,#2496,#2497,#2498));
#1095=AXIS2_PLACEMENT_3D('',#2499,#2500,#2501);
#1096=EDGE_LOOP('',(#2502,#2503,#2504,#2505));
#1097=AXIS2_PLACEMENT_3D('',#2506,#2507,#2508);
#1098=EDGE_LOOP('',(#2509,#2510,#2511,#2512,#2513,#2514,#2515,#2516));
#1099=AXIS2_PLACEMENT_3D('',#2517,#2518,#2519);
#1100=EDGE_LOOP('',(#2520,#2521,#2522,#2523,#2524,#2525,#2526));
#1101=AXIS2_PLACEMENT_3D('',#2527,#2528,#2529);
#1102=EDGE_LOOP('',(#2530,#2531,#2532,#2533));
#1103=AXIS2_PLACEMENT_3D('',#2534,#2535,#2536);
#1104=EDGE_LOOP('',(#2537,#2538,#2539,#2540));
#1105=AXIS2_PLACEMENT_3D('',#2541,#2542,#2543);
#1106=EDGE_LOOP('',(#2544,#2545,#2546,#2547,#2548,#2549));
#1107=AXIS2_PLACEMENT_3D('',#2550,#2551,#2552);
#1108=EDGE_LOOP('',(#2553,#2554,#2555,#2556));
#1109=AXIS2_PLACEMENT_3D('',#2557,#2558,#2559);
#1110=EDGE_LOOP('',(#2560,#2561,#2562,#2563,#2564,#2565,#2566,#2567,#2568,#2569,#2570,#2571));
#1111=AXIS2_PLACEMENT_3D('',#2572,#2573,#2574);
#1112=EDGE_LOOP('',(#2575,#2576,#2577,#2578,#2579));
#1113=AXIS2_PLACEMENT_3D('',#2580,#2581,#2582);
#1114=EDGE_LOOP('',(#2583,#2584,#2585,#2586));
#1115=AXIS2_PLACEMENT_3D('',#2587,#2588,#2589);
#1116=EDGE_LOOP('',(#2590,#2591,#2592,#2593,#2594));
#1117=AXIS2_PLACEMENT_3D('',#2595,#2596,#2597);
#1118=EDGE_LOOP('',(#2598,#2599,#2600,#2601));
#1119=AXIS2_PLACEMENT_3D('',#2602,#2603,#2604);
#1120=EDGE_LOOP('',(#2605,#2606,#2607,#2608));
#1121=AXIS2_PLACEMENT_3D('',#2609,#2610,#2611);
#1122=EDGE_LOOP('',(#2612,#2613,#2614,#2615,#2616));
#1123=AXIS2_PLACEMENT_3D('',#2617,#2618,#2619);
#1124=EDGE_LOOP('',(#2620,#2621,#2622,#2623));
#1125=AXIS2_PLACEMENT_3D('',#2624,#2625,#2626);
#1126=EDGE_LOOP('',(#2627,#2628,#2629,#2630));
#1127=AXIS2_PLACEMENT_3D('',#2631,#2632,#2633);
#1128=EDGE_LOOP('',(#2634,#2635,#2636,#2637,#2638));
#1129=AXIS2_PLACEMENT_3D('',#2639,#2640,#2641);
#1130=EDGE_LOOP('',(#2642,#2643,#2644,#2645));
#1131=AXIS2_PLACEMENT_3D('',#2646,#2647,#2648);
#1132=EDGE_LOOP('',(#2649,#2650,#2651,#2652,#2653,#2654));
#1133=AXIS2_PLACEMENT_3D('',#2655,#2656,#2657);
#1134=EDGE_LOOP('',(#2658,#2659,#2660));
#1135=AXIS2_PLACEMENT_3D('',#2661,#2662,#2663);
#1136=EDGE_LOOP('',(#2664,#2665,#2666,#2667));
#1137=AXIS2_PLACEMENT_3D('',#2668,#2669,#2670);
#1138=EDGE_LOOP('',(#2671,#2672,#2673,#2674,#2675));
#1139=AXIS2_PLACEMENT_3D('',#2676,#2677,#2678);
#1140=EDGE_LOOP('',(#2679,#2680,#2681,#2682));
#1141=AXIS2_PLACEMENT_3D('',#2683,#2684,#2685);
#1142=EDGE_LOOP('',(#2686,#2687,#2688,#2689));
#1143=AXIS2_PLACEMENT_3D('',#2690,#2691,#2692);
#1144=EDGE_LOOP('',(#2693,#2694,#2695,#2696));
#1145=AXIS2_PLACEMENT_3D('',#2697,#2698,#2699);
#1146=EDGE_LOOP('',(#2700,#2701,#2702,#2703,#2704,#2705,#2706,#2707,#2708));
#1147=AXIS2_PLACEMENT_3D('',#2709,#2710,#2711);
#1148=EDGE_LOOP('',(#2712,#2713,#2714,#2715));
#1149=AXIS2_PLACEMENT_3D('',#2716,#2717,#2718);
#1150=EDGE_LOOP('',(#2719,#2720,#2721,#2722));
#1151=AXIS2_PLACEMENT_3D('',#2723,#2724,#2725);
#1152=EDGE_LOOP('',(#2726,#2727,#2728,#2729,#2730,#2731,#2732,#2733,#2734));
#1153=AXIS2_PLACEMENT_3D('',#2735,#2736,#2737);
#1154=EDGE_LOOP('',(#2738,#2739,#2740,#2741));
#1155=AXIS2_PLACEMENT_3D('',#2742,#2743,#2744);
#1156=EDGE_LOOP('',(#2745,#2746,#2747,#2748));
#1157=AXIS2_PLACEMENT_3D('',#2749,#2750,#2751);
#1158=EDGE_LOOP('',(#2752,#2753,#2754,#2755));
#1159=AXIS2_PLACEMENT_3D('',#2756,#2757,#2758);
#1160=EDGE_LOOP('',(#2759,#2760,#2761,#2762));
#1161=AXIS2_PLACEMENT_3D('',#2763,#2764,#2765);
#1162=EDGE_LOOP('',(#2766,#2767,#2768,#2769));
#1163=AXIS2_PLACEMENT_3D('',#2770,#2771,#2772);
#1164=EDGE_LOOP('',(#2773,#2774,#2775,#2776,#2777,#2778,#2779,#2780));
#1165=AXIS2_PLACEMENT_3D('',#2781,#2782,#2783);
#1166=EDGE_LOOP('',(#2784,#2785,#2786,#2787));
#1167=AXIS2_PLACEMENT_3D('',#2788,#2789,#2790);
#1168=EDGE_LOOP('',(#2791,#2792,#2793,#2794,#2795,#2796,#2797,#2798));
#1169=AXIS2_PLACEMENT_3D('',#2799,#2800,#2801);
#1170=EDGE_LOOP('',(#2802,#2803,#2804,#2805,#2806,#2807));
#1171=AXIS2_PLACEMENT_3D('',#2808,#2809,#2810);
#1172=EDGE_LOOP('',(#2811,#2812,#2813,#2814));
#1173=AXIS2_PLACEMENT_3D('',#2815,#2816,#2817);
#1174=EDGE_LOOP('',(#2818,#2819,#2820,#2821));
#1175=AXIS2_PLACEMENT_3D('',#2822,#2823,#2824);
#1176=EDGE_LOOP('',(#2825,#2826,#2827,#2828));
#1177=AXIS2_PLACEMENT_3D('',#2829,#2830,#2831);
#1178=EDGE_LOOP('',(#2832,#2833,#2834,#2835));
#1179=AXIS2_PLACEMENT_3D('',#2836,#2837,#2838);
#1180=EDGE_LOOP('',(#2839,#2840,#2841,#2842,#2843));
#1181=AXIS2_PLACEMENT_3D('',#2844,#2845,#2846);
#1182=EDGE_LOOP('',(#2847,#2848,#2849,#2850,#2851,#2852,#2853));
#1183=AXIS2_PLACEMENT_3D('',#2854,#2855,#2856);
#1184=EDGE_LOOP('',(#2857,#2858,#2859,#2860,#2861,#2862,#2863,#2864,#2865,#2866,#2867,#2868));
#1185=AXIS2_PLACEMENT_3D('',#2869,#2870,#2871);
#1186=EDGE_LOOP('',(#2872,#2873,#2874,#2875));
#1187=AXIS2_PLACEMENT_3D('',#2876,#2877,#2878);
#1188=EDGE_LOOP('',(#2879,#2880,#2881,#2882));
#1189=AXIS2_PLACEMENT_3D('',#2883,#2884,#2885);
#1190=EDGE_LOOP('',(#2886,#2887,#2888,#2889));
#1191=AXIS2_PLACEMENT_3D('',#2890,#2891,#2892);
#1192=EDGE_LOOP('',(#2893,#2894,#2895));
#1193=AXIS2_PLACEMENT_3D('',#2896,#2897,#2898);
#1194=EDGE_LOOP('',(#2899,#2900,#2901,#2902));
#1195=AXIS2_PLACEMENT_3D('',#2903,#2904,#2905);
#1196=EDGE_LOOP('',(#2906,#2907,#2908,#2909,#2910));
#1197=AXIS2_PLACEMENT_3D('',#2911,#2912,#2913);
#1198=EDGE_LOOP('',(#2914,#2915,#2916,#2917));
#1199=AXIS2_PLACEMENT_3D('',#2918,#2919,#2920);
#1200=EDGE_LOOP('',(#2921,#2922,#2923));
#1201=AXIS2_PLACEMENT_3D('',#2924,#2925,#2926);
#1202=EDGE_LOOP('',(#2927,#2928,#2929,#2930,#2931,#2932));
#1203=AXIS2_PLACEMENT_3D('',#2933,#2934,#2935);
#1204=EDGE_LOOP('',(#2936,#2937,#2938,#2939,#2940,#2941,#2942,#2943,#2944,#2945));
#1205=AXIS2_PLACEMENT_3D('',#2946,#2947,#2948);
#1206=EDGE_LOOP('',(#2949,#2950,#2951,#2952));
#1207=AXIS2_PLACEMENT_3D('',#2953,#2954,#2955);
#1208=EDGE_LOOP('',(#2956,#2957,#2958,#2959));
#1209=AXIS2_PLACEMENT_3D('',#2960,#2961,#2962);
#1210=EDGE_LOOP('',(#2963,#2964,#2965,#2966));
#1211=AXIS2_PLACEMENT_3D('',#2967,#2968,#2969);
#1212=EDGE_LOOP('',(#2970,#2971,#2972,#2973,#2974,#2975,#2976,#2977));
#1213=AXIS2_PLACEMENT_3D('',#2978,#2979,#2980);
#1214=EDGE_LOOP('',(#2981,#2982,#2983,#2984));
#1215=AXIS2_PLACEMENT_3D('',#2985,#2986,#2987);
#1216=EDGE_LOOP('',(#2988,#2989,#2990,#2991));
#1217=AXIS2_PLACEMENT_3D('',#2992,#2993,#2994);
#1218=EDGE_LOOP('',(#2995,#2996,#2997,#2998));
#1219=AXIS2_PLACEMENT_3D('',#2999,#3000,#3001);
#1220=EDGE_LOOP('',(#3002,#3003,#3004,#3005,#3006,#3007,#3008,#3009));
#1221=AXIS2_PLACEMENT_3D('',#3010,#3011,#3012);
#1222=EDGE_LOOP('',(#3013,#3014,#3015,#3016,#3017,#3018,#3019,#3020,#3021,#3022,#3023,#3024,#3025,#3026,#3027,#3028,#3029,#3030,#3031,#3032,#3033,#3034,#3035,#3036,#3037,#3038,#3039,#3040,#3041,#3042,#3043,#3044,#3045,#3046));
#1223=AXIS2_PLACEMENT_3D('',#3047,#3048,#3049);
#1224=EDGE_LOOP('',(#3050,#3051,#3052,#3053));
#1225=AXIS2_PLACEMENT_3D('',#3054,#3055,#3056);
#1226=EDGE_LOOP('',(#3057,#3058,#3059,#3060,#3061,#3062));
#1227=AXIS2_PLACEMENT_3D('',#3063,#3064,#3065);
#1228=EDGE_LOOP('',(#3066,#3067,#3068,#3069,#3070,#3071,#3072,#3073,#3074,#3075,#3076,#3077,#3078));
#1229=AXIS2_PLACEMENT_3D('',#3079,#3080,#3081);
#1230=EDGE_LOOP('',(#3082,#3083,#3084,#3085));
#1231=AXIS2_PLACEMENT_3D('',#3086,#3087,#3088);
#1232=EDGE_LOOP('',(#3089,#3090,#3091,#3092,#3093));
#1233=AXIS2_PLACEMENT_3D('',#3094,#3095,#3096);
#1234=EDGE_LOOP('',(#3097,#3098,#3099,#3100));
#1235=AXIS2_PLACEMENT_3D('',#3101,#3102,#3103);
#1236=EDGE_LOOP('',(#3104,#3105,#3106,#3107));
#1237=AXIS2_PLACEMENT_3D('',#3108,#3109,#3110);
#1238=EDGE_LOOP('',(#3111,#3112,#3113,#3114));
#1239=AXIS2_PLACEMENT_3D('',#3115,#3116,#3117);
#1240=EDGE_LOOP('',(#3118,#3119,#3120,#3121,#3122,#3123,#3124,#3125,#3126));
#1241=AXIS2_PLACEMENT_3D('',#3127,#3128,#3129);
#1242=EDGE_LOOP('',(#3130,#3131,#3132,#3133));
#1243=AXIS2_PLACEMENT_3D('',#3134,#3135,#3136);
#1244=EDGE_LOOP('',(#3137,#3138,#3139,#3140,#3141,#3142,#3143,#3144,#3145,#3146,#3147,#3148,#3149,#3150,#3151,#3152,#3153,#3154,#3155,#3156,#3157,#3158,#3159,#3160,#3161,#3162,#3163,#3164,#3165,#3166,#3167,#3168,#3169,#3170));
#1245=AXIS2_PLACEMENT_3D('',#3171,#3172,#3173);
#1246=EDGE_LOOP('',(#3174,#3175,#3176,#3177,#3178,#3179,#3180));
#1247=AXIS2_PLACEMENT_3D('',#3181,#3182,#3183);
#1248=EDGE_LOOP('',(#3184,#3185,#3186,#3187));
#1249=AXIS2_PLACEMENT_3D('',#3188,#3189,#3190);
#1250=EDGE_LOOP('',(#3191,#3192,#3193,#3194));
#1251=AXIS2_PLACEMENT_3D('',#3195,#3196,#3197);
#1252=EDGE_LOOP('',(#3198,#3199,#3200,#3201));
#1253=AXIS2_PLACEMENT_3D('',#3202,#3203,#3204);
#1254=EDGE_LOOP('',(#3205,#3206,#3207,#3208));
#1255=AXIS2_PLACEMENT_3D('',#3209,#3210,#3211);
#1256=EDGE_LOOP('',(#3212,#3213,#3214,#3215,#3216,#3217));
#1257=AXIS2_PLACEMENT_3D('',#3218,#3219,#3220);
#1258=EDGE_LOOP('',(#3221,#3222,#3223,#3224,#3225,#3226,#3227,#3228));
#1259=AXIS2_PLACEMENT_3D('',#3229,#3230,#3231);
#1260=EDGE_LOOP('',(#3232,#3233,#3234));
#1261=AXIS2_PLACEMENT_3D('',#3235,#3236,#3237);
#1262=EDGE_LOOP('',(#3238,#3239,#3240,#3241));
#1263=AXIS2_PLACEMENT_3D('',#3242,#3243,#3244);
#1264=EDGE_LOOP('',(#3245,#3246,#3247,#3248,#3249));
#1265=AXIS2_PLACEMENT_3D('',#3250,#3251,#3252);
#1266=EDGE_LOOP('',(#3253,#3254,#3255,#3256));
#1267=AXIS2_PLACEMENT_3D('',#3257,#3258,#3259);
#1268=EDGE_LOOP('',(#3260,#3261,#3262,#3263));
#1269=AXIS2_PLACEMENT_3D('',#3264,#3265,#3266);
#1270=EDGE_LOOP('',(#3267,#3268,#3269,#3270));
#1271=AXIS2_PLACEMENT_3D('',#3271,#3272,#3273);
#1272=EDGE_LOOP('',(#3274,#3275,#3276,#3277,#3278,#3279));
#1273=AXIS2_PLACEMENT_3D('',#3280,#3281,#3282);
#1274=EDGE_LOOP('',(#3283,#3284,#3285,#3286));
#1275=AXIS2_PLACEMENT_3D('',#3287,#3288,#3289);
#1276=EDGE_LOOP('',(#3290,#3291,#3292,#3293));
#1277=AXIS2_PLACEMENT_3D('',#3294,#3295,#3296);
#1278=EDGE_LOOP('',(#3297,#3298,#3299,#3300));
#1279=AXIS2_PLACEMENT_3D('',#3301,#3302,#3303);
#1280=EDGE_LOOP('',(#3304,#3305,#3306,#3307));
#1281=AXIS2_PLACEMENT_3D('',#3308,#3309,#3310);
#1282=EDGE_LOOP('',(#3311,#3312,#3313,#3314));
#1283=AXIS2_PLACEMENT_3D('',#3315,#3316,#3317);
#1284=EDGE_LOOP('',(#3318,#3319,#3320,#3321));
#1285=AXIS2_PLACEMENT_3D('',#3322,#3323,#3324);
#1286=EDGE_LOOP('',(#3325,#3326,#3327,#3328,#3329,#3330,#3331,#3332));
#1287=AXIS2_PLACEMENT_3D('',#3333,#3334,#3335);
#1288=EDGE_LOOP('',(#3336,#3337,#3338,#3339,#3340,#3341,#3342,#3343,#3344,#3345,#3346,#3347));
#1289=AXIS2_PLACEMENT_3D('',#3348,#3349,#3350);
#1290=EDGE_LOOP('',(#3351,#3352,#3353,#3354,#3355,#3356,#3357));
#1291=AXIS2_PLACEMENT_3D('',#3358,#3359,#3360);
#1292=EDGE_LOOP('',(#3361,#3362,#3363,#3364,#3365));
#1293=AXIS2_PLACEMENT_3D('',#3366,#3367,#3368);
#1294=EDGE_LOOP('',(#3369,#3370,#3371,#3372));
#1295=AXIS2_PLACEMENT_3D('',#3373,#3374,#3375);
#1296=EDGE_LOOP('',(#3376,#3377,#3378,#3379));
#1297=AXIS2_PLACEMENT_3D('',#3380,#3381,#3382);
#1298=EDGE_LOOP('',(#3383,#3384,#3385,#3386));
#1299=AXIS2_PLACEMENT_3D('',#3387,#3388,#3389);
#1300=EDGE_LOOP('',(#3390,#3391,#3392,#3393));
#1301=AXIS2_PLACEMENT_3D('',#3394,#3395,#3396);
#1302=EDGE_LOOP('',(#3397,#3398,#3399,#3400,#3401,#3402));
#1303=AXIS2_PLACEMENT_3D('',#3403,#3404,#3405);
#1304=EDGE_LOOP('',(#3406,#3407,#3408,#3409,#3410,#3411));
#1305=AXIS2_PLACEMENT_3D('',#3412,#3413,#3414);
#1306=EDGE_LOOP('',(#3415,#3416,#3417,#3418));
#1307=AXIS2_PLACEMENT_3D('',#3419,#3420,#3421);
#1308=EDGE_LOOP('',(#3422,#3423,#3424,#3425));
#1309=AXIS2_PLACEMENT_3D('',#3426,#3427,#3428);
#1310=EDGE_LOOP('',(#3429,#3430,#3431,#3432));
#1311=AXIS2_PLACEMENT_3D('',#3433,#3434,#3435);
#1312=EDGE_LOOP('',(#3436,#3437,#3438,#3439,#3440));
#1313=AXIS2_PLACEMENT_3D('',#3441,#3442,#3443);
#1314=EDGE_LOOP('',(#3444,#3445,#3446,#3447,#3448,#3449,#3450,#3451));
#1315=AXIS2_PLACEMENT_3D('',#3452,#3453,#3454);
#1316=EDGE_LOOP('',(#3455,#3456,#3457));
#1317=AXIS2_PLACEMENT_3D('',#3458,#3459,#3460);
#1318=EDGE_LOOP('',(#3461,#3462,#3463,#3464));
#1319=AXIS2_PLACEMENT_3D('',#3465,#3466,#3467);
#1320=ORIENTED_EDGE('',*,*,#3468,.F.);
#1321=ORIENTED_EDGE('',*,*,#3469,.T.);
#1322=ORIENTED_EDGE('',*,*,#3470,.T.);
#1323=ORIENTED_EDGE('',*,*,#3471,.T.);
#1324=ORIENTED_EDGE('',*,*,#3472,.T.);
#1325=ORIENTED_EDGE('',*,*,#3473,.F.);
#1326=CARTESIAN_POINT('',(5.35,14.43,2.54));
#1327=DIRECTION('',(0.0,1.0,0.0));
#1328=DIRECTION('',(0.0,0.0,-1.0));
#1329=ORIENTED_EDGE('',*,*,#3474,.F.);
#1330=ORIENTED_EDGE('',*,*,#3475,.F.);
#1331=ORIENTED_EDGE('',*,*,#3476,.T.);
#1332=ORIENTED_EDGE('',*,*,#3477,.F.);
#1333=CARTESIAN_POINT('',(1.15,-0.692946695818395,4.54));
#1334=DIRECTION('',(-1.0,0.0,0.0));
#1335=DIRECTION('',(0.0,0.0,1.0));
#1336=ORIENTED_EDGE('',*,*,#3478,.F.);
#1337=ORIENTED_EDGE('',*,*,#3479,.T.);
#1338=ORIENTED_EDGE('',*,*,#3480,.F.);
#1339=ORIENTED_EDGE('',*,*,#3481,.F.);
#1340=CARTESIAN_POINT('',(2.45,8.0,2.54));
#1341=DIRECTION('',(0.0,-1.0,0.0));
#1342=DIRECTION('',(0.0,0.0,-1.0));
#1343=ORIENTED_EDGE('',*,*,#3482,.F.);
#1344=ORIENTED_EDGE('',*,*,#3483,.F.);
#1345=ORIENTED_EDGE('',*,*,#3484,.F.);
#1346=ORIENTED_EDGE('',*,*,#3485,.F.);
#1347=CARTESIAN_POINT('',(5.25,3.4,2.54));
#1348=DIRECTION('',(-0.0,1.0,0.0));
#1349=DIRECTION('',(1.0,0.0,0.0));
#1350=ORIENTED_EDGE('',*,*,#3486,.F.);
#1351=ORIENTED_EDGE('',*,*,#3487,.T.);
#1352=ORIENTED_EDGE('',*,*,#3488,.T.);
#1353=ORIENTED_EDGE('',*,*,#3489,.T.);
#1354=CARTESIAN_POINT('',(2.75,4.175705,1.24));
#1355=DIRECTION('',(0.0,0.0,1.0));
#1356=DIRECTION('',(1.0,0.0,0.0));
#1357=ORIENTED_EDGE('',*,*,#3490,.F.);
#1358=ORIENTED_EDGE('',*,*,#3491,.F.);
#1359=ORIENTED_EDGE('',*,*,#3489,.F.);
#1360=ORIENTED_EDGE('',*,*,#3492,.F.);
#1361=CARTESIAN_POINT('',(7.75,6.9,2.715));
#1362=DIRECTION('',(-1.0,0.0,0.0));
#1363=DIRECTION('',(0.0,0.0,1.0));
#1364=ORIENTED_EDGE('',*,*,#3488,.F.);
#1365=ORIENTED_EDGE('',*,*,#3493,.T.);
#1366=ORIENTED_EDGE('',*,*,#3494,.F.);
#1367=ORIENTED_EDGE('',*,*,#3492,.T.);
#1368=CARTESIAN_POINT('',(0.35,3.5,2.54));
#1369=DIRECTION('',(-0.0,1.0,0.0));
#1370=DIRECTION('',(1.0,0.0,0.0));
#1371=ORIENTED_EDGE('',*,*,#3495,.F.);
#1372=ORIENTED_EDGE('',*,*,#3493,.F.);
#1373=ORIENTED_EDGE('',*,*,#3487,.F.);
#1374=ORIENTED_EDGE('',*,*,#3496,.F.);
#1375=ORIENTED_EDGE('',*,*,#3497,.F.);
#1376=ORIENTED_EDGE('',*,*,#3478,.T.);
#1377=ORIENTED_EDGE('',*,*,#3498,.T.);
#1378=ORIENTED_EDGE('',*,*,#3484,.T.);
#1379=CARTESIAN_POINT('',(2.75,3.5,1.09));
#1380=DIRECTION('',(-1.0,0.0,0.0));
#1381=DIRECTION('',(0.0,0.0,1.0));
#1382=ORIENTED_EDGE('',*,*,#3496,.T.);
#1383=ORIENTED_EDGE('',*,*,#3486,.T.);
#1384=ORIENTED_EDGE('',*,*,#3491,.T.);
#1385=ORIENTED_EDGE('',*,*,#3499,.F.);
#1386=ORIENTED_EDGE('',*,*,#3500,.T.);
#1387=ORIENTED_EDGE('',*,*,#3501,.F.);
#1388=CARTESIAN_POINT('',(-2.45933806298169,7.1,4.54));
#1389=DIRECTION('',(0.0,-1.0,1.0E-16));
#1390=DIRECTION('',(-1.0,0.0,0.0));
#1391=ORIENTED_EDGE('',*,*,#3502,.T.);
#1392=ORIENTED_EDGE('',*,*,#3500,.F.);
#1393=ORIENTED_EDGE('',*,*,#3503,.T.);
#1394=ORIENTED_EDGE('',*,*,#3477,.T.);
#1395=CARTESIAN_POINT('',(2.25,8.2,4.54));
#1396=DIRECTION('',(0.0,-1.0E-16,-1.0));
#1397=DIRECTION('',(0.0,-1.0,1.0E-16));
#1398=ORIENTED_EDGE('',*,*,#3476,.F.);
#1399=ORIENTED_EDGE('',*,*,#3504,.T.);
#1400=ORIENTED_EDGE('',*,*,#3505,.F.);
#1401=ORIENTED_EDGE('',*,*,#3506,.T.);
#1402=ORIENTED_EDGE('',*,*,#3479,.F.);
#1403=ORIENTED_EDGE('',*,*,#3497,.T.);
#1404=ORIENTED_EDGE('',*,*,#3501,.T.);
#1405=ORIENTED_EDGE('',*,*,#3502,.F.);
#1406=CARTESIAN_POINT('',(-2.45933806298169,7.1,1.64));
#1407=DIRECTION('',(0.0,1.0E-16,1.0));
#1408=DIRECTION('',(0.0,-1.0,1.0E-16));
#1409=ORIENTED_EDGE('',*,*,#3505,.T.);
#1410=ORIENTED_EDGE('',*,*,#3507,.T.);
#1411=ORIENTED_EDGE('',*,*,#3508,.F.);
#1412=ORIENTED_EDGE('',*,*,#3509,.T.);
#1413=CARTESIAN_POINT('',(2.05,9.9,2.54));
#1414=DIRECTION('',(-1.0,0.0,0.0));
#1415=DIRECTION('',(0.0,0.0,1.0));
#1416=ORIENTED_EDGE('',*,*,#3506,.F.);
#1417=ORIENTED_EDGE('',*,*,#3509,.F.);
#1418=ORIENTED_EDGE('',*,*,#3510,.T.);
#1419=ORIENTED_EDGE('',*,*,#3480,.T.);
#1420=CARTESIAN_POINT('',(2.25,8.2,7.62));
#1421=DIRECTION('',(-0.0,0.0,1.0));
#1422=DIRECTION('',(1.0,0.0,0.0));
#1423=ORIENTED_EDGE('',*,*,#3481,.T.);
#1424=ORIENTED_EDGE('',*,*,#3510,.F.);
#1425=ORIENTED_EDGE('',*,*,#3508,.T.);
#1426=ORIENTED_EDGE('',*,*,#3511,.T.);
#1427=ORIENTED_EDGE('',*,*,#3512,.T.);
#1428=ORIENTED_EDGE('',*,*,#3513,.T.);
#1429=ORIENTED_EDGE('',*,*,#3514,.T.);
#1430=ORIENTED_EDGE('',*,*,#3485,.T.);
#1431=ORIENTED_EDGE('',*,*,#3498,.F.);
#1432=CARTESIAN_POINT('',(1.8,4.4,1.09));
#1433=DIRECTION('',(0.0,0.0,1.0));
#1434=DIRECTION('',(1.0,0.0,0.0));
#1435=ORIENTED_EDGE('',*,*,#3515,.T.);
#1436=ORIENTED_EDGE('',*,*,#3516,.F.);
#1437=ORIENTED_EDGE('',*,*,#3517,.T.);
#1438=ORIENTED_EDGE('',*,*,#3518,.T.);
#1439=CARTESIAN_POINT('',(1.7,12.0,-0.3));
#1440=DIRECTION('',(-0.0,1.0,0.0));
#1441=DIRECTION('',(1.0,0.0,0.0));
#1442=ORIENTED_EDGE('',*,*,#3519,.F.);
#1443=ORIENTED_EDGE('',*,*,#3520,.F.);
#1444=ORIENTED_EDGE('',*,*,#3517,.F.);
#1445=ORIENTED_EDGE('',*,*,#3521,.F.);
#1446=CARTESIAN_POINT('',(1.7,6.0,-0.6));
#1447=DIRECTION('',(0.0,0.0,-1.0));
#1448=DIRECTION('',(0.0,-1.0,0.0));
#1449=ORIENTED_EDGE('',*,*,#3522,.T.);
#1450=ORIENTED_EDGE('',*,*,#3523,.F.);
#1451=ORIENTED_EDGE('',*,*,#3521,.T.);
#1452=ORIENTED_EDGE('',*,*,#3516,.T.);
#1453=CARTESIAN_POINT('',(2.126794919243,6.0,-0.3));
#1454=DIRECTION('',(0.866025403784771,0.0,0.499999999999425));
#1455=DIRECTION('',(0.0,-1.0,0.0));
#1456=ORIENTED_EDGE('',*,*,#3524,.T.);
#1457=ORIENTED_EDGE('',*,*,#3518,.F.);
#1458=ORIENTED_EDGE('',*,*,#3520,.T.);
#1459=ORIENTED_EDGE('',*,*,#3525,.F.);
#1460=CARTESIAN_POINT('',(1.273205080757,6.0,-0.3));
#1461=DIRECTION('',(-0.866025403784771,0.0,0.499999999999425));
#1462=DIRECTION('',(0.0,1.0,0.0));
#1463=ORIENTED_EDGE('',*,*,#3470,.F.);
#1464=ORIENTED_EDGE('',*,*,#3526,.F.);
#1465=ORIENTED_EDGE('',*,*,#3527,.T.);
#1466=ORIENTED_EDGE('',*,*,#3528,.T.);
#1467=CARTESIAN_POINT('',(5.75,16.0,2.54));
#1468=DIRECTION('',(1.0,-1.0E-16,0.0));
#1469=DIRECTION('',(-1.0E-16,-1.0,0.0));
#1470=ORIENTED_EDGE('',*,*,#3529,.F.);
#1471=ORIENTED_EDGE('',*,*,#3471,.F.);
#1472=ORIENTED_EDGE('',*,*,#3528,.F.);
#1473=CARTESIAN_POINT('',(5.35,16.0,2.54));
#1474=DIRECTION('',(1.0E-16,1.0,0.0));
#1475=DIRECTION('',(1.0,-1.0E-16,0.0));
#1476=ORIENTED_EDGE('',*,*,#3530,.F.);
#1477=ORIENTED_EDGE('',*,*,#3526,.T.);
#1478=ORIENTED_EDGE('',*,*,#3469,.F.);
#1479=ORIENTED_EDGE('',*,*,#3531,.F.);
#1480=ORIENTED_EDGE('',*,*,#3532,.T.);
#1481=CARTESIAN_POINT('',(5.35,15.1,2.54));
#1482=DIRECTION('',(1.0E-16,1.0,0.0));
#1483=DIRECTION('',(1.0,-1.0E-16,0.0));
#1484=ORIENTED_EDGE('',*,*,#3533,.T.);
#1485=ORIENTED_EDGE('',*,*,#3532,.F.);
#1486=ORIENTED_EDGE('',*,*,#3534,.T.);
#1487=ORIENTED_EDGE('',*,*,#3535,.T.);
#1488=CARTESIAN_POINT('',(4.95,16.0,2.54));
#1489=DIRECTION('',(-1.0,1.0E-16,0.0));
#1490=DIRECTION('',(0.0,0.0,1.0));
#1491=ORIENTED_EDGE('',*,*,#3536,.F.);
#1492=ORIENTED_EDGE('',*,*,#3537,.F.);
#1493=ORIENTED_EDGE('',*,*,#3535,.F.);
#1494=CARTESIAN_POINT('',(5.35,16.0,2.54));
#1495=DIRECTION('',(1.0E-16,1.0,0.0));
#1496=DIRECTION('',(1.0,-1.0E-16,0.0));
#1497=ORIENTED_EDGE('',*,*,#3468,.T.);
#1498=ORIENTED_EDGE('',*,*,#3538,.F.);
#1499=ORIENTED_EDGE('',*,*,#3539,.F.);
#1500=ORIENTED_EDGE('',*,*,#3536,.T.);
#1501=ORIENTED_EDGE('',*,*,#3534,.F.);
#1502=ORIENTED_EDGE('',*,*,#3531,.T.);
#1503=CARTESIAN_POINT('',(5.35,14.43,2.54));
#1504=DIRECTION('',(0.0,1.0,0.0));
#1505=DIRECTION('',(0.0,0.0,-1.0));
#1506=ORIENTED_EDGE('',*,*,#3540,.F.);
#1507=ORIENTED_EDGE('',*,*,#3541,.F.);
#1508=ORIENTED_EDGE('',*,*,#3542,.T.);
#1509=ORIENTED_EDGE('',*,*,#3543,.T.);
#1510=CARTESIAN_POINT('',(0.25,12.0,5.08));
#1511=DIRECTION('',(-0.0,1.0,0.0));
#1512=DIRECTION('',(1.0,0.0,0.0));
#1513=ORIENTED_EDGE('',*,*,#3542,.F.);
#1514=ORIENTED_EDGE('',*,*,#3544,.F.);
#1515=ORIENTED_EDGE('',*,*,#3545,.T.);
#1516=ORIENTED_EDGE('',*,*,#3546,.T.);
#1517=CARTESIAN_POINT('',(1.7,14.25,5.08));
#1518=DIRECTION('',(-0.882352941176471,0.470588235294118,0.0));
#1519=DIRECTION('',(0.0,0.0,1.0));
#1520=ORIENTED_EDGE('',*,*,#3545,.F.);
#1521=ORIENTED_EDGE('',*,*,#3547,.F.);
#1522=ORIENTED_EDGE('',*,*,#3548,.T.);
#1523=ORIENTED_EDGE('',*,*,#3549,.T.);
#1524=CARTESIAN_POINT('',(2.9,17.25,5.08));
#1525=DIRECTION('',(-1.0,0.0,0.0));
#1526=DIRECTION('',(0.0,0.0,1.0));
#1527=ORIENTED_EDGE('',*,*,#3548,.F.);
#1528=ORIENTED_EDGE('',*,*,#3550,.F.);
#1529=ORIENTED_EDGE('',*,*,#3538,.T.);
#1530=ORIENTED_EDGE('',*,*,#3473,.T.);
#1531=ORIENTED_EDGE('',*,*,#3551,.F.);
#1532=ORIENTED_EDGE('',*,*,#3552,.F.);
#1533=ORIENTED_EDGE('',*,*,#3553,.T.);
#1534=CARTESIAN_POINT('',(5.85,18.0,5.08));
#1535=DIRECTION('',(-0.0,1.0,0.0));
#1536=DIRECTION('',(1.0,0.0,0.0));
#1537=ORIENTED_EDGE('',*,*,#3554,.F.);
#1538=ORIENTED_EDGE('',*,*,#3555,.F.);
#1539=ORIENTED_EDGE('',*,*,#3556,.F.);
#1540=ORIENTED_EDGE('',*,*,#3557,.T.);
#1541=CARTESIAN_POINT('',(11.35,7.75,5.08));
#1542=DIRECTION('',(1.0,0.0,0.0));
#1543=DIRECTION('',(0.0,1.0,0.0));
#1544=ORIENTED_EDGE('',*,*,#3558,.T.);
#1545=ORIENTED_EDGE('',*,*,#3559,.F.);
#1546=ORIENTED_EDGE('',*,*,#3560,.F.);
#1547=ORIENTED_EDGE('',*,*,#3561,.F.);
#1548=CARTESIAN_POINT('',(-2.45933806298169,1.2,2.09));
#1549=DIRECTION('',(0.0,1.0E-16,1.0));
#1550=DIRECTION('',(0.0,-1.0,1.0E-16));
#1551=ORIENTED_EDGE('',*,*,#3559,.T.);
#1552=ORIENTED_EDGE('',*,*,#3562,.F.);
#1553=ORIENTED_EDGE('',*,*,#3563,.F.);
#1554=ORIENTED_EDGE('',*,*,#3564,.F.);
#1555=CARTESIAN_POINT('',(6.15,0.392637980906734,1.12735555431865));
#1556=DIRECTION('',(0.0,0.258819045102521,0.965925826289068));
#1557=DIRECTION('',(1.0,-0.0,0.0));
#1558=ORIENTED_EDGE('',*,*,#3565,.T.);
#1559=ORIENTED_EDGE('',*,*,#3560,.T.);
#1560=ORIENTED_EDGE('',*,*,#3564,.T.);
#1561=ORIENTED_EDGE('',*,*,#3566,.F.);
#1562=ORIENTED_EDGE('',*,*,#3567,.F.);
#1563=CARTESIAN_POINT('',(5.05,0.307053304181605,4.54));
#1564=DIRECTION('',(-1.0,0.0,0.0));
#1565=DIRECTION('',(0.0,0.0,1.0));
#1566=ORIENTED_EDGE('',*,*,#3563,.T.);
#1567=ORIENTED_EDGE('',*,*,#3568,.F.);
#1568=ORIENTED_EDGE('',*,*,#3569,.F.);
#1569=ORIENTED_EDGE('',*,*,#3566,.T.);
#1570=CARTESIAN_POINT('',(-2.4593380629817,-4.0,4.54));
#1571=DIRECTION('',(-2.0E-15,-1.0,1.0E-16));
#1572=DIRECTION('',(-1.0,2.0E-15,0.0));
#1573=ORIENTED_EDGE('',*,*,#3562,.T.);
#1574=ORIENTED_EDGE('',*,*,#3558,.F.);
#1575=ORIENTED_EDGE('',*,*,#3570,.T.);
#1576=ORIENTED_EDGE('',*,*,#3571,.F.);
#1577=ORIENTED_EDGE('',*,*,#3568,.T.);
#1578=CARTESIAN_POINT('',(5.95,0.307053304181605,4.54));
#1579=DIRECTION('',(1.0,0.0,-0.0));
#1580=DIRECTION('',(-0.0,1.0,0.0));
#1581=ORIENTED_EDGE('',*,*,#3561,.T.);
#1582=ORIENTED_EDGE('',*,*,#3565,.F.);
#1583=ORIENTED_EDGE('',*,*,#3572,.F.);
#1584=ORIENTED_EDGE('',*,*,#3573,.T.);
#1585=ORIENTED_EDGE('',*,*,#3574,.T.);
#1586=ORIENTED_EDGE('',*,*,#3525,.T.);
#1587=ORIENTED_EDGE('',*,*,#3519,.T.);
#1588=ORIENTED_EDGE('',*,*,#3523,.T.);
#1589=ORIENTED_EDGE('',*,*,#3575,.T.);
#1590=ORIENTED_EDGE('',*,*,#3556,.T.);
#1591=ORIENTED_EDGE('',*,*,#3576,.F.);
#1592=ORIENTED_EDGE('',*,*,#3570,.F.);
#1593=CARTESIAN_POINT('',(5.675,0.0,4.78));
#1594=DIRECTION('',(0.0,-1.0,0.0));
#1595=DIRECTION('',(0.0,0.0,-1.0));
#1596=ORIENTED_EDGE('',*,*,#3577,.F.);
#1597=ORIENTED_EDGE('',*,*,#3554,.T.);
#1598=ORIENTED_EDGE('',*,*,#3578,.T.);
#1599=ORIENTED_EDGE('',*,*,#3579,.F.);
#1600=ORIENTED_EDGE('',*,*,#3580,.F.);
#1601=ORIENTED_EDGE('',*,*,#3581,.F.);
#1602=CARTESIAN_POINT('',(10.075,15.5,5.08));
#1603=DIRECTION('',(-0.0,1.0,0.0));
#1604=DIRECTION('',(1.0,0.0,0.0));
#1605=ORIENTED_EDGE('',*,*,#3582,.F.);
#1606=ORIENTED_EDGE('',*,*,#3583,.F.);
#1607=ORIENTED_EDGE('',*,*,#3581,.T.);
#1608=ORIENTED_EDGE('',*,*,#3584,.F.);
#1609=CARTESIAN_POINT('',(10.5,10.35,2.54));
#1610=DIRECTION('',(-1.0,0.0,0.0));
#1611=DIRECTION('',(0.0,0.0,1.0));
#1612=ORIENTED_EDGE('',*,*,#3585,.T.);
#1613=ORIENTED_EDGE('',*,*,#3584,.T.);
#1614=ORIENTED_EDGE('',*,*,#3580,.T.);
#1615=ORIENTED_EDGE('',*,*,#3586,.F.);
#1616=CARTESIAN_POINT('',(9.65,7.75,0.49));
#1617=DIRECTION('',(0.0,0.0,1.0));
#1618=DIRECTION('',(1.0,0.0,0.0));
#1619=ORIENTED_EDGE('',*,*,#3585,.F.);
#1620=ORIENTED_EDGE('',*,*,#3587,.T.);
#1621=ORIENTED_EDGE('',*,*,#3588,.T.);
#1622=ORIENTED_EDGE('',*,*,#3582,.T.);
#1623=CARTESIAN_POINT('',(10.925,8.2,2.54));
#1624=DIRECTION('',(0.0,-1.0,0.0));
#1625=DIRECTION('',(0.0,0.0,-1.0));
#1626=ORIENTED_EDGE('',*,*,#3589,.F.);
#1627=ORIENTED_EDGE('',*,*,#3587,.F.);
#1628=ORIENTED_EDGE('',*,*,#3586,.T.);
#1629=ORIENTED_EDGE('',*,*,#3579,.T.);
#1630=ORIENTED_EDGE('',*,*,#3590,.T.);
#1631=ORIENTED_EDGE('',*,*,#3552,.T.);
#1632=CARTESIAN_POINT('',(8.8,9.0,5.08));
#1633=DIRECTION('',(1.0,0.0,0.0));
#1634=DIRECTION('',(0.0,1.0,0.0));
#1635=ORIENTED_EDGE('',*,*,#3515,.F.);
#1636=ORIENTED_EDGE('',*,*,#3524,.F.);
#1637=ORIENTED_EDGE('',*,*,#3574,.F.);
#1638=ORIENTED_EDGE('',*,*,#3591,.F.);
#1639=ORIENTED_EDGE('',*,*,#3543,.F.);
#1640=ORIENTED_EDGE('',*,*,#3546,.F.);
#1641=ORIENTED_EDGE('',*,*,#3549,.F.);
#1642=ORIENTED_EDGE('',*,*,#3553,.F.);
#1643=ORIENTED_EDGE('',*,*,#3590,.F.);
#1644=ORIENTED_EDGE('',*,*,#3578,.F.);
#1645=ORIENTED_EDGE('',*,*,#3557,.F.);
#1646=ORIENTED_EDGE('',*,*,#3575,.F.);
#1647=ORIENTED_EDGE('',*,*,#3522,.F.);
#1648=CARTESIAN_POINT('',(5.675,9.0,0.0));
#1649=DIRECTION('',(0.0,0.0,1.0));
#1650=DIRECTION('',(1.0,0.0,0.0));
#1651=ORIENTED_EDGE('',*,*,#3573,.F.);
#1652=ORIENTED_EDGE('',*,*,#3592,.F.);
#1653=ORIENTED_EDGE('',*,*,#3593,.T.);
#1654=ORIENTED_EDGE('',*,*,#3594,.F.);
#1655=ORIENTED_EDGE('',*,*,#3595,.T.);
#1656=ORIENTED_EDGE('',*,*,#3596,.F.);
#1657=ORIENTED_EDGE('',*,*,#3540,.T.);
#1658=ORIENTED_EDGE('',*,*,#3591,.T.);
#1659=CARTESIAN_POINT('',(0.0,6.0,5.08));
#1660=DIRECTION('',(-1.0,0.0,0.0));
#1661=DIRECTION('',(0.0,0.0,1.0));
#1662=ORIENTED_EDGE('',*,*,#3593,.F.);
#1663=ORIENTED_EDGE('',*,*,#3597,.F.);
#1664=ORIENTED_EDGE('',*,*,#3598,.T.);
#1665=ORIENTED_EDGE('',*,*,#3513,.F.);
#1666=ORIENTED_EDGE('',*,*,#3599,.F.);
#1667=CARTESIAN_POINT('',(0.35,3.5,2.54));
#1668=DIRECTION('',(-0.0,1.0,0.0));
#1669=DIRECTION('',(1.0,0.0,0.0));
#1670=ORIENTED_EDGE('',*,*,#3600,.T.);
#1671=ORIENTED_EDGE('',*,*,#3594,.T.);
#1672=ORIENTED_EDGE('',*,*,#3599,.T.);
#1673=ORIENTED_EDGE('',*,*,#3512,.F.);
#1674=CARTESIAN_POINT('',(0.7098076211355,5.7,0.9801923788645));
#1675=DIRECTION('',(-0.499999999999909,0.0,0.866025403784491));
#1676=DIRECTION('',(0.0,1.0,0.0));
#1677=ORIENTED_EDGE('',*,*,#3598,.F.);
#1678=ORIENTED_EDGE('',*,*,#3601,.F.);
#1679=ORIENTED_EDGE('',*,*,#3482,.T.);
#1680=ORIENTED_EDGE('',*,*,#3514,.F.);
#1681=CARTESIAN_POINT('',(2.7,3.5,3.99));
#1682=DIRECTION('',(1.0,0.0,-0.0));
#1683=DIRECTION('',(-0.0,1.0,0.0));
#1684=ORIENTED_EDGE('',*,*,#3601,.T.);
#1685=ORIENTED_EDGE('',*,*,#3597,.T.);
#1686=ORIENTED_EDGE('',*,*,#3592,.T.);
#1687=ORIENTED_EDGE('',*,*,#3572,.T.);
#1688=ORIENTED_EDGE('',*,*,#3567,.T.);
#1689=ORIENTED_EDGE('',*,*,#3569,.T.);
#1690=ORIENTED_EDGE('',*,*,#3571,.T.);
#1691=ORIENTED_EDGE('',*,*,#3576,.T.);
#1692=ORIENTED_EDGE('',*,*,#3555,.T.);
#1693=ORIENTED_EDGE('',*,*,#3577,.T.);
#1694=ORIENTED_EDGE('',*,*,#3583,.T.);
#1695=ORIENTED_EDGE('',*,*,#3588,.F.);
#1696=ORIENTED_EDGE('',*,*,#3589,.T.);
#1697=ORIENTED_EDGE('',*,*,#3551,.T.);
#1698=ORIENTED_EDGE('',*,*,#3472,.F.);
#1699=ORIENTED_EDGE('',*,*,#3529,.T.);
#1700=ORIENTED_EDGE('',*,*,#3527,.F.);
#1701=ORIENTED_EDGE('',*,*,#3530,.T.);
#1702=ORIENTED_EDGE('',*,*,#3533,.F.);
#1703=ORIENTED_EDGE('',*,*,#3537,.T.);
#1704=ORIENTED_EDGE('',*,*,#3539,.T.);
#1705=ORIENTED_EDGE('',*,*,#3550,.T.);
#1706=ORIENTED_EDGE('',*,*,#3547,.T.);
#1707=ORIENTED_EDGE('',*,*,#3544,.T.);
#1708=ORIENTED_EDGE('',*,*,#3541,.T.);
#1709=ORIENTED_EDGE('',*,*,#3596,.T.);
#1710=ORIENTED_EDGE('',*,*,#3602,.F.);
#1711=ORIENTED_EDGE('',*,*,#3474,.T.);
#1712=ORIENTED_EDGE('',*,*,#3503,.F.);
#1713=ORIENTED_EDGE('',*,*,#3499,.T.);
#1714=ORIENTED_EDGE('',*,*,#3490,.T.);
#1715=ORIENTED_EDGE('',*,*,#3494,.T.);
#1716=ORIENTED_EDGE('',*,*,#3495,.T.);
#1717=ORIENTED_EDGE('',*,*,#3483,.T.);
#1718=CARTESIAN_POINT('',(-4.65,-6.21464,2.54));
#1719=DIRECTION('',(0.0,0.0,-1.0));
#1720=DIRECTION('',(0.0,-1.0,0.0));
#1721=ORIENTED_EDGE('',*,*,#3511,.F.);
#1722=ORIENTED_EDGE('',*,*,#3507,.F.);
#1723=ORIENTED_EDGE('',*,*,#3504,.F.);
#1724=ORIENTED_EDGE('',*,*,#3475,.T.);
#1725=ORIENTED_EDGE('',*,*,#3602,.T.);
#1726=ORIENTED_EDGE('',*,*,#3595,.F.);
#1727=ORIENTED_EDGE('',*,*,#3600,.F.);
#1728=CARTESIAN_POINT('',(1.55,8.8,2.54));
#1729=DIRECTION('',(-0.0,1.0,0.0));
#1730=DIRECTION('',(1.0,0.0,0.0));
#1731=ORIENTED_EDGE('',*,*,#3603,.F.);
#1732=ORIENTED_EDGE('',*,*,#3604,.F.);
#1733=ORIENTED_EDGE('',*,*,#3605,.F.);
#1734=ORIENTED_EDGE('',*,*,#3606,.T.);
#1735=ORIENTED_EDGE('',*,*,#3607,.F.);
#1736=ORIENTED_EDGE('',*,*,#3608,.T.);
#1737=CARTESIAN_POINT('',(5.35,14.43,2.54));
#1738=DIRECTION('',(0.0,1.0,0.0));
#1739=DIRECTION('',(0.0,0.0,-1.0));
#1740=ORIENTED_EDGE('',*,*,#3609,.F.);
#1741=ORIENTED_EDGE('',*,*,#3610,.F.);
#1742=ORIENTED_EDGE('',*,*,#3611,.F.);
#1743=ORIENTED_EDGE('',*,*,#3612,.F.);
#1744=ORIENTED_EDGE('',*,*,#3613,.F.);
#1745=ORIENTED_EDGE('',*,*,#3614,.F.);
#1746=CARTESIAN_POINT('',(5.35,18.07,7.62));
#1747=DIRECTION('',(0.0,-1.0,0.0));
#1748=DIRECTION('',(0.0,0.0,1.0));
#1749=ORIENTED_EDGE('',*,*,#3615,.T.);
#1750=ORIENTED_EDGE('',*,*,#3616,.T.);
#1751=ORIENTED_EDGE('',*,*,#3617,.F.);
#1752=ORIENTED_EDGE('',*,*,#3618,.T.);
#1753=CARTESIAN_POINT('',(0.350000000000005,3.5,2.54));
#1754=DIRECTION('',(-0.0,1.0,0.0));
#1755=DIRECTION('',(1.0,0.0,0.0));
#1756=ORIENTED_EDGE('',*,*,#3619,.F.);
#1757=ORIENTED_EDGE('',*,*,#3620,.F.);
#1758=ORIENTED_EDGE('',*,*,#3621,.T.);
#1759=ORIENTED_EDGE('',*,*,#3618,.F.);
#1760=CARTESIAN_POINT('',(7.75000000000001,6.9,2.715));
#1761=DIRECTION('',(-1.0,0.0,0.0));
#1762=DIRECTION('',(0.0,0.0,1.0));
#1763=ORIENTED_EDGE('',*,*,#3622,.F.);
#1764=ORIENTED_EDGE('',*,*,#3623,.F.);
#1765=ORIENTED_EDGE('',*,*,#3624,.T.);
#1766=ORIENTED_EDGE('',*,*,#3625,.T.);
#1767=CARTESIAN_POINT('',(2.25000000000001,8.2,4.54));
#1768=DIRECTION('',(0.0,-1.0E-16,-1.0));
#1769=DIRECTION('',(0.0,-1.0,1.0E-16));
#1770=ORIENTED_EDGE('',*,*,#3626,.T.);
#1771=ORIENTED_EDGE('',*,*,#3627,.F.);
#1772=ORIENTED_EDGE('',*,*,#3628,.F.);
#1773=ORIENTED_EDGE('',*,*,#3629,.F.);
#1774=ORIENTED_EDGE('',*,*,#3630,.T.);
#1775=CARTESIAN_POINT('',(0.350000000000005,3.5,2.54));
#1776=DIRECTION('',(-0.0,1.0,0.0));
#1777=DIRECTION('',(1.0,0.0,0.0));
#1778=ORIENTED_EDGE('',*,*,#3631,.F.);
#1779=ORIENTED_EDGE('',*,*,#3613,.T.);
#1780=ORIENTED_EDGE('',*,*,#3632,.F.);
#1781=ORIENTED_EDGE('',*,*,#3633,.T.);
#1782=ORIENTED_EDGE('',*,*,#3634,.F.);
#1783=ORIENTED_EDGE('',*,*,#3635,.T.);
#1784=ORIENTED_EDGE('',*,*,#3636,.F.);
#1785=ORIENTED_EDGE('',*,*,#3637,.F.);
#1786=ORIENTED_EDGE('',*,*,#3638,.F.);
#1787=ORIENTED_EDGE('',*,*,#3639,.F.);
#1788=ORIENTED_EDGE('',*,*,#3640,.F.);
#1789=ORIENTED_EDGE('',*,*,#3641,.F.);
#1790=ORIENTED_EDGE('',*,*,#3642,.F.);
#1791=ORIENTED_EDGE('',*,*,#3643,.F.);
#1792=ORIENTED_EDGE('',*,*,#3644,.F.);
#1793=ORIENTED_EDGE('',*,*,#3645,.F.);
#1794=ORIENTED_EDGE('',*,*,#3646,.F.);
#1795=ORIENTED_EDGE('',*,*,#3647,.T.);
#1796=ORIENTED_EDGE('',*,*,#3648,.T.);
#1797=ORIENTED_EDGE('',*,*,#3649,.F.);
#1798=ORIENTED_EDGE('',*,*,#3650,.F.);
#1799=ORIENTED_EDGE('',*,*,#3651,.F.);
#1800=ORIENTED_EDGE('',*,*,#3652,.T.);
#1801=ORIENTED_EDGE('',*,*,#3653,.F.);
#1802=ORIENTED_EDGE('',*,*,#3654,.F.);
#1803=ORIENTED_EDGE('',*,*,#3655,.F.);
#1804=ORIENTED_EDGE('',*,*,#3656,.F.);
#1805=ORIENTED_EDGE('',*,*,#3657,.F.);
#1806=ORIENTED_EDGE('',*,*,#3658,.F.);
#1807=ORIENTED_EDGE('',*,*,#3659,.F.);
#1808=ORIENTED_EDGE('',*,*,#3660,.F.);
#1809=ORIENTED_EDGE('',*,*,#3661,.T.);
#1810=ORIENTED_EDGE('',*,*,#3662,.F.);
#1811=ORIENTED_EDGE('',*,*,#3663,.F.);
#1812=CARTESIAN_POINT('',(15.35,-6.21464,7.62));
#1813=DIRECTION('',(0.0,0.0,1.0));
#1814=DIRECTION('',(1.0,0.0,0.0));
#1815=ORIENTED_EDGE('',*,*,#3636,.T.);
#1816=ORIENTED_EDGE('',*,*,#3664,.F.);
#1817=ORIENTED_EDGE('',*,*,#3665,.T.);
#1818=CARTESIAN_POINT('',(5.35,16.0,7.62));
#1819=DIRECTION('',(1.0E-16,1.0,0.0));
#1820=DIRECTION('',(1.0,-1.0E-16,0.0));
#1821=ORIENTED_EDGE('',*,*,#3666,.T.);
#1822=ORIENTED_EDGE('',*,*,#3630,.F.);
#1823=ORIENTED_EDGE('',*,*,#3667,.T.);
#1824=ORIENTED_EDGE('',*,*,#3668,.T.);
#1825=CARTESIAN_POINT('',(2.70000000000001,3.5,3.99));
#1826=DIRECTION('',(1.0,0.0,0.0));
#1827=DIRECTION('',(0.0,1.0,0.0));
#1828=ORIENTED_EDGE('',*,*,#3616,.F.);
#1829=ORIENTED_EDGE('',*,*,#3669,.T.);
#1830=ORIENTED_EDGE('',*,*,#3670,.T.);
#1831=ORIENTED_EDGE('',*,*,#3671,.T.);
#1832=ORIENTED_EDGE('',*,*,#3672,.T.);
#1833=ORIENTED_EDGE('',*,*,#3673,.F.);
#1834=ORIENTED_EDGE('',*,*,#3674,.F.);
#1835=ORIENTED_EDGE('',*,*,#3675,.F.);
#1836=CARTESIAN_POINT('',(2.75000000000001,3.5,1.09));
#1837=DIRECTION('',(-1.0,0.0,0.0));
#1838=DIRECTION('',(0.0,0.0,1.0));
#1839=ORIENTED_EDGE('',*,*,#3619,.T.);
#1840=ORIENTED_EDGE('',*,*,#3617,.T.);
#1841=ORIENTED_EDGE('',*,*,#3675,.T.);
#1842=ORIENTED_EDGE('',*,*,#3676,.F.);
#1843=CARTESIAN_POINT('',(2.75000000000001,8.07214,3.84));
#1844=DIRECTION('',(0.0,0.0,-1.0));
#1845=DIRECTION('',(0.0,-1.0,0.0));
#1846=ORIENTED_EDGE('',*,*,#3677,.F.);
#1847=ORIENTED_EDGE('',*,*,#3678,.T.);
#1848=ORIENTED_EDGE('',*,*,#3679,.F.);
#1849=ORIENTED_EDGE('',*,*,#3624,.F.);
#1850=ORIENTED_EDGE('',*,*,#3680,.T.);
#1851=ORIENTED_EDGE('',*,*,#3673,.T.);
#1852=ORIENTED_EDGE('',*,*,#3681,.F.);
#1853=ORIENTED_EDGE('',*,*,#3682,.F.);
#1854=CARTESIAN_POINT('',(-2.45933806298168,7.1,3.43999999999999));
#1855=DIRECTION('',(0.0,-1.0E-16,-1.0));
#1856=DIRECTION('',(0.0,-1.0,1.0E-16));
#1857=ORIENTED_EDGE('',*,*,#3683,.F.);
#1858=ORIENTED_EDGE('',*,*,#3684,.T.);
#1859=ORIENTED_EDGE('',*,*,#3678,.F.);
#1860=ORIENTED_EDGE('',*,*,#3685,.F.);
#1861=ORIENTED_EDGE('',*,*,#3686,.F.);
#1862=ORIENTED_EDGE('',*,*,#3687,.F.);
#1863=ORIENTED_EDGE('',*,*,#3688,.F.);
#1864=CARTESIAN_POINT('',(1.55000000000001,8.8,2.54));
#1865=DIRECTION('',(-0.0,1.0,0.0));
#1866=DIRECTION('',(1.0,0.0,0.0));
#1867=ORIENTED_EDGE('',*,*,#3689,.T.);
#1868=ORIENTED_EDGE('',*,*,#3690,.F.);
#1869=ORIENTED_EDGE('',*,*,#3685,.T.);
#1870=ORIENTED_EDGE('',*,*,#3677,.T.);
#1871=CARTESIAN_POINT('',(2.05000000000001,9.9,2.54));
#1872=DIRECTION('',(-1.0,0.0,0.0));
#1873=DIRECTION('',(0.0,0.0,1.0));
#1874=ORIENTED_EDGE('',*,*,#3684,.F.);
#1875=ORIENTED_EDGE('',*,*,#3691,.T.);
#1876=ORIENTED_EDGE('',*,*,#3625,.F.);
#1877=ORIENTED_EDGE('',*,*,#3679,.T.);
#1878=CARTESIAN_POINT('',(1.15000000000001,-0.692946695818395,4.54));
#1879=DIRECTION('',(-1.0,0.0,0.0));
#1880=DIRECTION('',(0.0,0.0,1.0));
#1881=ORIENTED_EDGE('',*,*,#3692,.T.);
#1882=ORIENTED_EDGE('',*,*,#3620,.T.);
#1883=ORIENTED_EDGE('',*,*,#3676,.T.);
#1884=ORIENTED_EDGE('',*,*,#3674,.T.);
#1885=ORIENTED_EDGE('',*,*,#3680,.F.);
#1886=ORIENTED_EDGE('',*,*,#3623,.T.);
#1887=CARTESIAN_POINT('',(-2.45933806298168,7.1,4.54));
#1888=DIRECTION('',(0.0,-1.0,1.0E-16));
#1889=DIRECTION('',(-1.0,0.0,0.0));
#1890=ORIENTED_EDGE('',*,*,#3681,.T.);
#1891=ORIENTED_EDGE('',*,*,#3672,.F.);
#1892=ORIENTED_EDGE('',*,*,#3693,.F.);
#1893=ORIENTED_EDGE('',*,*,#3694,.F.);
#1894=CARTESIAN_POINT('',(2.45000000000001,8.0,2.54));
#1895=DIRECTION('',(0.0,-1.0,0.0));
#1896=DIRECTION('',(0.0,0.0,-1.0));
#1897=ORIENTED_EDGE('',*,*,#3695,.T.);
#1898=ORIENTED_EDGE('',*,*,#3696,.F.);
#1899=ORIENTED_EDGE('',*,*,#3654,.T.);
#1900=ORIENTED_EDGE('',*,*,#3697,.T.);
#1901=ORIENTED_EDGE('',*,*,#3698,.T.);
#1902=ORIENTED_EDGE('',*,*,#3699,.F.);
#1903=ORIENTED_EDGE('',*,*,#3700,.T.);
#1904=ORIENTED_EDGE('',*,*,#3701,.F.);
#1905=ORIENTED_EDGE('',*,*,#3702,.T.);
#1906=ORIENTED_EDGE('',*,*,#3703,.T.);
#1907=ORIENTED_EDGE('',*,*,#3658,.T.);
#1908=ORIENTED_EDGE('',*,*,#3704,.F.);
#1909=CARTESIAN_POINT('',(5.67500000000001,-3.25260651745652E-16,4.78));
#1910=DIRECTION('',(0.0,-1.0,0.0));
#1911=DIRECTION('',(0.0,0.0,-1.0));
#1912=ORIENTED_EDGE('',*,*,#3705,.T.);
#1913=ORIENTED_EDGE('',*,*,#3706,.F.);
#1914=ORIENTED_EDGE('',*,*,#3704,.T.);
#1915=ORIENTED_EDGE('',*,*,#3657,.T.);
#1916=ORIENTED_EDGE('',*,*,#3707,.T.);
#1917=CARTESIAN_POINT('',(5.95000000000001,0.307053304181605,9.62));
#1918=DIRECTION('',(1.0,0.0,0.0));
#1919=DIRECTION('',(0.0,1.0,0.0));
#1920=ORIENTED_EDGE('',*,*,#3708,.T.);
#1921=ORIENTED_EDGE('',*,*,#3707,.F.);
#1922=ORIENTED_EDGE('',*,*,#3656,.T.);
#1923=ORIENTED_EDGE('',*,*,#3709,.T.);
#1924=CARTESIAN_POINT('',(-2.45933806298169,-4.0,9.62));
#1925=DIRECTION('',(-2.0E-15,-1.0,1.0E-16));
#1926=DIRECTION('',(-1.0,2.0E-15,0.0));
#1927=ORIENTED_EDGE('',*,*,#3696,.T.);
#1928=ORIENTED_EDGE('',*,*,#3710,.T.);
#1929=ORIENTED_EDGE('',*,*,#3711,.T.);
#1930=ORIENTED_EDGE('',*,*,#3709,.F.);
#1931=ORIENTED_EDGE('',*,*,#3655,.T.);
#1932=CARTESIAN_POINT('',(5.05000000000001,0.307053304181605,9.62));
#1933=DIRECTION('',(-1.0,0.0,0.0));
#1934=DIRECTION('',(0.0,0.0,1.0));
#1935=ORIENTED_EDGE('',*,*,#3712,.T.);
#1936=ORIENTED_EDGE('',*,*,#3705,.F.);
#1937=ORIENTED_EDGE('',*,*,#3708,.F.);
#1938=ORIENTED_EDGE('',*,*,#3711,.F.);
#1939=CARTESIAN_POINT('',(6.15000000000001,0.392637980906734,6.20735555431865));
#1940=DIRECTION('',(-0.0,0.258819045102521,0.965925826289068));
#1941=DIRECTION('',(1.0,0.0,0.0));
#1942=ORIENTED_EDGE('',*,*,#3706,.T.);
#1943=ORIENTED_EDGE('',*,*,#3712,.F.);
#1944=ORIENTED_EDGE('',*,*,#3710,.F.);
#1945=ORIENTED_EDGE('',*,*,#3695,.F.);
#1946=CARTESIAN_POINT('',(-2.45933806298168,1.2,7.17));
#1947=DIRECTION('',(0.0,1.0E-16,1.0));
#1948=DIRECTION('',(0.0,-1.0,1.0E-16));
#1949=ORIENTED_EDGE('',*,*,#3713,.T.);
#1950=ORIENTED_EDGE('',*,*,#3701,.T.);
#1951=ORIENTED_EDGE('',*,*,#3714,.F.);
#1952=ORIENTED_EDGE('',*,*,#3715,.T.);
#1953=ORIENTED_EDGE('',*,*,#3716,.T.);
#1954=CARTESIAN_POINT('',(5.95000000000001,0.307053304181605,4.54));
#1955=DIRECTION('',(1.0,0.0,0.0));
#1956=DIRECTION('',(0.0,1.0,0.0));
#1957=ORIENTED_EDGE('',*,*,#3717,.T.);
#1958=ORIENTED_EDGE('',*,*,#3718,.F.);
#1959=ORIENTED_EDGE('',*,*,#3719,.F.);
#1960=ORIENTED_EDGE('',*,*,#3715,.F.);
#1961=CARTESIAN_POINT('',(6.15000000000001,1.39263798090673,4.22059363811245));
#1962=DIRECTION('',(0.0,0.258819045102521,-0.965925826289068));
#1963=DIRECTION('',(-1.0,0.0,0.0));
#1964=ORIENTED_EDGE('',*,*,#3720,.T.);
#1965=ORIENTED_EDGE('',*,*,#3716,.F.);
#1966=ORIENTED_EDGE('',*,*,#3719,.T.);
#1967=ORIENTED_EDGE('',*,*,#3721,.T.);
#1968=CARTESIAN_POINT('',(-2.45933806298169,-4.0,4.54));
#1969=DIRECTION('',(-2.0E-15,-1.0,1.0E-16));
#1970=DIRECTION('',(-1.0,2.0E-15,0.0));
#1971=ORIENTED_EDGE('',*,*,#3722,.T.);
#1972=ORIENTED_EDGE('',*,*,#3721,.F.);
#1973=ORIENTED_EDGE('',*,*,#3718,.T.);
#1974=ORIENTED_EDGE('',*,*,#3723,.T.);
#1975=ORIENTED_EDGE('',*,*,#3699,.T.);
#1976=CARTESIAN_POINT('',(5.05000000000001,0.307053304181605,4.54));
#1977=DIRECTION('',(-1.0,0.0,0.0));
#1978=DIRECTION('',(0.0,0.0,1.0));
#1979=ORIENTED_EDGE('',*,*,#3700,.F.);
#1980=ORIENTED_EDGE('',*,*,#3723,.F.);
#1981=ORIENTED_EDGE('',*,*,#3717,.F.);
#1982=ORIENTED_EDGE('',*,*,#3714,.T.);
#1983=CARTESIAN_POINT('',(-2.45933806298168,1.2,2.98999999999999));
#1984=DIRECTION('',(0.0,-1.0E-16,-1.0));
#1985=DIRECTION('',(0.0,-1.0,1.0E-16));
#1986=ORIENTED_EDGE('',*,*,#3609,.T.);
#1987=ORIENTED_EDGE('',*,*,#3724,.F.);
#1988=ORIENTED_EDGE('',*,*,#3637,.T.);
#1989=ORIENTED_EDGE('',*,*,#3665,.F.);
#1990=ORIENTED_EDGE('',*,*,#3725,.T.);
#1991=ORIENTED_EDGE('',*,*,#3726,.F.);
#1992=CARTESIAN_POINT('',(5.35,18.07,7.62));
#1993=DIRECTION('',(0.0,-1.0,0.0));
#1994=DIRECTION('',(0.0,0.0,1.0));
#1995=ORIENTED_EDGE('',*,*,#3612,.T.);
#1996=ORIENTED_EDGE('',*,*,#3727,.F.);
#1997=ORIENTED_EDGE('',*,*,#3632,.T.);
#1998=CARTESIAN_POINT('',(5.35,16.0,7.62));
#1999=DIRECTION('',(1.0E-16,1.0,0.0));
#2000=DIRECTION('',(1.0,-1.0E-16,0.0));
#2001=ORIENTED_EDGE('',*,*,#3633,.F.);
#2002=ORIENTED_EDGE('',*,*,#3727,.T.);
#2003=ORIENTED_EDGE('',*,*,#3611,.T.);
#2004=ORIENTED_EDGE('',*,*,#3728,.F.);
#2005=CARTESIAN_POINT('',(5.75000000000001,16.0,7.62));
#2006=DIRECTION('',(1.0,-1.0E-16,0.0));
#2007=DIRECTION('',(-1.0E-16,-1.0,0.0));
#2008=ORIENTED_EDGE('',*,*,#3634,.T.);
#2009=ORIENTED_EDGE('',*,*,#3728,.T.);
#2010=ORIENTED_EDGE('',*,*,#3610,.T.);
#2011=ORIENTED_EDGE('',*,*,#3726,.T.);
#2012=ORIENTED_EDGE('',*,*,#3729,.T.);
#2013=CARTESIAN_POINT('',(5.35,15.1,7.62));
#2014=DIRECTION('',(1.0E-16,1.0,0.0));
#2015=DIRECTION('',(1.0,-1.0E-16,0.0));
#2016=ORIENTED_EDGE('',*,*,#3725,.F.);
#2017=ORIENTED_EDGE('',*,*,#3664,.T.);
#2018=ORIENTED_EDGE('',*,*,#3635,.F.);
#2019=ORIENTED_EDGE('',*,*,#3729,.F.);
#2020=CARTESIAN_POINT('',(4.95000000000001,16.0,7.62));
#2021=DIRECTION('',(-1.0,1.0E-16,0.0));
#2022=DIRECTION('',(0.0,0.0,1.0));
#2023=ORIENTED_EDGE('',*,*,#3628,.T.);
#2024=ORIENTED_EDGE('',*,*,#3730,.T.);
#2025=ORIENTED_EDGE('',*,*,#3687,.T.);
#2026=ORIENTED_EDGE('',*,*,#3731,.T.);
#2027=CARTESIAN_POINT('',(0.709807621135505,5.7,4.0998076211355));
#2028=DIRECTION('',(-0.499999999999909,0.0,-0.866025403784491));
#2029=DIRECTION('',(-0.866025403784491,0.0,0.499999999999909));
#2030=ORIENTED_EDGE('',*,*,#3732,.T.);
#2031=ORIENTED_EDGE('',*,*,#3668,.F.);
#2032=ORIENTED_EDGE('',*,*,#3733,.F.);
#2033=ORIENTED_EDGE('',*,*,#3670,.F.);
#2034=CARTESIAN_POINT('',(5.25000000000001,3.4,2.53999999999999));
#2035=DIRECTION('',(-0.0,1.0,0.0));
#2036=DIRECTION('',(1.0,0.0,0.0));
#2037=ORIENTED_EDGE('',*,*,#3690,.T.);
#2038=ORIENTED_EDGE('',*,*,#3734,.T.);
#2039=ORIENTED_EDGE('',*,*,#3693,.T.);
#2040=ORIENTED_EDGE('',*,*,#3671,.F.);
#2041=ORIENTED_EDGE('',*,*,#3733,.T.);
#2042=ORIENTED_EDGE('',*,*,#3667,.F.);
#2043=ORIENTED_EDGE('',*,*,#3629,.T.);
#2044=ORIENTED_EDGE('',*,*,#3731,.F.);
#2045=ORIENTED_EDGE('',*,*,#3686,.T.);
#2046=CARTESIAN_POINT('',(1.80000000000001,4.4,3.99));
#2047=DIRECTION('',(0.0,0.0,-1.0));
#2048=DIRECTION('',(0.0,-1.0,0.0));
#2049=ORIENTED_EDGE('',*,*,#3689,.F.);
#2050=ORIENTED_EDGE('',*,*,#3682,.T.);
#2051=ORIENTED_EDGE('',*,*,#3694,.T.);
#2052=ORIENTED_EDGE('',*,*,#3734,.F.);
#2053=CARTESIAN_POINT('',(2.25000000000001,8.2,7.62));
#2054=DIRECTION('',(0.0,0.0,1.0));
#2055=DIRECTION('',(1.0,0.0,0.0));
#2056=ORIENTED_EDGE('',*,*,#3735,.F.);
#2057=ORIENTED_EDGE('',*,*,#3736,.F.);
#2058=ORIENTED_EDGE('',*,*,#3737,.T.);
#2059=ORIENTED_EDGE('',*,*,#3738,.T.);
#2060=CARTESIAN_POINT('',(2.25000000000001,8.2,7.62));
#2061=DIRECTION('',(0.0,0.0,1.0));
#2062=DIRECTION('',(1.0,0.0,0.0));
#2063=ORIENTED_EDGE('',*,*,#3739,.F.);
#2064=ORIENTED_EDGE('',*,*,#3740,.F.);
#2065=ORIENTED_EDGE('',*,*,#3741,.T.);
#2066=ORIENTED_EDGE('',*,*,#3742,.F.);
#2067=ORIENTED_EDGE('',*,*,#3743,.T.);
#2068=ORIENTED_EDGE('',*,*,#3744,.F.);
#2069=ORIENTED_EDGE('',*,*,#3745,.T.);
#2070=ORIENTED_EDGE('',*,*,#3746,.F.);
#2071=ORIENTED_EDGE('',*,*,#3737,.F.);
#2072=CARTESIAN_POINT('',(1.80000000000001,4.4,6.17));
#2073=DIRECTION('',(0.0,0.0,-1.0));
#2074=DIRECTION('',(0.0,-1.0,0.0));
#2075=ORIENTED_EDGE('',*,*,#3747,.T.);
#2076=ORIENTED_EDGE('',*,*,#3748,.F.);
#2077=ORIENTED_EDGE('',*,*,#3738,.F.);
#2078=ORIENTED_EDGE('',*,*,#3746,.T.);
#2079=CARTESIAN_POINT('',(2.45000000000001,8.0,7.62));
#2080=DIRECTION('',(-0.0,1.0,0.0));
#2081=DIRECTION('',(1.0,0.0,0.0));
#2082=ORIENTED_EDGE('',*,*,#3648,.F.);
#2083=ORIENTED_EDGE('',*,*,#3749,.F.);
#2084=ORIENTED_EDGE('',*,*,#3750,.T.);
#2085=ORIENTED_EDGE('',*,*,#3751,.F.);
#2086=CARTESIAN_POINT('',(0.350000000000005,3.5,7.62));
#2087=DIRECTION('',(0.0,-1.0,0.0));
#2088=DIRECTION('',(0.0,0.0,-1.0));
#2089=ORIENTED_EDGE('',*,*,#3752,.T.);
#2090=ORIENTED_EDGE('',*,*,#3749,.T.);
#2091=ORIENTED_EDGE('',*,*,#3647,.F.);
#2092=ORIENTED_EDGE('',*,*,#3753,.T.);
#2093=CARTESIAN_POINT('',(7.75000000000001,6.9,7.445));
#2094=DIRECTION('',(1.0,0.0,0.0));
#2095=DIRECTION('',(0.0,1.0,0.0));
#2096=ORIENTED_EDGE('',*,*,#3754,.F.);
#2097=ORIENTED_EDGE('',*,*,#3755,.T.);
#2098=ORIENTED_EDGE('',*,*,#3750,.F.);
#2099=ORIENTED_EDGE('',*,*,#3752,.F.);
#2100=CARTESIAN_POINT('',(2.75000000000001,4.175705,6.32));
#2101=DIRECTION('',(0.0,0.0,1.0));
#2102=DIRECTION('',(1.0,0.0,0.0));
#2103=ORIENTED_EDGE('',*,*,#3650,.T.);
#2104=ORIENTED_EDGE('',*,*,#3756,.F.);
#2105=ORIENTED_EDGE('',*,*,#3744,.T.);
#2106=ORIENTED_EDGE('',*,*,#3757,.T.);
#2107=CARTESIAN_POINT('',(5.25000000000001,3.4,2.53999999999999));
#2108=DIRECTION('',(-0.0,1.0,0.0));
#2109=DIRECTION('',(1.0,0.0,0.0));
#2110=ORIENTED_EDGE('',*,*,#3745,.F.);
#2111=ORIENTED_EDGE('',*,*,#3756,.T.);
#2112=ORIENTED_EDGE('',*,*,#3649,.T.);
#2113=ORIENTED_EDGE('',*,*,#3751,.T.);
#2114=ORIENTED_EDGE('',*,*,#3755,.F.);
#2115=ORIENTED_EDGE('',*,*,#3758,.F.);
#2116=ORIENTED_EDGE('',*,*,#3759,.F.);
#2117=ORIENTED_EDGE('',*,*,#3747,.F.);
#2118=CARTESIAN_POINT('',(2.75000000000001,3.5,6.17));
#2119=DIRECTION('',(-1.0,0.0,0.0));
#2120=DIRECTION('',(0.0,0.0,1.0));
#2121=ORIENTED_EDGE('',*,*,#3760,.F.);
#2122=ORIENTED_EDGE('',*,*,#3761,.F.);
#2123=ORIENTED_EDGE('',*,*,#3739,.T.);
#2124=ORIENTED_EDGE('',*,*,#3736,.T.);
#2125=CARTESIAN_POINT('',(2.05000000000001,9.9,7.62));
#2126=DIRECTION('',(1.0,0.0,0.0));
#2127=DIRECTION('',(0.0,1.0,0.0));
#2128=ORIENTED_EDGE('',*,*,#3762,.F.);
#2129=ORIENTED_EDGE('',*,*,#3763,.F.);
#2130=ORIENTED_EDGE('',*,*,#3760,.T.);
#2131=ORIENTED_EDGE('',*,*,#3735,.T.);
#2132=ORIENTED_EDGE('',*,*,#3748,.T.);
#2133=ORIENTED_EDGE('',*,*,#3759,.T.);
#2134=ORIENTED_EDGE('',*,*,#3764,.T.);
#2135=ORIENTED_EDGE('',*,*,#3765,.F.);
#2136=CARTESIAN_POINT('',(-2.45933806298168,7.1,6.72));
#2137=DIRECTION('',(0.0,1.0E-16,1.0));
#2138=DIRECTION('',(0.0,-1.0,1.0E-16));
#2139=ORIENTED_EDGE('',*,*,#3758,.T.);
#2140=ORIENTED_EDGE('',*,*,#3754,.T.);
#2141=ORIENTED_EDGE('',*,*,#3753,.F.);
#2142=ORIENTED_EDGE('',*,*,#3646,.T.);
#2143=ORIENTED_EDGE('',*,*,#3766,.T.);
#2144=ORIENTED_EDGE('',*,*,#3764,.F.);
#2145=CARTESIAN_POINT('',(-2.45933806298168,7.1,9.62));
#2146=DIRECTION('',(0.0,-1.0,1.0E-16));
#2147=DIRECTION('',(-1.0,0.0,0.0));
#2148=ORIENTED_EDGE('',*,*,#3765,.T.);
#2149=ORIENTED_EDGE('',*,*,#3766,.F.);
#2150=ORIENTED_EDGE('',*,*,#3645,.T.);
#2151=ORIENTED_EDGE('',*,*,#3767,.T.);
#2152=CARTESIAN_POINT('',(2.25000000000001,8.2,9.62));
#2153=DIRECTION('',(0.0,-1.0E-16,-1.0));
#2154=DIRECTION('',(0.0,-1.0,1.0E-16));
#2155=ORIENTED_EDGE('',*,*,#3768,.T.);
#2156=ORIENTED_EDGE('',*,*,#3762,.T.);
#2157=ORIENTED_EDGE('',*,*,#3767,.F.);
#2158=ORIENTED_EDGE('',*,*,#3644,.T.);
#2159=CARTESIAN_POINT('',(1.15000000000001,-0.692946695818395,9.62));
#2160=DIRECTION('',(-1.0,0.0,0.0));
#2161=DIRECTION('',(0.0,0.0,1.0));
#2162=ORIENTED_EDGE('',*,*,#3651,.T.);
#2163=ORIENTED_EDGE('',*,*,#3757,.F.);
#2164=ORIENTED_EDGE('',*,*,#3743,.F.);
#2165=ORIENTED_EDGE('',*,*,#3769,.T.);
#2166=CARTESIAN_POINT('',(2.70000000000001,3.5,9.07));
#2167=DIRECTION('',(1.0,0.0,0.0));
#2168=DIRECTION('',(0.0,1.0,0.0));
#2169=ORIENTED_EDGE('',*,*,#3770,.F.);
#2170=ORIENTED_EDGE('',*,*,#3771,.F.);
#2171=ORIENTED_EDGE('',*,*,#3772,.F.);
#2172=ORIENTED_EDGE('',*,*,#3741,.F.);
#2173=CARTESIAN_POINT('',(0.709807621135505,5.7,6.0601923788645));
#2174=DIRECTION('',(0.499999999999909,0.0,-0.866025403784491));
#2175=DIRECTION('',(0.0,-1.0,0.0));
#2176=ORIENTED_EDGE('',*,*,#3773,.F.);
#2177=ORIENTED_EDGE('',*,*,#3652,.F.);
#2178=ORIENTED_EDGE('',*,*,#3769,.F.);
#2179=ORIENTED_EDGE('',*,*,#3742,.T.);
#2180=ORIENTED_EDGE('',*,*,#3772,.T.);
#2181=CARTESIAN_POINT('',(0.350000000000005,3.5,7.62));
#2182=DIRECTION('',(0.0,-1.0,0.0));
#2183=DIRECTION('',(0.0,0.0,-1.0));
#2184=ORIENTED_EDGE('',*,*,#3740,.T.);
#2185=ORIENTED_EDGE('',*,*,#3761,.T.);
#2186=ORIENTED_EDGE('',*,*,#3763,.T.);
#2187=ORIENTED_EDGE('',*,*,#3768,.F.);
#2188=ORIENTED_EDGE('',*,*,#3643,.T.);
#2189=ORIENTED_EDGE('',*,*,#3774,.T.);
#2190=ORIENTED_EDGE('',*,*,#3770,.T.);
#2191=CARTESIAN_POINT('',(1.55000000000001,8.8,7.62));
#2192=DIRECTION('',(0.0,-1.0,0.0));
#2193=DIRECTION('',(0.0,0.0,-1.0));
#2194=ORIENTED_EDGE('',*,*,#3773,.T.);
#2195=ORIENTED_EDGE('',*,*,#3771,.T.);
#2196=ORIENTED_EDGE('',*,*,#3774,.F.);
#2197=ORIENTED_EDGE('',*,*,#3642,.T.);
#2198=ORIENTED_EDGE('',*,*,#3775,.T.);
#2199=ORIENTED_EDGE('',*,*,#3776,.T.);
#2200=ORIENTED_EDGE('',*,*,#3688,.T.);
#2201=ORIENTED_EDGE('',*,*,#3730,.F.);
#2202=ORIENTED_EDGE('',*,*,#3627,.T.);
#2203=ORIENTED_EDGE('',*,*,#3777,.T.);
#2204=ORIENTED_EDGE('',*,*,#3697,.F.);
#2205=ORIENTED_EDGE('',*,*,#3653,.T.);
#2206=CARTESIAN_POINT('',(5.20417042793042E-15,6.0,5.08));
#2207=DIRECTION('',(-1.0,0.0,0.0));
#2208=DIRECTION('',(0.0,0.0,1.0));
#2209=ORIENTED_EDGE('',*,*,#3641,.T.);
#2210=ORIENTED_EDGE('',*,*,#3778,.T.);
#2211=ORIENTED_EDGE('',*,*,#3779,.T.);
#2212=ORIENTED_EDGE('',*,*,#3775,.F.);
#2213=CARTESIAN_POINT('',(0.250000000000005,12.0,5.08));
#2214=DIRECTION('',(-0.0,1.0,0.0));
#2215=DIRECTION('',(1.0,0.0,0.0));
#2216=ORIENTED_EDGE('',*,*,#3640,.T.);
#2217=ORIENTED_EDGE('',*,*,#3780,.T.);
#2218=ORIENTED_EDGE('',*,*,#3781,.T.);
#2219=ORIENTED_EDGE('',*,*,#3778,.F.);
#2220=CARTESIAN_POINT('',(1.70000000000001,14.25,5.08));
#2221=DIRECTION('',(-0.882352941176471,0.470588235294118,0.0));
#2222=DIRECTION('',(0.0,0.0,1.0));
#2223=ORIENTED_EDGE('',*,*,#3639,.T.);
#2224=ORIENTED_EDGE('',*,*,#3782,.T.);
#2225=ORIENTED_EDGE('',*,*,#3783,.T.);
#2226=ORIENTED_EDGE('',*,*,#3780,.F.);
#2227=CARTESIAN_POINT('',(2.90000000000001,17.25,5.08));
#2228=DIRECTION('',(-1.0,0.0,0.0));
#2229=DIRECTION('',(0.0,0.0,1.0));
#2230=ORIENTED_EDGE('',*,*,#3606,.F.);
#2231=ORIENTED_EDGE('',*,*,#3784,.T.);
#2232=ORIENTED_EDGE('',*,*,#3785,.F.);
#2233=CARTESIAN_POINT('',(5.35,16.0,2.53999999999999));
#2234=DIRECTION('',(1.0E-16,1.0,0.0));
#2235=DIRECTION('',(1.0,-1.0E-16,0.0));
#2236=ORIENTED_EDGE('',*,*,#3786,.F.);
#2237=ORIENTED_EDGE('',*,*,#3787,.F.);
#2238=ORIENTED_EDGE('',*,*,#3607,.T.);
#2239=ORIENTED_EDGE('',*,*,#3785,.T.);
#2240=CARTESIAN_POINT('',(5.75000000000001,16.0,2.53999999999999));
#2241=DIRECTION('',(1.0,-1.0E-16,0.0));
#2242=DIRECTION('',(-1.0E-16,-1.0,0.0));
#2243=ORIENTED_EDGE('',*,*,#3608,.F.);
#2244=ORIENTED_EDGE('',*,*,#3787,.T.);
#2245=ORIENTED_EDGE('',*,*,#3788,.T.);
#2246=ORIENTED_EDGE('',*,*,#3789,.T.);
#2247=ORIENTED_EDGE('',*,*,#3790,.F.);
#2248=CARTESIAN_POINT('',(5.35,15.1,2.53999999999999));
#2249=DIRECTION('',(1.0E-16,1.0,0.0));
#2250=DIRECTION('',(1.0,-1.0E-16,0.0));
#2251=ORIENTED_EDGE('',*,*,#3791,.F.);
#2252=ORIENTED_EDGE('',*,*,#3789,.F.);
#2253=ORIENTED_EDGE('',*,*,#3792,.F.);
#2254=ORIENTED_EDGE('',*,*,#3793,.T.);
#2255=CARTESIAN_POINT('',(4.95000000000001,16.0,2.53999999999999));
#2256=DIRECTION('',(-1.0,1.0E-16,0.0));
#2257=DIRECTION('',(0.0,0.0,1.0));
#2258=ORIENTED_EDGE('',*,*,#3794,.T.);
#2259=ORIENTED_EDGE('',*,*,#3795,.F.);
#2260=ORIENTED_EDGE('',*,*,#3793,.F.);
#2261=CARTESIAN_POINT('',(5.35,16.0,2.53999999999999));
#2262=DIRECTION('',(1.0E-16,1.0,0.0));
#2263=DIRECTION('',(1.0,-1.0E-16,0.0));
#2264=ORIENTED_EDGE('',*,*,#3603,.T.);
#2265=ORIENTED_EDGE('',*,*,#3790,.T.);
#2266=ORIENTED_EDGE('',*,*,#3791,.T.);
#2267=ORIENTED_EDGE('',*,*,#3795,.T.);
#2268=ORIENTED_EDGE('',*,*,#3796,.T.);
#2269=ORIENTED_EDGE('',*,*,#3797,.F.);
#2270=CARTESIAN_POINT('',(5.35,14.43,2.54));
#2271=DIRECTION('',(0.0,1.0,0.0));
#2272=DIRECTION('',(0.0,0.0,-1.0));
#2273=ORIENTED_EDGE('',*,*,#3604,.T.);
#2274=ORIENTED_EDGE('',*,*,#3797,.T.);
#2275=ORIENTED_EDGE('',*,*,#3798,.T.);
#2276=ORIENTED_EDGE('',*,*,#3782,.F.);
#2277=ORIENTED_EDGE('',*,*,#3638,.T.);
#2278=ORIENTED_EDGE('',*,*,#3724,.T.);
#2279=ORIENTED_EDGE('',*,*,#3614,.T.);
#2280=ORIENTED_EDGE('',*,*,#3631,.T.);
#2281=ORIENTED_EDGE('',*,*,#3799,.F.);
#2282=ORIENTED_EDGE('',*,*,#3800,.T.);
#2283=CARTESIAN_POINT('',(5.85,18.0,5.08));
#2284=DIRECTION('',(-0.0,1.0,0.0));
#2285=DIRECTION('',(1.0,0.0,0.0));
#2286=ORIENTED_EDGE('',*,*,#3801,.F.);
#2287=ORIENTED_EDGE('',*,*,#3802,.F.);
#2288=ORIENTED_EDGE('',*,*,#3803,.F.);
#2289=ORIENTED_EDGE('',*,*,#3804,.F.);
#2290=CARTESIAN_POINT('',(9.65000000000001,7.75,4.59));
#2291=DIRECTION('',(0.0,0.0,1.0));
#2292=DIRECTION('',(1.0,0.0,0.0));
#2293=ORIENTED_EDGE('',*,*,#3805,.F.);
#2294=ORIENTED_EDGE('',*,*,#3806,.T.);
#2295=ORIENTED_EDGE('',*,*,#3801,.T.);
#2296=ORIENTED_EDGE('',*,*,#3807,.T.);
#2297=CARTESIAN_POINT('',(10.925,8.2,2.54));
#2298=DIRECTION('',(0.0,-1.0,0.0));
#2299=DIRECTION('',(0.0,0.0,-1.0));
#2300=ORIENTED_EDGE('',*,*,#3808,.T.);
#2301=ORIENTED_EDGE('',*,*,#3807,.F.);
#2302=ORIENTED_EDGE('',*,*,#3804,.T.);
#2303=ORIENTED_EDGE('',*,*,#3809,.T.);
#2304=CARTESIAN_POINT('',(10.5,10.35,2.54));
#2305=DIRECTION('',(-1.0,0.0,0.0));
#2306=DIRECTION('',(0.0,0.0,1.0));
#2307=ORIENTED_EDGE('',*,*,#3663,.T.);
#2308=ORIENTED_EDGE('',*,*,#3810,.F.);
#2309=ORIENTED_EDGE('',*,*,#3811,.T.);
#2310=ORIENTED_EDGE('',*,*,#3812,.T.);
#2311=ORIENTED_EDGE('',*,*,#3802,.T.);
#2312=ORIENTED_EDGE('',*,*,#3806,.F.);
#2313=ORIENTED_EDGE('',*,*,#3813,.T.);
#2314=ORIENTED_EDGE('',*,*,#3799,.T.);
#2315=CARTESIAN_POINT('',(8.80000000000001,9.0,5.08));
#2316=DIRECTION('',(1.0,0.0,0.0));
#2317=DIRECTION('',(0.0,1.0,0.0));
#2318=ORIENTED_EDGE('',*,*,#3661,.F.);
#2319=ORIENTED_EDGE('',*,*,#3814,.F.);
#2320=ORIENTED_EDGE('',*,*,#3815,.F.);
#2321=ORIENTED_EDGE('',*,*,#3816,.F.);
#2322=CARTESIAN_POINT('',(10.5,10.35,7.62));
#2323=DIRECTION('',(1.0,0.0,0.0));
#2324=DIRECTION('',(0.0,1.0,0.0));
#2325=ORIENTED_EDGE('',*,*,#3817,.F.);
#2326=ORIENTED_EDGE('',*,*,#3815,.T.);
#2327=ORIENTED_EDGE('',*,*,#3818,.F.);
#2328=ORIENTED_EDGE('',*,*,#3811,.F.);
#2329=CARTESIAN_POINT('',(9.65000000000001,7.75,5.57));
#2330=DIRECTION('',(0.0,0.0,1.0));
#2331=DIRECTION('',(1.0,0.0,0.0));
#2332=ORIENTED_EDGE('',*,*,#3816,.T.);
#2333=ORIENTED_EDGE('',*,*,#3817,.T.);
#2334=ORIENTED_EDGE('',*,*,#3810,.T.);
#2335=ORIENTED_EDGE('',*,*,#3662,.T.);
#2336=CARTESIAN_POINT('',(10.925,8.2,7.62));
#2337=DIRECTION('',(-0.0,1.0,0.0));
#2338=DIRECTION('',(1.0,0.0,0.0));
#2339=ORIENTED_EDGE('',*,*,#3812,.F.);
#2340=ORIENTED_EDGE('',*,*,#3818,.T.);
#2341=ORIENTED_EDGE('',*,*,#3814,.T.);
#2342=ORIENTED_EDGE('',*,*,#3660,.T.);
#2343=ORIENTED_EDGE('',*,*,#3819,.T.);
#2344=ORIENTED_EDGE('',*,*,#3820,.T.);
#2345=ORIENTED_EDGE('',*,*,#3809,.F.);
#2346=ORIENTED_EDGE('',*,*,#3803,.T.);
#2347=CARTESIAN_POINT('',(10.075,15.5,5.08));
#2348=DIRECTION('',(-0.0,1.0,0.0));
#2349=DIRECTION('',(1.0,0.0,0.0));
#2350=ORIENTED_EDGE('',*,*,#3666,.F.);
#2351=ORIENTED_EDGE('',*,*,#3732,.F.);
#2352=ORIENTED_EDGE('',*,*,#3669,.F.);
#2353=ORIENTED_EDGE('',*,*,#3615,.F.);
#2354=ORIENTED_EDGE('',*,*,#3621,.F.);
#2355=ORIENTED_EDGE('',*,*,#3692,.F.);
#2356=ORIENTED_EDGE('',*,*,#3622,.T.);
#2357=ORIENTED_EDGE('',*,*,#3691,.F.);
#2358=ORIENTED_EDGE('',*,*,#3683,.T.);
#2359=ORIENTED_EDGE('',*,*,#3776,.F.);
#2360=ORIENTED_EDGE('',*,*,#3779,.F.);
#2361=ORIENTED_EDGE('',*,*,#3781,.F.);
#2362=ORIENTED_EDGE('',*,*,#3783,.F.);
#2363=ORIENTED_EDGE('',*,*,#3798,.F.);
#2364=ORIENTED_EDGE('',*,*,#3796,.F.);
#2365=ORIENTED_EDGE('',*,*,#3794,.F.);
#2366=ORIENTED_EDGE('',*,*,#3792,.T.);
#2367=ORIENTED_EDGE('',*,*,#3788,.F.);
#2368=ORIENTED_EDGE('',*,*,#3786,.T.);
#2369=ORIENTED_EDGE('',*,*,#3784,.F.);
#2370=ORIENTED_EDGE('',*,*,#3605,.T.);
#2371=ORIENTED_EDGE('',*,*,#3800,.F.);
#2372=ORIENTED_EDGE('',*,*,#3813,.F.);
#2373=ORIENTED_EDGE('',*,*,#3805,.T.);
#2374=ORIENTED_EDGE('',*,*,#3808,.F.);
#2375=ORIENTED_EDGE('',*,*,#3820,.F.);
#2376=ORIENTED_EDGE('',*,*,#3821,.F.);
#2377=ORIENTED_EDGE('',*,*,#3702,.F.);
#2378=ORIENTED_EDGE('',*,*,#3713,.F.);
#2379=ORIENTED_EDGE('',*,*,#3720,.F.);
#2380=ORIENTED_EDGE('',*,*,#3722,.F.);
#2381=ORIENTED_EDGE('',*,*,#3698,.F.);
#2382=ORIENTED_EDGE('',*,*,#3777,.F.);
#2383=ORIENTED_EDGE('',*,*,#3626,.F.);
#2384=CARTESIAN_POINT('',(-4.65,-6.21464,2.54));
#2385=DIRECTION('',(0.0,0.0,-1.0));
#2386=DIRECTION('',(0.0,-1.0,0.0));
#2387=ORIENTED_EDGE('',*,*,#3659,.T.);
#2388=ORIENTED_EDGE('',*,*,#3703,.F.);
#2389=ORIENTED_EDGE('',*,*,#3821,.T.);
#2390=ORIENTED_EDGE('',*,*,#3819,.F.);
#2391=CARTESIAN_POINT('',(11.35,7.75,5.08));
#2392=DIRECTION('',(1.0,0.0,0.0));
#2393=DIRECTION('',(0.0,1.0,0.0));
#2394=ORIENTED_EDGE('',*,*,#3822,.F.);
#2395=ORIENTED_EDGE('',*,*,#3823,.F.);
#2396=ORIENTED_EDGE('',*,*,#3824,.F.);
#2397=ORIENTED_EDGE('',*,*,#3825,.T.);
#2398=ORIENTED_EDGE('',*,*,#3826,.F.);
#2399=ORIENTED_EDGE('',*,*,#3827,.T.);
#2400=CARTESIAN_POINT('',(5.35000000000001,14.43,7.62));
#2401=DIRECTION('',(0.0,1.0,0.0));
#2402=DIRECTION('',(0.0,0.0,-1.0));
#2403=ORIENTED_EDGE('',*,*,#3828,.F.);
#2404=ORIENTED_EDGE('',*,*,#3829,.F.);
#2405=ORIENTED_EDGE('',*,*,#3830,.F.);
#2406=ORIENTED_EDGE('',*,*,#3831,.F.);
#2407=ORIENTED_EDGE('',*,*,#3832,.F.);
#2408=ORIENTED_EDGE('',*,*,#3833,.F.);
#2409=CARTESIAN_POINT('',(5.35000000000001,18.07,12.7));
#2410=DIRECTION('',(0.0,-1.0,0.0));
#2411=DIRECTION('',(0.0,0.0,1.0));
#2412=ORIENTED_EDGE('',*,*,#3834,.T.);
#2413=ORIENTED_EDGE('',*,*,#3835,.T.);
#2414=ORIENTED_EDGE('',*,*,#3836,.F.);
#2415=ORIENTED_EDGE('',*,*,#3837,.T.);
#2416=CARTESIAN_POINT('',(0.35000000000001,3.49999999999999,7.62));
#2417=DIRECTION('',(-0.0,1.0,0.0));
#2418=DIRECTION('',(1.0,0.0,0.0));
#2419=ORIENTED_EDGE('',*,*,#3838,.F.);
#2420=ORIENTED_EDGE('',*,*,#3839,.F.);
#2421=ORIENTED_EDGE('',*,*,#3840,.T.);
#2422=ORIENTED_EDGE('',*,*,#3837,.F.);
#2423=CARTESIAN_POINT('',(7.75000000000001,6.89999999999999,7.795));
#2424=DIRECTION('',(-1.0,0.0,0.0));
#2425=DIRECTION('',(0.0,0.0,1.0));
#2426=ORIENTED_EDGE('',*,*,#3841,.F.);
#2427=ORIENTED_EDGE('',*,*,#3842,.F.);
#2428=ORIENTED_EDGE('',*,*,#3843,.T.);
#2429=ORIENTED_EDGE('',*,*,#3844,.T.);
#2430=CARTESIAN_POINT('',(2.25000000000001,8.19999999999999,9.62));
#2431=DIRECTION('',(0.0,-1.0E-16,-1.0));
#2432=DIRECTION('',(0.0,-1.0,1.0E-16));
#2433=ORIENTED_EDGE('',*,*,#3845,.T.);
#2434=ORIENTED_EDGE('',*,*,#3846,.F.);
#2435=ORIENTED_EDGE('',*,*,#3847,.F.);
#2436=ORIENTED_EDGE('',*,*,#3848,.F.);
#2437=ORIENTED_EDGE('',*,*,#3849,.T.);
#2438=CARTESIAN_POINT('',(0.35000000000001,3.49999999999999,7.62));
#2439=DIRECTION('',(-0.0,1.0,0.0));
#2440=DIRECTION('',(1.0,0.0,0.0));
#2441=ORIENTED_EDGE('',*,*,#3850,.F.);
#2442=ORIENTED_EDGE('',*,*,#3832,.T.);
#2443=ORIENTED_EDGE('',*,*,#3851,.F.);
#2444=ORIENTED_EDGE('',*,*,#3852,.T.);
#2445=ORIENTED_EDGE('',*,*,#3853,.F.);
#2446=ORIENTED_EDGE('',*,*,#3854,.T.);
#2447=ORIENTED_EDGE('',*,*,#3855,.F.);
#2448=ORIENTED_EDGE('',*,*,#3856,.F.);
#2449=ORIENTED_EDGE('',*,*,#3857,.F.);
#2450=ORIENTED_EDGE('',*,*,#3858,.F.);
#2451=ORIENTED_EDGE('',*,*,#3859,.F.);
#2452=ORIENTED_EDGE('',*,*,#3860,.F.);
#2453=ORIENTED_EDGE('',*,*,#3861,.F.);
#2454=ORIENTED_EDGE('',*,*,#3862,.F.);
#2455=ORIENTED_EDGE('',*,*,#3863,.F.);
#2456=ORIENTED_EDGE('',*,*,#3864,.F.);
#2457=ORIENTED_EDGE('',*,*,#3865,.F.);
#2458=ORIENTED_EDGE('',*,*,#3866,.T.);
#2459=ORIENTED_EDGE('',*,*,#3867,.T.);
#2460=ORIENTED_EDGE('',*,*,#3868,.F.);
#2461=ORIENTED_EDGE('',*,*,#3869,.F.);
#2462=ORIENTED_EDGE('',*,*,#3870,.F.);
#2463=ORIENTED_EDGE('',*,*,#3871,.T.);
#2464=ORIENTED_EDGE('',*,*,#3872,.F.);
#2465=ORIENTED_EDGE('',*,*,#3873,.F.);
#2466=ORIENTED_EDGE('',*,*,#3874,.F.);
#2467=ORIENTED_EDGE('',*,*,#3875,.F.);
#2468=ORIENTED_EDGE('',*,*,#3876,.F.);
#2469=ORIENTED_EDGE('',*,*,#3877,.F.);
#2470=ORIENTED_EDGE('',*,*,#3878,.F.);
#2471=ORIENTED_EDGE('',*,*,#3879,.F.);
#2472=ORIENTED_EDGE('',*,*,#3880,.T.);
#2473=ORIENTED_EDGE('',*,*,#3881,.F.);
#2474=ORIENTED_EDGE('',*,*,#3882,.F.);
#2475=CARTESIAN_POINT('',(15.35,-6.21464000000001,12.7));
#2476=DIRECTION('',(0.0,0.0,1.0));
#2477=DIRECTION('',(1.0,0.0,0.0));
#2478=ORIENTED_EDGE('',*,*,#3855,.T.);
#2479=ORIENTED_EDGE('',*,*,#3883,.F.);
#2480=ORIENTED_EDGE('',*,*,#3884,.T.);
#2481=CARTESIAN_POINT('',(5.35000000000001,16.0,12.7));
#2482=DIRECTION('',(1.0E-16,1.0,0.0));
#2483=DIRECTION('',(1.0,-1.0E-16,0.0));
#2484=ORIENTED_EDGE('',*,*,#3885,.T.);
#2485=ORIENTED_EDGE('',*,*,#3849,.F.);
#2486=ORIENTED_EDGE('',*,*,#3886,.T.);
#2487=ORIENTED_EDGE('',*,*,#3887,.T.);
#2488=CARTESIAN_POINT('',(2.70000000000001,3.49999999999999,9.07));
#2489=DIRECTION('',(1.0,0.0,0.0));
#2490=DIRECTION('',(0.0,1.0,0.0));
#2491=ORIENTED_EDGE('',*,*,#3835,.F.);
#2492=ORIENTED_EDGE('',*,*,#3888,.T.);
#2493=ORIENTED_EDGE('',*,*,#3889,.T.);
#2494=ORIENTED_EDGE('',*,*,#3890,.T.);
#2495=ORIENTED_EDGE('',*,*,#3891,.T.);
#2496=ORIENTED_EDGE('',*,*,#3892,.F.);
#2497=ORIENTED_EDGE('',*,*,#3893,.F.);
#2498=ORIENTED_EDGE('',*,*,#3894,.F.);
#2499=CARTESIAN_POINT('',(2.75000000000001,3.49999999999999,6.17));
#2500=DIRECTION('',(-1.0,0.0,0.0));
#2501=DIRECTION('',(0.0,0.0,1.0));
#2502=ORIENTED_EDGE('',*,*,#3838,.T.);
#2503=ORIENTED_EDGE('',*,*,#3836,.T.);
#2504=ORIENTED_EDGE('',*,*,#3894,.T.);
#2505=ORIENTED_EDGE('',*,*,#3895,.F.);
#2506=CARTESIAN_POINT('',(2.75000000000001,8.07213999999999,8.92));
#2507=DIRECTION('',(0.0,0.0,-1.0));
#2508=DIRECTION('',(0.0,-1.0,0.0));
#2509=ORIENTED_EDGE('',*,*,#3896,.F.);
#2510=ORIENTED_EDGE('',*,*,#3897,.T.);
#2511=ORIENTED_EDGE('',*,*,#3898,.F.);
#2512=ORIENTED_EDGE('',*,*,#3843,.F.);
#2513=ORIENTED_EDGE('',*,*,#3899,.T.);
#2514=ORIENTED_EDGE('',*,*,#3892,.T.);
#2515=ORIENTED_EDGE('',*,*,#3900,.F.);
#2516=ORIENTED_EDGE('',*,*,#3901,.F.);
#2517=CARTESIAN_POINT('',(-2.45933806298168,7.09999999999999,8.51999999999999));
#2518=DIRECTION('',(0.0,-1.0E-16,-1.0));
#2519=DIRECTION('',(0.0,-1.0,1.0E-16));
#2520=ORIENTED_EDGE('',*,*,#3902,.F.);
#2521=ORIENTED_EDGE('',*,*,#3903,.T.);
#2522=ORIENTED_EDGE('',*,*,#3897,.F.);
#2523=ORIENTED_EDGE('',*,*,#3904,.F.);
#2524=ORIENTED_EDGE('',*,*,#3905,.F.);
#2525=ORIENTED_EDGE('',*,*,#3906,.F.);
#2526=ORIENTED_EDGE('',*,*,#3907,.F.);
#2527=CARTESIAN_POINT('',(1.55000000000001,8.8,7.62));
#2528=DIRECTION('',(-0.0,1.0,0.0));
#2529=DIRECTION('',(1.0,0.0,0.0));
#2530=ORIENTED_EDGE('',*,*,#3908,.T.);
#2531=ORIENTED_EDGE('',*,*,#3909,.F.);
#2532=ORIENTED_EDGE('',*,*,#3904,.T.);
#2533=ORIENTED_EDGE('',*,*,#3896,.T.);
#2534=CARTESIAN_POINT('',(2.05000000000001,9.9,7.62));
#2535=DIRECTION('',(-1.0,0.0,0.0));
#2536=DIRECTION('',(0.0,0.0,1.0));
#2537=ORIENTED_EDGE('',*,*,#3903,.F.);
#2538=ORIENTED_EDGE('',*,*,#3910,.T.);
#2539=ORIENTED_EDGE('',*,*,#3844,.F.);
#2540=ORIENTED_EDGE('',*,*,#3898,.T.);
#2541=CARTESIAN_POINT('',(1.15000000000001,-0.692946695818401,9.62));
#2542=DIRECTION('',(-1.0,0.0,0.0));
#2543=DIRECTION('',(0.0,0.0,1.0));
#2544=ORIENTED_EDGE('',*,*,#3911,.T.);
#2545=ORIENTED_EDGE('',*,*,#3839,.T.);
#2546=ORIENTED_EDGE('',*,*,#3895,.T.);
#2547=ORIENTED_EDGE('',*,*,#3893,.T.);
#2548=ORIENTED_EDGE('',*,*,#3899,.F.);
#2549=ORIENTED_EDGE('',*,*,#3842,.T.);
#2550=CARTESIAN_POINT('',(-2.45933806298168,7.09999999999999,9.62));
#2551=DIRECTION('',(0.0,-1.0,1.0E-16));
#2552=DIRECTION('',(-1.0,0.0,0.0));
#2553=ORIENTED_EDGE('',*,*,#3900,.T.);
#2554=ORIENTED_EDGE('',*,*,#3891,.F.);
#2555=ORIENTED_EDGE('',*,*,#3912,.F.);
#2556=ORIENTED_EDGE('',*,*,#3913,.F.);
#2557=CARTESIAN_POINT('',(2.45000000000001,7.99999999999999,7.62));
#2558=DIRECTION('',(0.0,-1.0,0.0));
#2559=DIRECTION('',(0.0,0.0,-1.0));
#2560=ORIENTED_EDGE('',*,*,#3914,.T.);
#2561=ORIENTED_EDGE('',*,*,#3915,.F.);
#2562=ORIENTED_EDGE('',*,*,#3873,.T.);
#2563=ORIENTED_EDGE('',*,*,#3916,.T.);
#2564=ORIENTED_EDGE('',*,*,#3917,.T.);
#2565=ORIENTED_EDGE('',*,*,#3918,.F.);
#2566=ORIENTED_EDGE('',*,*,#3919,.T.);
#2567=ORIENTED_EDGE('',*,*,#3920,.F.);
#2568=ORIENTED_EDGE('',*,*,#3921,.T.);
#2569=ORIENTED_EDGE('',*,*,#3922,.T.);
#2570=ORIENTED_EDGE('',*,*,#3877,.T.);
#2571=ORIENTED_EDGE('',*,*,#3923,.F.);
#2572=CARTESIAN_POINT('',(5.67500000000001,-6.07153216591882E-15,9.86));
#2573=DIRECTION('',(0.0,-1.0,0.0));
#2574=DIRECTION('',(0.0,0.0,-1.0));
#2575=ORIENTED_EDGE('',*,*,#3924,.T.);
#2576=ORIENTED_EDGE('',*,*,#3925,.F.);
#2577=ORIENTED_EDGE('',*,*,#3923,.T.);
#2578=ORIENTED_EDGE('',*,*,#3876,.T.);
#2579=ORIENTED_EDGE('',*,*,#3926,.T.);
#2580=CARTESIAN_POINT('',(5.95000000000001,0.307053304181599,14.7));
#2581=DIRECTION('',(1.0,0.0,0.0));
#2582=DIRECTION('',(0.0,1.0,0.0));
#2583=ORIENTED_EDGE('',*,*,#3927,.T.);
#2584=ORIENTED_EDGE('',*,*,#3926,.F.);
#2585=ORIENTED_EDGE('',*,*,#3875,.T.);
#2586=ORIENTED_EDGE('',*,*,#3928,.T.);
#2587=CARTESIAN_POINT('',(-2.45933806298169,-4.00000000000001,14.7));
#2588=DIRECTION('',(-2.0E-15,-1.0,1.0E-16));
#2589=DIRECTION('',(-1.0,2.0E-15,0.0));
#2590=ORIENTED_EDGE('',*,*,#3915,.T.);
#2591=ORIENTED_EDGE('',*,*,#3929,.T.);
#2592=ORIENTED_EDGE('',*,*,#3930,.T.);
#2593=ORIENTED_EDGE('',*,*,#3928,.F.);
#2594=ORIENTED_EDGE('',*,*,#3874,.T.);
#2595=CARTESIAN_POINT('',(5.05000000000001,0.307053304181599,14.7));
#2596=DIRECTION('',(-1.0,0.0,0.0));
#2597=DIRECTION('',(0.0,0.0,1.0));
#2598=ORIENTED_EDGE('',*,*,#3931,.T.);
#2599=ORIENTED_EDGE('',*,*,#3924,.F.);
#2600=ORIENTED_EDGE('',*,*,#3927,.F.);
#2601=ORIENTED_EDGE('',*,*,#3930,.F.);
#2602=CARTESIAN_POINT('',(6.15000000000001,0.392637980906728,11.2873555543186));
#2603=DIRECTION('',(-0.0,0.258819045102521,0.965925826289068));
#2604=DIRECTION('',(1.0,0.0,0.0));
#2605=ORIENTED_EDGE('',*,*,#3925,.T.);
#2606=ORIENTED_EDGE('',*,*,#3931,.F.);
#2607=ORIENTED_EDGE('',*,*,#3929,.F.);
#2608=ORIENTED_EDGE('',*,*,#3914,.F.);
#2609=CARTESIAN_POINT('',(-2.45933806298168,1.19999999999999,12.25));
#2610=DIRECTION('',(0.0,1.0E-16,1.0));
#2611=DIRECTION('',(0.0,-1.0,1.0E-16));
#2612=ORIENTED_EDGE('',*,*,#3932,.T.);
#2613=ORIENTED_EDGE('',*,*,#3920,.T.);
#2614=ORIENTED_EDGE('',*,*,#3933,.F.);
#2615=ORIENTED_EDGE('',*,*,#3934,.T.);
#2616=ORIENTED_EDGE('',*,*,#3935,.T.);
#2617=CARTESIAN_POINT('',(5.95000000000001,0.307053304181599,9.62));
#2618=DIRECTION('',(1.0,0.0,0.0));
#2619=DIRECTION('',(0.0,1.0,0.0));
#2620=ORIENTED_EDGE('',*,*,#3936,.T.);
#2621=ORIENTED_EDGE('',*,*,#3937,.F.);
#2622=ORIENTED_EDGE('',*,*,#3938,.F.);
#2623=ORIENTED_EDGE('',*,*,#3934,.F.);
#2624=CARTESIAN_POINT('',(6.15000000000001,1.39263798090672,9.30059363811245));
#2625=DIRECTION('',(0.0,0.258819045102521,-0.965925826289068));
#2626=DIRECTION('',(-1.0,0.0,0.0));
#2627=ORIENTED_EDGE('',*,*,#3939,.T.);
#2628=ORIENTED_EDGE('',*,*,#3935,.F.);
#2629=ORIENTED_EDGE('',*,*,#3938,.T.);
#2630=ORIENTED_EDGE('',*,*,#3940,.T.);
#2631=CARTESIAN_POINT('',(-2.45933806298169,-4.00000000000001,9.62));
#2632=DIRECTION('',(-2.0E-15,-1.0,1.0E-16));
#2633=DIRECTION('',(-1.0,2.0E-15,0.0));
#2634=ORIENTED_EDGE('',*,*,#3941,.T.);
#2635=ORIENTED_EDGE('',*,*,#3940,.F.);
#2636=ORIENTED_EDGE('',*,*,#3937,.T.);
#2637=ORIENTED_EDGE('',*,*,#3942,.T.);
#2638=ORIENTED_EDGE('',*,*,#3918,.T.);
#2639=CARTESIAN_POINT('',(5.05000000000001,0.307053304181599,9.62));
#2640=DIRECTION('',(-1.0,0.0,0.0));
#2641=DIRECTION('',(0.0,0.0,1.0));
#2642=ORIENTED_EDGE('',*,*,#3919,.F.);
#2643=ORIENTED_EDGE('',*,*,#3942,.F.);
#2644=ORIENTED_EDGE('',*,*,#3936,.F.);
#2645=ORIENTED_EDGE('',*,*,#3933,.T.);
#2646=CARTESIAN_POINT('',(-2.45933806298168,1.19999999999999,8.06999999999999));
#2647=DIRECTION('',(0.0,-1.0E-16,-1.0));
#2648=DIRECTION('',(0.0,-1.0,1.0E-16));
#2649=ORIENTED_EDGE('',*,*,#3828,.T.);
#2650=ORIENTED_EDGE('',*,*,#3943,.F.);
#2651=ORIENTED_EDGE('',*,*,#3856,.T.);
#2652=ORIENTED_EDGE('',*,*,#3884,.F.);
#2653=ORIENTED_EDGE('',*,*,#3944,.T.);
#2654=ORIENTED_EDGE('',*,*,#3945,.F.);
#2655=CARTESIAN_POINT('',(5.35000000000001,18.07,12.7));
#2656=DIRECTION('',(0.0,-1.0,0.0));
#2657=DIRECTION('',(0.0,0.0,1.0));
#2658=ORIENTED_EDGE('',*,*,#3831,.T.);
#2659=ORIENTED_EDGE('',*,*,#3946,.F.);
#2660=ORIENTED_EDGE('',*,*,#3851,.T.);
#2661=CARTESIAN_POINT('',(5.35000000000001,16.0,12.7));
#2662=DIRECTION('',(1.0E-16,1.0,0.0));
#2663=DIRECTION('',(1.0,-1.0E-16,0.0));
#2664=ORIENTED_EDGE('',*,*,#3852,.F.);
#2665=ORIENTED_EDGE('',*,*,#3946,.T.);
#2666=ORIENTED_EDGE('',*,*,#3830,.T.);
#2667=ORIENTED_EDGE('',*,*,#3947,.F.);
#2668=CARTESIAN_POINT('',(5.75000000000001,16.0,12.7));
#2669=DIRECTION('',(1.0,-1.0E-16,0.0));
#2670=DIRECTION('',(-1.0E-16,-1.0,0.0));
#2671=ORIENTED_EDGE('',*,*,#3853,.T.);
#2672=ORIENTED_EDGE('',*,*,#3947,.T.);
#2673=ORIENTED_EDGE('',*,*,#3829,.T.);
#2674=ORIENTED_EDGE('',*,*,#3945,.T.);
#2675=ORIENTED_EDGE('',*,*,#3948,.T.);
#2676=CARTESIAN_POINT('',(5.35000000000001,15.1,12.7));
#2677=DIRECTION('',(1.0E-16,1.0,0.0));
#2678=DIRECTION('',(1.0,-1.0E-16,0.0));
#2679=ORIENTED_EDGE('',*,*,#3944,.F.);
#2680=ORIENTED_EDGE('',*,*,#3883,.T.);
#2681=ORIENTED_EDGE('',*,*,#3854,.F.);
#2682=ORIENTED_EDGE('',*,*,#3948,.F.);
#2683=CARTESIAN_POINT('',(4.95000000000001,16.0,12.7));
#2684=DIRECTION('',(-1.0,1.0E-16,0.0));
#2685=DIRECTION('',(0.0,0.0,1.0));
#2686=ORIENTED_EDGE('',*,*,#3847,.T.);
#2687=ORIENTED_EDGE('',*,*,#3949,.T.);
#2688=ORIENTED_EDGE('',*,*,#3906,.T.);
#2689=ORIENTED_EDGE('',*,*,#3950,.T.);
#2690=CARTESIAN_POINT('',(0.70980762113551,5.69999999999999,9.1798076211355));
#2691=DIRECTION('',(-0.499999999999909,0.0,-0.866025403784491));
#2692=DIRECTION('',(-0.866025403784491,0.0,0.499999999999909));
#2693=ORIENTED_EDGE('',*,*,#3951,.T.);
#2694=ORIENTED_EDGE('',*,*,#3887,.F.);
#2695=ORIENTED_EDGE('',*,*,#3952,.F.);
#2696=ORIENTED_EDGE('',*,*,#3889,.F.);
#2697=CARTESIAN_POINT('',(5.25000000000001,3.39999999999999,7.61999999999999));
#2698=DIRECTION('',(-0.0,1.0,0.0));
#2699=DIRECTION('',(1.0,0.0,0.0));
#2700=ORIENTED_EDGE('',*,*,#3909,.T.);
#2701=ORIENTED_EDGE('',*,*,#3953,.T.);
#2702=ORIENTED_EDGE('',*,*,#3912,.T.);
#2703=ORIENTED_EDGE('',*,*,#3890,.F.);
#2704=ORIENTED_EDGE('',*,*,#3952,.T.);
#2705=ORIENTED_EDGE('',*,*,#3886,.F.);
#2706=ORIENTED_EDGE('',*,*,#3848,.T.);
#2707=ORIENTED_EDGE('',*,*,#3950,.F.);
#2708=ORIENTED_EDGE('',*,*,#3905,.T.);
#2709=CARTESIAN_POINT('',(1.80000000000001,4.39999999999999,9.07));
#2710=DIRECTION('',(0.0,0.0,-1.0));
#2711=DIRECTION('',(0.0,-1.0,0.0));
#2712=ORIENTED_EDGE('',*,*,#3908,.F.);
#2713=ORIENTED_EDGE('',*,*,#3901,.T.);
#2714=ORIENTED_EDGE('',*,*,#3913,.T.);
#2715=ORIENTED_EDGE('',*,*,#3953,.F.);
#2716=CARTESIAN_POINT('',(2.25000000000001,8.19999999999999,12.7));
#2717=DIRECTION('',(0.0,0.0,1.0));
#2718=DIRECTION('',(1.0,0.0,0.0));
#2719=ORIENTED_EDGE('',*,*,#3954,.F.);
#2720=ORIENTED_EDGE('',*,*,#3955,.F.);
#2721=ORIENTED_EDGE('',*,*,#3956,.T.);
#2722=ORIENTED_EDGE('',*,*,#3957,.T.);
#2723=CARTESIAN_POINT('',(2.25000000000001,8.19999999999999,12.7));
#2724=DIRECTION('',(0.0,0.0,1.0));
#2725=DIRECTION('',(1.0,0.0,0.0));
#2726=ORIENTED_EDGE('',*,*,#3958,.F.);
#2727=ORIENTED_EDGE('',*,*,#3959,.F.);
#2728=ORIENTED_EDGE('',*,*,#3960,.T.);
#2729=ORIENTED_EDGE('',*,*,#3961,.F.);
#2730=ORIENTED_EDGE('',*,*,#3962,.T.);
#2731=ORIENTED_EDGE('',*,*,#3963,.F.);
#2732=ORIENTED_EDGE('',*,*,#3964,.T.);
#2733=ORIENTED_EDGE('',*,*,#3965,.F.);
#2734=ORIENTED_EDGE('',*,*,#3956,.F.);
#2735=CARTESIAN_POINT('',(1.80000000000001,4.39999999999999,11.25));
#2736=DIRECTION('',(0.0,0.0,-1.0));
#2737=DIRECTION('',(0.0,-1.0,0.0));
#2738=ORIENTED_EDGE('',*,*,#3966,.T.);
#2739=ORIENTED_EDGE('',*,*,#3967,.F.);
#2740=ORIENTED_EDGE('',*,*,#3957,.F.);
#2741=ORIENTED_EDGE('',*,*,#3965,.T.);
#2742=CARTESIAN_POINT('',(2.45000000000001,7.99999999999999,12.7));
#2743=DIRECTION('',(-0.0,1.0,0.0));
#2744=DIRECTION('',(1.0,0.0,0.0));
#2745=ORIENTED_EDGE('',*,*,#3867,.F.);
#2746=ORIENTED_EDGE('',*,*,#3968,.F.);
#2747=ORIENTED_EDGE('',*,*,#3969,.T.);
#2748=ORIENTED_EDGE('',*,*,#3970,.F.);
#2749=CARTESIAN_POINT('',(0.35000000000001,3.49999999999999,12.7));
#2750=DIRECTION('',(0.0,-1.0,0.0));
#2751=DIRECTION('',(0.0,0.0,-1.0));
#2752=ORIENTED_EDGE('',*,*,#3971,.T.);
#2753=ORIENTED_EDGE('',*,*,#3968,.T.);
#2754=ORIENTED_EDGE('',*,*,#3866,.F.);
#2755=ORIENTED_EDGE('',*,*,#3972,.T.);
#2756=CARTESIAN_POINT('',(7.75000000000001,6.89999999999999,12.525));
#2757=DIRECTION('',(1.0,0.0,0.0));
#2758=DIRECTION('',(0.0,1.0,0.0));
#2759=ORIENTED_EDGE('',*,*,#3973,.F.);
#2760=ORIENTED_EDGE('',*,*,#3974,.T.);
#2761=ORIENTED_EDGE('',*,*,#3969,.F.);
#2762=ORIENTED_EDGE('',*,*,#3971,.F.);
#2763=CARTESIAN_POINT('',(2.75000000000001,4.17570499999999,11.4));
#2764=DIRECTION('',(0.0,0.0,1.0));
#2765=DIRECTION('',(1.0,0.0,0.0));
#2766=ORIENTED_EDGE('',*,*,#3869,.T.);
#2767=ORIENTED_EDGE('',*,*,#3975,.F.);
#2768=ORIENTED_EDGE('',*,*,#3963,.T.);
#2769=ORIENTED_EDGE('',*,*,#3976,.T.);
#2770=CARTESIAN_POINT('',(5.25000000000001,3.39999999999999,7.61999999999999));
#2771=DIRECTION('',(-0.0,1.0,0.0));
#2772=DIRECTION('',(1.0,0.0,0.0));
#2773=ORIENTED_EDGE('',*,*,#3964,.F.);
#2774=ORIENTED_EDGE('',*,*,#3975,.T.);
#2775=ORIENTED_EDGE('',*,*,#3868,.T.);
#2776=ORIENTED_EDGE('',*,*,#3970,.T.);
#2777=ORIENTED_EDGE('',*,*,#3974,.F.);
#2778=ORIENTED_EDGE('',*,*,#3977,.F.);
#2779=ORIENTED_EDGE('',*,*,#3978,.F.);
#2780=ORIENTED_EDGE('',*,*,#3966,.F.);
#2781=CARTESIAN_POINT('',(2.75000000000001,3.49999999999999,11.25));
#2782=DIRECTION('',(-1.0,0.0,0.0));
#2783=DIRECTION('',(0.0,0.0,1.0));
#2784=ORIENTED_EDGE('',*,*,#3979,.F.);
#2785=ORIENTED_EDGE('',*,*,#3980,.F.);
#2786=ORIENTED_EDGE('',*,*,#3958,.T.);
#2787=ORIENTED_EDGE('',*,*,#3955,.T.);
#2788=CARTESIAN_POINT('',(2.05000000000001,9.9,12.7));
#2789=DIRECTION('',(1.0,0.0,0.0));
#2790=DIRECTION('',(0.0,1.0,0.0));
#2791=ORIENTED_EDGE('',*,*,#3981,.F.);
#2792=ORIENTED_EDGE('',*,*,#3982,.F.);
#2793=ORIENTED_EDGE('',*,*,#3979,.T.);
#2794=ORIENTED_EDGE('',*,*,#3954,.T.);
#2795=ORIENTED_EDGE('',*,*,#3967,.T.);
#2796=ORIENTED_EDGE('',*,*,#3978,.T.);
#2797=ORIENTED_EDGE('',*,*,#3983,.T.);
#2798=ORIENTED_EDGE('',*,*,#3984,.F.);
#2799=CARTESIAN_POINT('',(-2.45933806298168,7.09999999999999,11.8));
#2800=DIRECTION('',(0.0,1.0E-16,1.0));
#2801=DIRECTION('',(0.0,-1.0,1.0E-16));
#2802=ORIENTED_EDGE('',*,*,#3977,.T.);
#2803=ORIENTED_EDGE('',*,*,#3973,.T.);
#2804=ORIENTED_EDGE('',*,*,#3972,.F.);
#2805=ORIENTED_EDGE('',*,*,#3865,.T.);
#2806=ORIENTED_EDGE('',*,*,#3985,.T.);
#2807=ORIENTED_EDGE('',*,*,#3983,.F.);
#2808=CARTESIAN_POINT('',(-2.45933806298168,7.09999999999999,14.7));
#2809=DIRECTION('',(0.0,-1.0,1.0E-16));
#2810=DIRECTION('',(-1.0,0.0,0.0));
#2811=ORIENTED_EDGE('',*,*,#3984,.T.);
#2812=ORIENTED_EDGE('',*,*,#3985,.F.);
#2813=ORIENTED_EDGE('',*,*,#3864,.T.);
#2814=ORIENTED_EDGE('',*,*,#3986,.T.);
#2815=CARTESIAN_POINT('',(2.25000000000001,8.19999999999999,14.7));
#2816=DIRECTION('',(0.0,-1.0E-16,-1.0));
#2817=DIRECTION('',(0.0,-1.0,1.0E-16));
#2818=ORIENTED_EDGE('',*,*,#3987,.T.);
#2819=ORIENTED_EDGE('',*,*,#3981,.T.);
#2820=ORIENTED_EDGE('',*,*,#3986,.F.);
#2821=ORIENTED_EDGE('',*,*,#3863,.T.);
#2822=CARTESIAN_POINT('',(1.15000000000001,-0.692946695818401,14.7));
#2823=DIRECTION('',(-1.0,0.0,0.0));
#2824=DIRECTION('',(0.0,0.0,1.0));
#2825=ORIENTED_EDGE('',*,*,#3870,.T.);
#2826=ORIENTED_EDGE('',*,*,#3976,.F.);
#2827=ORIENTED_EDGE('',*,*,#3962,.F.);
#2828=ORIENTED_EDGE('',*,*,#3988,.T.);
#2829=CARTESIAN_POINT('',(2.70000000000001,3.49999999999999,14.15));
#2830=DIRECTION('',(1.0,0.0,0.0));
#2831=DIRECTION('',(0.0,1.0,0.0));
#2832=ORIENTED_EDGE('',*,*,#3989,.F.);
#2833=ORIENTED_EDGE('',*,*,#3990,.F.);
#2834=ORIENTED_EDGE('',*,*,#3991,.F.);
#2835=ORIENTED_EDGE('',*,*,#3960,.F.);
#2836=CARTESIAN_POINT('',(0.70980762113551,5.69999999999999,11.1401923788645));
#2837=DIRECTION('',(0.499999999999909,0.0,-0.866025403784491));
#2838=DIRECTION('',(0.0,-1.0,0.0));
#2839=ORIENTED_EDGE('',*,*,#3992,.F.);
#2840=ORIENTED_EDGE('',*,*,#3871,.F.);
#2841=ORIENTED_EDGE('',*,*,#3988,.F.);
#2842=ORIENTED_EDGE('',*,*,#3961,.T.);
#2843=ORIENTED_EDGE('',*,*,#3991,.T.);
#2844=CARTESIAN_POINT('',(0.35000000000001,3.49999999999999,12.7));
#2845=DIRECTION('',(0.0,-1.0,0.0));
#2846=DIRECTION('',(0.0,0.0,-1.0));
#2847=ORIENTED_EDGE('',*,*,#3959,.T.);
#2848=ORIENTED_EDGE('',*,*,#3980,.T.);
#2849=ORIENTED_EDGE('',*,*,#3982,.T.);
#2850=ORIENTED_EDGE('',*,*,#3987,.F.);
#2851=ORIENTED_EDGE('',*,*,#3862,.T.);
#2852=ORIENTED_EDGE('',*,*,#3993,.T.);
#2853=ORIENTED_EDGE('',*,*,#3989,.T.);
#2854=CARTESIAN_POINT('',(1.55000000000001,8.8,12.7));
#2855=DIRECTION('',(0.0,-1.0,0.0));
#2856=DIRECTION('',(0.0,0.0,-1.0));
#2857=ORIENTED_EDGE('',*,*,#3992,.T.);
#2858=ORIENTED_EDGE('',*,*,#3990,.T.);
#2859=ORIENTED_EDGE('',*,*,#3993,.F.);
#2860=ORIENTED_EDGE('',*,*,#3861,.T.);
#2861=ORIENTED_EDGE('',*,*,#3994,.T.);
#2862=ORIENTED_EDGE('',*,*,#3995,.T.);
#2863=ORIENTED_EDGE('',*,*,#3907,.T.);
#2864=ORIENTED_EDGE('',*,*,#3949,.F.);
#2865=ORIENTED_EDGE('',*,*,#3846,.T.);
#2866=ORIENTED_EDGE('',*,*,#3996,.T.);
#2867=ORIENTED_EDGE('',*,*,#3916,.F.);
#2868=ORIENTED_EDGE('',*,*,#3872,.T.);
#2869=CARTESIAN_POINT('',(9.75511558960871E-15,5.99999999999999,10.16));
#2870=DIRECTION('',(-1.0,0.0,0.0));
#2871=DIRECTION('',(0.0,0.0,1.0));
#2872=ORIENTED_EDGE('',*,*,#3860,.T.);
#2873=ORIENTED_EDGE('',*,*,#3997,.T.);
#2874=ORIENTED_EDGE('',*,*,#3998,.T.);
#2875=ORIENTED_EDGE('',*,*,#3994,.F.);
#2876=CARTESIAN_POINT('',(0.25000000000001,12.0,10.16));
#2877=DIRECTION('',(-0.0,1.0,0.0));
#2878=DIRECTION('',(1.0,0.0,0.0));
#2879=ORIENTED_EDGE('',*,*,#3859,.T.);
#2880=ORIENTED_EDGE('',*,*,#3999,.T.);
#2881=ORIENTED_EDGE('',*,*,#4000,.T.);
#2882=ORIENTED_EDGE('',*,*,#3997,.F.);
#2883=CARTESIAN_POINT('',(1.70000000000001,14.25,10.16));
#2884=DIRECTION('',(-0.882352941176471,0.470588235294118,0.0));
#2885=DIRECTION('',(0.0,0.0,1.0));
#2886=ORIENTED_EDGE('',*,*,#3858,.T.);
#2887=ORIENTED_EDGE('',*,*,#4001,.T.);
#2888=ORIENTED_EDGE('',*,*,#4002,.T.);
#2889=ORIENTED_EDGE('',*,*,#3999,.F.);
#2890=CARTESIAN_POINT('',(2.90000000000001,17.25,10.16));
#2891=DIRECTION('',(-1.0,0.0,0.0));
#2892=DIRECTION('',(0.0,0.0,1.0));
#2893=ORIENTED_EDGE('',*,*,#3825,.F.);
#2894=ORIENTED_EDGE('',*,*,#4003,.T.);
#2895=ORIENTED_EDGE('',*,*,#4004,.F.);
#2896=CARTESIAN_POINT('',(5.35000000000001,16.0,7.61999999999999));
#2897=DIRECTION('',(1.0E-16,1.0,0.0));
#2898=DIRECTION('',(1.0,-1.0E-16,0.0));
#2899=ORIENTED_EDGE('',*,*,#4005,.F.);
#2900=ORIENTED_EDGE('',*,*,#4006,.F.);
#2901=ORIENTED_EDGE('',*,*,#3826,.T.);
#2902=ORIENTED_EDGE('',*,*,#4004,.T.);
#2903=CARTESIAN_POINT('',(5.75000000000001,16.0,7.61999999999999));
#2904=DIRECTION('',(1.0,-1.0E-16,0.0));
#2905=DIRECTION('',(-1.0E-16,-1.0,0.0));
#2906=ORIENTED_EDGE('',*,*,#3827,.F.);
#2907=ORIENTED_EDGE('',*,*,#4006,.T.);
#2908=ORIENTED_EDGE('',*,*,#4007,.T.);
#2909=ORIENTED_EDGE('',*,*,#4008,.T.);
#2910=ORIENTED_EDGE('',*,*,#4009,.F.);
#2911=CARTESIAN_POINT('',(5.35000000000001,15.1,7.61999999999999));
#2912=DIRECTION('',(1.0E-16,1.0,0.0));
#2913=DIRECTION('',(1.0,-1.0E-16,0.0));
#2914=ORIENTED_EDGE('',*,*,#4010,.F.);
#2915=ORIENTED_EDGE('',*,*,#4008,.F.);
#2916=ORIENTED_EDGE('',*,*,#4011,.F.);
#2917=ORIENTED_EDGE('',*,*,#4012,.T.);
#2918=CARTESIAN_POINT('',(4.95000000000001,16.0,7.61999999999999));
#2919=DIRECTION('',(-1.0,1.0E-16,0.0));
#2920=DIRECTION('',(0.0,0.0,1.0));
#2921=ORIENTED_EDGE('',*,*,#4013,.T.);
#2922=ORIENTED_EDGE('',*,*,#4014,.F.);
#2923=ORIENTED_EDGE('',*,*,#4012,.F.);
#2924=CARTESIAN_POINT('',(5.35000000000001,16.0,7.61999999999999));
#2925=DIRECTION('',(1.0E-16,1.0,0.0));
#2926=DIRECTION('',(1.0,-1.0E-16,0.0));
#2927=ORIENTED_EDGE('',*,*,#3822,.T.);
#2928=ORIENTED_EDGE('',*,*,#4009,.T.);
#2929=ORIENTED_EDGE('',*,*,#4010,.T.);
#2930=ORIENTED_EDGE('',*,*,#4014,.T.);
#2931=ORIENTED_EDGE('',*,*,#4015,.T.);
#2932=ORIENTED_EDGE('',*,*,#4016,.F.);
#2933=CARTESIAN_POINT('',(5.35000000000001,14.43,7.62));
#2934=DIRECTION('',(0.0,1.0,0.0));
#2935=DIRECTION('',(0.0,0.0,-1.0));
#2936=ORIENTED_EDGE('',*,*,#3823,.T.);
#2937=ORIENTED_EDGE('',*,*,#4016,.T.);
#2938=ORIENTED_EDGE('',*,*,#4017,.T.);
#2939=ORIENTED_EDGE('',*,*,#4001,.F.);
#2940=ORIENTED_EDGE('',*,*,#3857,.T.);
#2941=ORIENTED_EDGE('',*,*,#3943,.T.);
#2942=ORIENTED_EDGE('',*,*,#3833,.T.);
#2943=ORIENTED_EDGE('',*,*,#3850,.T.);
#2944=ORIENTED_EDGE('',*,*,#4018,.F.);
#2945=ORIENTED_EDGE('',*,*,#4019,.T.);
#2946=CARTESIAN_POINT('',(5.85000000000001,18.0,10.16));
#2947=DIRECTION('',(-0.0,1.0,0.0));
#2948=DIRECTION('',(1.0,0.0,0.0));
#2949=ORIENTED_EDGE('',*,*,#4020,.F.);
#2950=ORIENTED_EDGE('',*,*,#4021,.F.);
#2951=ORIENTED_EDGE('',*,*,#4022,.F.);
#2952=ORIENTED_EDGE('',*,*,#4023,.F.);
#2953=CARTESIAN_POINT('',(9.65000000000001,7.74999999999999,9.67));
#2954=DIRECTION('',(0.0,0.0,1.0));
#2955=DIRECTION('',(1.0,0.0,0.0));
#2956=ORIENTED_EDGE('',*,*,#4024,.F.);
#2957=ORIENTED_EDGE('',*,*,#4025,.T.);
#2958=ORIENTED_EDGE('',*,*,#4020,.T.);
#2959=ORIENTED_EDGE('',*,*,#4026,.T.);
#2960=CARTESIAN_POINT('',(10.925,8.19999999999999,7.62));
#2961=DIRECTION('',(0.0,-1.0,0.0));
#2962=DIRECTION('',(0.0,0.0,-1.0));
#2963=ORIENTED_EDGE('',*,*,#4027,.T.);
#2964=ORIENTED_EDGE('',*,*,#4026,.F.);
#2965=ORIENTED_EDGE('',*,*,#4023,.T.);
#2966=ORIENTED_EDGE('',*,*,#4028,.T.);
#2967=CARTESIAN_POINT('',(10.5,10.35,7.62));
#2968=DIRECTION('',(-1.0,0.0,0.0));
#2969=DIRECTION('',(0.0,0.0,1.0));
#2970=ORIENTED_EDGE('',*,*,#3882,.T.);
#2971=ORIENTED_EDGE('',*,*,#4029,.F.);
#2972=ORIENTED_EDGE('',*,*,#4030,.T.);
#2973=ORIENTED_EDGE('',*,*,#4031,.T.);
#2974=ORIENTED_EDGE('',*,*,#4021,.T.);
#2975=ORIENTED_EDGE('',*,*,#4025,.F.);
#2976=ORIENTED_EDGE('',*,*,#4032,.T.);
#2977=ORIENTED_EDGE('',*,*,#4018,.T.);
#2978=CARTESIAN_POINT('',(8.80000000000001,8.99999999999999,10.16));
#2979=DIRECTION('',(1.0,0.0,0.0));
#2980=DIRECTION('',(0.0,1.0,0.0));
#2981=ORIENTED_EDGE('',*,*,#3880,.F.);
#2982=ORIENTED_EDGE('',*,*,#4033,.F.);
#2983=ORIENTED_EDGE('',*,*,#4034,.F.);
#2984=ORIENTED_EDGE('',*,*,#4035,.F.);
#2985=CARTESIAN_POINT('',(10.5,10.35,12.7));
#2986=DIRECTION('',(1.0,0.0,0.0));
#2987=DIRECTION('',(0.0,1.0,0.0));
#2988=ORIENTED_EDGE('',*,*,#4036,.F.);
#2989=ORIENTED_EDGE('',*,*,#4034,.T.);
#2990=ORIENTED_EDGE('',*,*,#4037,.F.);
#2991=ORIENTED_EDGE('',*,*,#4030,.F.);
#2992=CARTESIAN_POINT('',(9.65000000000001,7.74999999999999,10.65));
#2993=DIRECTION('',(0.0,0.0,1.0));
#2994=DIRECTION('',(1.0,0.0,0.0));
#2995=ORIENTED_EDGE('',*,*,#4035,.T.);
#2996=ORIENTED_EDGE('',*,*,#4036,.T.);
#2997=ORIENTED_EDGE('',*,*,#4029,.T.);
#2998=ORIENTED_EDGE('',*,*,#3881,.T.);
#2999=CARTESIAN_POINT('',(10.925,8.19999999999999,12.7));
#3000=DIRECTION('',(-0.0,1.0,0.0));
#3001=DIRECTION('',(1.0,0.0,0.0));
#3002=ORIENTED_EDGE('',*,*,#4031,.F.);
#3003=ORIENTED_EDGE('',*,*,#4037,.T.);
#3004=ORIENTED_EDGE('',*,*,#4033,.T.);
#3005=ORIENTED_EDGE('',*,*,#3879,.T.);
#3006=ORIENTED_EDGE('',*,*,#4038,.T.);
#3007=ORIENTED_EDGE('',*,*,#4039,.T.);
#3008=ORIENTED_EDGE('',*,*,#4028,.F.);
#3009=ORIENTED_EDGE('',*,*,#4022,.T.);
#3010=CARTESIAN_POINT('',(10.075,15.5,10.16));
#3011=DIRECTION('',(-0.0,1.0,0.0));
#3012=DIRECTION('',(1.0,0.0,0.0));
#3013=ORIENTED_EDGE('',*,*,#3885,.F.);
#3014=ORIENTED_EDGE('',*,*,#3951,.F.);
#3015=ORIENTED_EDGE('',*,*,#3888,.F.);
#3016=ORIENTED_EDGE('',*,*,#3834,.F.);
#3017=ORIENTED_EDGE('',*,*,#3840,.F.);
#3018=ORIENTED_EDGE('',*,*,#3911,.F.);
#3019=ORIENTED_EDGE('',*,*,#3841,.T.);
#3020=ORIENTED_EDGE('',*,*,#3910,.F.);
#3021=ORIENTED_EDGE('',*,*,#3902,.T.);
#3022=ORIENTED_EDGE('',*,*,#3995,.F.);
#3023=ORIENTED_EDGE('',*,*,#3998,.F.);
#3024=ORIENTED_EDGE('',*,*,#4000,.F.);
#3025=ORIENTED_EDGE('',*,*,#4002,.F.);
#3026=ORIENTED_EDGE('',*,*,#4017,.F.);
#3027=ORIENTED_EDGE('',*,*,#4015,.F.);
#3028=ORIENTED_EDGE('',*,*,#4013,.F.);
#3029=ORIENTED_EDGE('',*,*,#4011,.T.);
#3030=ORIENTED_EDGE('',*,*,#4007,.F.);
#3031=ORIENTED_EDGE('',*,*,#4005,.T.);
#3032=ORIENTED_EDGE('',*,*,#4003,.F.);
#3033=ORIENTED_EDGE('',*,*,#3824,.T.);
#3034=ORIENTED_EDGE('',*,*,#4019,.F.);
#3035=ORIENTED_EDGE('',*,*,#4032,.F.);
#3036=ORIENTED_EDGE('',*,*,#4024,.T.);
#3037=ORIENTED_EDGE('',*,*,#4027,.F.);
#3038=ORIENTED_EDGE('',*,*,#4039,.F.);
#3039=ORIENTED_EDGE('',*,*,#4040,.F.);
#3040=ORIENTED_EDGE('',*,*,#3921,.F.);
#3041=ORIENTED_EDGE('',*,*,#3932,.F.);
#3042=ORIENTED_EDGE('',*,*,#3939,.F.);
#3043=ORIENTED_EDGE('',*,*,#3941,.F.);
#3044=ORIENTED_EDGE('',*,*,#3917,.F.);
#3045=ORIENTED_EDGE('',*,*,#3996,.F.);
#3046=ORIENTED_EDGE('',*,*,#3845,.F.);
#3047=CARTESIAN_POINT('',(-4.64999999999999,-6.21464000000001,7.62));
#3048=DIRECTION('',(0.0,0.0,-1.0));
#3049=DIRECTION('',(0.0,-1.0,0.0));
#3050=ORIENTED_EDGE('',*,*,#3878,.T.);
#3051=ORIENTED_EDGE('',*,*,#3922,.F.);
#3052=ORIENTED_EDGE('',*,*,#4040,.T.);
#3053=ORIENTED_EDGE('',*,*,#4038,.F.);
#3054=CARTESIAN_POINT('',(11.35,7.74999999999999,10.16));
#3055=DIRECTION('',(1.0,0.0,0.0));
#3056=DIRECTION('',(0.0,1.0,0.0));
#3057=ORIENTED_EDGE('',*,*,#4041,.F.);
#3058=ORIENTED_EDGE('',*,*,#4042,.F.);
#3059=ORIENTED_EDGE('',*,*,#4043,.T.);
#3060=ORIENTED_EDGE('',*,*,#4044,.F.);
#3061=ORIENTED_EDGE('',*,*,#4045,.T.);
#3062=ORIENTED_EDGE('',*,*,#4046,.F.);
#3063=CARTESIAN_POINT('',(5.34999999999999,18.07,12.7));
#3064=DIRECTION('',(0.0,-1.0,0.0));
#3065=DIRECTION('',(0.0,0.0,1.0));
#3066=ORIENTED_EDGE('',*,*,#4047,.T.);
#3067=ORIENTED_EDGE('',*,*,#4048,.T.);
#3068=ORIENTED_EDGE('',*,*,#4049,.T.);
#3069=ORIENTED_EDGE('',*,*,#4050,.T.);
#3070=ORIENTED_EDGE('',*,*,#4051,.T.);
#3071=ORIENTED_EDGE('',*,*,#4052,.T.);
#3072=ORIENTED_EDGE('',*,*,#4053,.T.);
#3073=ORIENTED_EDGE('',*,*,#4054,.T.);
#3074=ORIENTED_EDGE('',*,*,#4055,.T.);
#3075=ORIENTED_EDGE('',*,*,#4056,.T.);
#3076=ORIENTED_EDGE('',*,*,#4057,.T.);
#3077=ORIENTED_EDGE('',*,*,#4058,.T.);
#3078=ORIENTED_EDGE('',*,*,#4059,.T.);
#3079=CARTESIAN_POINT('',(5.67499999999999,8.99999999999999,15.24));
#3080=DIRECTION('',(0.0,0.0,1.0));
#3081=DIRECTION('',(1.0,0.0,0.0));
#3082=ORIENTED_EDGE('',*,*,#4047,.F.);
#3083=ORIENTED_EDGE('',*,*,#4060,.T.);
#3084=ORIENTED_EDGE('',*,*,#4061,.T.);
#3085=ORIENTED_EDGE('',*,*,#4062,.T.);
#3086=CARTESIAN_POINT('',(1.69999999999999,12.0,14.94));
#3087=DIRECTION('',(-0.0,1.0,0.0));
#3088=DIRECTION('',(1.0,0.0,0.0));
#3089=ORIENTED_EDGE('',*,*,#4063,.T.);
#3090=ORIENTED_EDGE('',*,*,#4064,.F.);
#3091=ORIENTED_EDGE('',*,*,#4065,.T.);
#3092=ORIENTED_EDGE('',*,*,#4066,.T.);
#3093=ORIENTED_EDGE('',*,*,#4067,.F.);
#3094=CARTESIAN_POINT('',(0.349999999999993,3.49999999999999,12.7));
#3095=DIRECTION('',(0.0,-1.0,0.0));
#3096=DIRECTION('',(0.0,0.0,-1.0));
#3097=ORIENTED_EDGE('',*,*,#4068,.F.);
#3098=ORIENTED_EDGE('',*,*,#4069,.T.);
#3099=ORIENTED_EDGE('',*,*,#4070,.T.);
#3100=ORIENTED_EDGE('',*,*,#4071,.F.);
#3101=CARTESIAN_POINT('',(2.44999999999999,7.99999999999999,12.7));
#3102=DIRECTION('',(-0.0,1.0,0.0));
#3103=DIRECTION('',(1.0,0.0,0.0));
#3104=ORIENTED_EDGE('',*,*,#4072,.T.);
#3105=ORIENTED_EDGE('',*,*,#4073,.F.);
#3106=ORIENTED_EDGE('',*,*,#4074,.T.);
#3107=ORIENTED_EDGE('',*,*,#4075,.F.);
#3108=CARTESIAN_POINT('',(0.349999999999993,3.49999999999999,12.7));
#3109=DIRECTION('',(0.0,-1.0,0.0));
#3110=DIRECTION('',(0.0,0.0,-1.0));
#3111=ORIENTED_EDGE('',*,*,#4076,.T.);
#3112=ORIENTED_EDGE('',*,*,#4077,.F.);
#3113=ORIENTED_EDGE('',*,*,#4078,.F.);
#3114=ORIENTED_EDGE('',*,*,#4079,.F.);
#3115=CARTESIAN_POINT('',(9.64999999999999,7.74999999999999,14.75));
#3116=DIRECTION('',(0.0,0.0,1.0));
#3117=DIRECTION('',(1.0,0.0,0.0));
#3118=ORIENTED_EDGE('',*,*,#4070,.F.);
#3119=ORIENTED_EDGE('',*,*,#4080,.T.);
#3120=ORIENTED_EDGE('',*,*,#4081,.F.);
#3121=ORIENTED_EDGE('',*,*,#4082,.F.);
#3122=ORIENTED_EDGE('',*,*,#4066,.F.);
#3123=ORIENTED_EDGE('',*,*,#4083,.F.);
#3124=ORIENTED_EDGE('',*,*,#4084,.F.);
#3125=ORIENTED_EDGE('',*,*,#4085,.F.);
#3126=ORIENTED_EDGE('',*,*,#4086,.T.);
#3127=CARTESIAN_POINT('',(1.79999999999999,4.4,14.15));
#3128=DIRECTION('',(0.0,0.0,1.0));
#3129=DIRECTION('',(1.0,0.0,0.0));
#3130=ORIENTED_EDGE('',*,*,#4059,.F.);
#3131=ORIENTED_EDGE('',*,*,#4087,.F.);
#3132=ORIENTED_EDGE('',*,*,#4088,.F.);
#3133=ORIENTED_EDGE('',*,*,#4060,.F.);
#3134=CARTESIAN_POINT('',(1.27320508075699,5.99999999999999,14.94));
#3135=DIRECTION('',(-0.866025403784771,0.0,0.499999999999425));
#3136=DIRECTION('',(0.0,1.0,0.0));
#3137=ORIENTED_EDGE('',*,*,#4089,.T.);
#3138=ORIENTED_EDGE('',*,*,#4090,.T.);
#3139=ORIENTED_EDGE('',*,*,#4091,.T.);
#3140=ORIENTED_EDGE('',*,*,#4092,.F.);
#3141=ORIENTED_EDGE('',*,*,#4093,.T.);
#3142=ORIENTED_EDGE('',*,*,#4094,.T.);
#3143=ORIENTED_EDGE('',*,*,#4095,.T.);
#3144=ORIENTED_EDGE('',*,*,#4096,.T.);
#3145=ORIENTED_EDGE('',*,*,#4097,.T.);
#3146=ORIENTED_EDGE('',*,*,#4098,.T.);
#3147=ORIENTED_EDGE('',*,*,#4099,.T.);
#3148=ORIENTED_EDGE('',*,*,#4100,.T.);
#3149=ORIENTED_EDGE('',*,*,#4063,.F.);
#3150=ORIENTED_EDGE('',*,*,#4101,.T.);
#3151=ORIENTED_EDGE('',*,*,#4102,.T.);
#3152=ORIENTED_EDGE('',*,*,#4103,.T.);
#3153=ORIENTED_EDGE('',*,*,#4074,.F.);
#3154=ORIENTED_EDGE('',*,*,#4104,.F.);
#3155=ORIENTED_EDGE('',*,*,#4105,.T.);
#3156=ORIENTED_EDGE('',*,*,#4106,.T.);
#3157=ORIENTED_EDGE('',*,*,#4107,.T.);
#3158=ORIENTED_EDGE('',*,*,#4108,.T.);
#3159=ORIENTED_EDGE('',*,*,#4109,.T.);
#3160=ORIENTED_EDGE('',*,*,#4110,.T.);
#3161=ORIENTED_EDGE('',*,*,#4111,.T.);
#3162=ORIENTED_EDGE('',*,*,#4112,.T.);
#3163=ORIENTED_EDGE('',*,*,#4113,.T.);
#3164=ORIENTED_EDGE('',*,*,#4114,.T.);
#3165=ORIENTED_EDGE('',*,*,#4115,.T.);
#3166=ORIENTED_EDGE('',*,*,#4116,.F.);
#3167=ORIENTED_EDGE('',*,*,#4117,.T.);
#3168=ORIENTED_EDGE('',*,*,#4118,.F.);
#3169=ORIENTED_EDGE('',*,*,#4119,.T.);
#3170=ORIENTED_EDGE('',*,*,#4043,.F.);
#3171=CARTESIAN_POINT('',(15.35,-6.21464000000001,12.7));
#3172=DIRECTION('',(0.0,0.0,1.0));
#3173=DIRECTION('',(1.0,0.0,0.0));
#3174=ORIENTED_EDGE('',*,*,#4108,.F.);
#3175=ORIENTED_EDGE('',*,*,#4120,.F.);
#3176=ORIENTED_EDGE('',*,*,#4121,.T.);
#3177=ORIENTED_EDGE('',*,*,#4122,.T.);
#3178=ORIENTED_EDGE('',*,*,#4084,.T.);
#3179=ORIENTED_EDGE('',*,*,#4123,.T.);
#3180=ORIENTED_EDGE('',*,*,#4124,.T.);
#3181=CARTESIAN_POINT('',(1.54999999999999,8.8,12.7));
#3182=DIRECTION('',(0.0,-1.0,0.0));
#3183=DIRECTION('',(0.0,0.0,-1.0));
#3184=ORIENTED_EDGE('',*,*,#4106,.F.);
#3185=ORIENTED_EDGE('',*,*,#4125,.F.);
#3186=ORIENTED_EDGE('',*,*,#4126,.T.);
#3187=ORIENTED_EDGE('',*,*,#4127,.T.);
#3188=CARTESIAN_POINT('',(2.24999999999999,8.19999999999999,14.7));
#3189=DIRECTION('',(0.0,-1.0E-16,-1.0));
#3190=DIRECTION('',(0.0,-1.0,1.0E-16));
#3191=ORIENTED_EDGE('',*,*,#4067,.T.);
#3192=ORIENTED_EDGE('',*,*,#4082,.T.);
#3193=ORIENTED_EDGE('',*,*,#4128,.F.);
#3194=ORIENTED_EDGE('',*,*,#4101,.F.);
#3195=CARTESIAN_POINT('',(2.69999999999999,3.49999999999999,14.15));
#3196=DIRECTION('',(1.0,0.0,0.0));
#3197=DIRECTION('',(0.0,1.0,0.0));
#3198=ORIENTED_EDGE('',*,*,#4111,.F.);
#3199=ORIENTED_EDGE('',*,*,#4129,.F.);
#3200=ORIENTED_EDGE('',*,*,#4055,.F.);
#3201=ORIENTED_EDGE('',*,*,#4130,.T.);
#3202=CARTESIAN_POINT('',(1.69999999999999,14.25,10.16));
#3203=DIRECTION('',(-0.882352941176471,0.470588235294118,0.0));
#3204=DIRECTION('',(0.0,0.0,1.0));
#3205=ORIENTED_EDGE('',*,*,#4112,.F.);
#3206=ORIENTED_EDGE('',*,*,#4130,.F.);
#3207=ORIENTED_EDGE('',*,*,#4054,.F.);
#3208=ORIENTED_EDGE('',*,*,#4131,.T.);
#3209=CARTESIAN_POINT('',(2.89999999999999,17.25,10.16));
#3210=DIRECTION('',(-1.0,0.0,0.0));
#3211=DIRECTION('',(0.0,0.0,1.0));
#3212=ORIENTED_EDGE('',*,*,#4132,.T.);
#3213=ORIENTED_EDGE('',*,*,#4052,.F.);
#3214=ORIENTED_EDGE('',*,*,#4133,.T.);
#3215=ORIENTED_EDGE('',*,*,#4077,.T.);
#3216=ORIENTED_EDGE('',*,*,#4134,.F.);
#3217=ORIENTED_EDGE('',*,*,#4090,.F.);
#3218=CARTESIAN_POINT('',(8.79999999999999,8.99999999999999,10.16));
#3219=DIRECTION('',(1.0,0.0,0.0));
#3220=DIRECTION('',(0.0,1.0,0.0));
#3221=ORIENTED_EDGE('',*,*,#4135,.T.);
#3222=ORIENTED_EDGE('',*,*,#4121,.F.);
#3223=ORIENTED_EDGE('',*,*,#4136,.F.);
#3224=ORIENTED_EDGE('',*,*,#4126,.F.);
#3225=ORIENTED_EDGE('',*,*,#4137,.T.);
#3226=ORIENTED_EDGE('',*,*,#4138,.T.);
#3227=ORIENTED_EDGE('',*,*,#4068,.T.);
#3228=ORIENTED_EDGE('',*,*,#4139,.F.);
#3229=CARTESIAN_POINT('',(-2.4593380629817,7.09999999999999,13.6));
#3230=DIRECTION('',(0.0,-1.0E-16,-1.0));
#3231=DIRECTION('',(0.0,-1.0,1.0E-16));
#3232=ORIENTED_EDGE('',*,*,#4119,.F.);
#3233=ORIENTED_EDGE('',*,*,#4140,.F.);
#3234=ORIENTED_EDGE('',*,*,#4044,.T.);
#3235=CARTESIAN_POINT('',(5.34999999999999,16.0,12.7));
#3236=DIRECTION('',(1.0E-16,1.0,0.0));
#3237=DIRECTION('',(1.0,-1.0E-16,0.0));
#3238=ORIENTED_EDGE('',*,*,#4110,.F.);
#3239=ORIENTED_EDGE('',*,*,#4141,.F.);
#3240=ORIENTED_EDGE('',*,*,#4056,.F.);
#3241=ORIENTED_EDGE('',*,*,#4129,.T.);
#3242=CARTESIAN_POINT('',(0.249999999999993,12.0,10.16));
#3243=DIRECTION('',(-0.0,1.0,0.0));
#3244=DIRECTION('',(1.0,0.0,0.0));
#3245=ORIENTED_EDGE('',*,*,#4096,.F.);
#3246=ORIENTED_EDGE('',*,*,#4142,.T.);
#3247=ORIENTED_EDGE('',*,*,#4143,.F.);
#3248=ORIENTED_EDGE('',*,*,#4144,.T.);
#3249=ORIENTED_EDGE('',*,*,#4145,.T.);
#3250=CARTESIAN_POINT('',(5.94999999999999,0.3070533041816,14.7));
#3251=DIRECTION('',(1.0,0.0,0.0));
#3252=DIRECTION('',(0.0,1.0,0.0));
#3253=ORIENTED_EDGE('',*,*,#4128,.T.);
#3254=ORIENTED_EDGE('',*,*,#4081,.T.);
#3255=ORIENTED_EDGE('',*,*,#4146,.F.);
#3256=ORIENTED_EDGE('',*,*,#4102,.F.);
#3257=CARTESIAN_POINT('',(5.24999999999999,3.39999999999999,7.62));
#3258=DIRECTION('',(-0.0,1.0,0.0));
#3259=DIRECTION('',(1.0,0.0,0.0));
#3260=ORIENTED_EDGE('',*,*,#4147,.T.);
#3261=ORIENTED_EDGE('',*,*,#4085,.T.);
#3262=ORIENTED_EDGE('',*,*,#4122,.F.);
#3263=ORIENTED_EDGE('',*,*,#4135,.F.);
#3264=CARTESIAN_POINT('',(2.04999999999999,9.9,12.7));
#3265=DIRECTION('',(1.0,0.0,0.0));
#3266=DIRECTION('',(0.0,1.0,0.0));
#3267=ORIENTED_EDGE('',*,*,#4048,.F.);
#3268=ORIENTED_EDGE('',*,*,#4062,.F.);
#3269=ORIENTED_EDGE('',*,*,#4148,.T.);
#3270=ORIENTED_EDGE('',*,*,#4149,.F.);
#3271=CARTESIAN_POINT('',(2.12679491924299,5.99999999999999,14.94));
#3272=DIRECTION('',(0.866025403784771,0.0,0.499999999999425));
#3273=DIRECTION('',(0.0,-1.0,0.0));
#3274=ORIENTED_EDGE('',*,*,#4105,.F.);
#3275=ORIENTED_EDGE('',*,*,#4150,.F.);
#3276=ORIENTED_EDGE('',*,*,#4151,.T.);
#3277=ORIENTED_EDGE('',*,*,#4152,.T.);
#3278=ORIENTED_EDGE('',*,*,#4137,.F.);
#3279=ORIENTED_EDGE('',*,*,#4125,.T.);
#3280=CARTESIAN_POINT('',(-2.4593380629817,7.09999999999999,14.7));
#3281=DIRECTION('',(0.0,-1.0,1.0E-16));
#3282=DIRECTION('',(-1.0,0.0,0.0));
#3283=ORIENTED_EDGE('',*,*,#4107,.F.);
#3284=ORIENTED_EDGE('',*,*,#4127,.F.);
#3285=ORIENTED_EDGE('',*,*,#4136,.T.);
#3286=ORIENTED_EDGE('',*,*,#4120,.T.);
#3287=CARTESIAN_POINT('',(1.14999999999999,-0.6929466958184,14.7));
#3288=DIRECTION('',(-1.0,0.0,0.0));
#3289=DIRECTION('',(0.0,0.0,1.0));
#3290=ORIENTED_EDGE('',*,*,#4147,.F.);
#3291=ORIENTED_EDGE('',*,*,#4139,.T.);
#3292=ORIENTED_EDGE('',*,*,#4071,.T.);
#3293=ORIENTED_EDGE('',*,*,#4086,.F.);
#3294=CARTESIAN_POINT('',(2.24999999999999,8.19999999999999,12.7));
#3295=DIRECTION('',(0.0,0.0,1.0));
#3296=DIRECTION('',(1.0,0.0,0.0));
#3297=ORIENTED_EDGE('',*,*,#4104,.T.);
#3298=ORIENTED_EDGE('',*,*,#4073,.T.);
#3299=ORIENTED_EDGE('',*,*,#4153,.T.);
#3300=ORIENTED_EDGE('',*,*,#4150,.T.);
#3301=CARTESIAN_POINT('',(7.74999999999999,6.9,12.525));
#3302=DIRECTION('',(1.0,0.0,0.0));
#3303=DIRECTION('',(0.0,1.0,0.0));
#3304=ORIENTED_EDGE('',*,*,#4154,.F.);
#3305=ORIENTED_EDGE('',*,*,#4092,.T.);
#3306=ORIENTED_EDGE('',*,*,#4155,.F.);
#3307=ORIENTED_EDGE('',*,*,#4079,.T.);
#3308=CARTESIAN_POINT('',(10.5,10.35,12.7));
#3309=DIRECTION('',(1.0,0.0,0.0));
#3310=DIRECTION('',(0.0,1.0,0.0));
#3311=ORIENTED_EDGE('',*,*,#4156,.F.);
#3312=ORIENTED_EDGE('',*,*,#4157,.F.);
#3313=ORIENTED_EDGE('',*,*,#4158,.F.);
#3314=ORIENTED_EDGE('',*,*,#4143,.T.);
#3315=CARTESIAN_POINT('',(-2.4593380629817,1.19999999999999,13.15));
#3316=DIRECTION('',(0.0,-1.0E-16,-1.0));
#3317=DIRECTION('',(0.0,-1.0,1.0E-16));
#3318=ORIENTED_EDGE('',*,*,#4116,.T.);
#3319=ORIENTED_EDGE('',*,*,#4159,.T.);
#3320=ORIENTED_EDGE('',*,*,#4160,.T.);
#3321=ORIENTED_EDGE('',*,*,#4161,.F.);
#3322=CARTESIAN_POINT('',(4.94999999999999,16.0,12.7));
#3323=DIRECTION('',(-1.0,1.0E-16,0.0));
#3324=DIRECTION('',(0.0,0.0,1.0));
#3325=ORIENTED_EDGE('',*,*,#4103,.F.);
#3326=ORIENTED_EDGE('',*,*,#4146,.T.);
#3327=ORIENTED_EDGE('',*,*,#4080,.F.);
#3328=ORIENTED_EDGE('',*,*,#4069,.F.);
#3329=ORIENTED_EDGE('',*,*,#4138,.F.);
#3330=ORIENTED_EDGE('',*,*,#4152,.F.);
#3331=ORIENTED_EDGE('',*,*,#4162,.F.);
#3332=ORIENTED_EDGE('',*,*,#4075,.T.);
#3333=CARTESIAN_POINT('',(2.74999999999999,3.49999999999999,11.25));
#3334=DIRECTION('',(-1.0,0.0,0.0));
#3335=DIRECTION('',(0.0,0.0,1.0));
#3336=ORIENTED_EDGE('',*,*,#4087,.T.);
#3337=ORIENTED_EDGE('',*,*,#4058,.F.);
#3338=ORIENTED_EDGE('',*,*,#4163,.T.);
#3339=ORIENTED_EDGE('',*,*,#4099,.F.);
#3340=ORIENTED_EDGE('',*,*,#4164,.F.);
#3341=ORIENTED_EDGE('',*,*,#4156,.T.);
#3342=ORIENTED_EDGE('',*,*,#4142,.F.);
#3343=ORIENTED_EDGE('',*,*,#4095,.F.);
#3344=ORIENTED_EDGE('',*,*,#4165,.T.);
#3345=ORIENTED_EDGE('',*,*,#4049,.F.);
#3346=ORIENTED_EDGE('',*,*,#4149,.T.);
#3347=ORIENTED_EDGE('',*,*,#4166,.T.);
#3348=CARTESIAN_POINT('',(5.67499999999999,-5.45043915592018E-15,9.86));
#3349=DIRECTION('',(0.0,-1.0,0.0));
#3350=DIRECTION('',(0.0,0.0,-1.0));
#3351=ORIENTED_EDGE('',*,*,#4042,.T.);
#3352=ORIENTED_EDGE('',*,*,#4167,.T.);
#3353=ORIENTED_EDGE('',*,*,#4113,.F.);
#3354=ORIENTED_EDGE('',*,*,#4131,.F.);
#3355=ORIENTED_EDGE('',*,*,#4053,.F.);
#3356=ORIENTED_EDGE('',*,*,#4132,.F.);
#3357=ORIENTED_EDGE('',*,*,#4089,.F.);
#3358=CARTESIAN_POINT('',(5.84999999999999,18.0,10.16));
#3359=DIRECTION('',(-0.0,1.0,0.0));
#3360=DIRECTION('',(1.0,0.0,0.0));
#3361=ORIENTED_EDGE('',*,*,#4168,.T.);
#3362=ORIENTED_EDGE('',*,*,#4046,.T.);
#3363=ORIENTED_EDGE('',*,*,#4169,.T.);
#3364=ORIENTED_EDGE('',*,*,#4117,.F.);
#3365=ORIENTED_EDGE('',*,*,#4161,.T.);
#3366=CARTESIAN_POINT('',(5.34999999999999,15.1,12.7));
#3367=DIRECTION('',(1.0E-16,1.0,0.0));
#3368=DIRECTION('',(1.0,-1.0E-16,0.0));
#3369=ORIENTED_EDGE('',*,*,#4094,.F.);
#3370=ORIENTED_EDGE('',*,*,#4170,.F.);
#3371=ORIENTED_EDGE('',*,*,#4050,.F.);
#3372=ORIENTED_EDGE('',*,*,#4165,.F.);
#3373=CARTESIAN_POINT('',(11.35,7.74999999999999,10.16));
#3374=DIRECTION('',(1.0,0.0,0.0));
#3375=DIRECTION('',(0.0,1.0,0.0));
#3376=ORIENTED_EDGE('',*,*,#4045,.F.);
#3377=ORIENTED_EDGE('',*,*,#4140,.T.);
#3378=ORIENTED_EDGE('',*,*,#4118,.T.);
#3379=ORIENTED_EDGE('',*,*,#4169,.F.);
#3380=CARTESIAN_POINT('',(5.74999999999999,16.0,12.7));
#3381=DIRECTION('',(1.0,-1.0E-16,0.0));
#3382=DIRECTION('',(-1.0E-16,-1.0,0.0));
#3383=ORIENTED_EDGE('',*,*,#4097,.F.);
#3384=ORIENTED_EDGE('',*,*,#4145,.F.);
#3385=ORIENTED_EDGE('',*,*,#4171,.T.);
#3386=ORIENTED_EDGE('',*,*,#4172,.T.);
#3387=CARTESIAN_POINT('',(-2.45933806298171,-4.00000000000001,14.7));
#3388=DIRECTION('',(-2.0E-15,-1.0,1.0E-16));
#3389=DIRECTION('',(-1.0,2.0E-15,0.0));
#3390=ORIENTED_EDGE('',*,*,#4091,.F.);
#3391=ORIENTED_EDGE('',*,*,#4134,.T.);
#3392=ORIENTED_EDGE('',*,*,#4076,.F.);
#3393=ORIENTED_EDGE('',*,*,#4155,.T.);
#3394=CARTESIAN_POINT('',(10.925,8.19999999999999,12.7));
#3395=DIRECTION('',(-0.0,1.0,0.0));
#3396=DIRECTION('',(1.0,0.0,0.0));
#3397=ORIENTED_EDGE('',*,*,#4093,.F.);
#3398=ORIENTED_EDGE('',*,*,#4154,.T.);
#3399=ORIENTED_EDGE('',*,*,#4078,.T.);
#3400=ORIENTED_EDGE('',*,*,#4133,.F.);
#3401=ORIENTED_EDGE('',*,*,#4051,.F.);
#3402=ORIENTED_EDGE('',*,*,#4170,.T.);
#3403=CARTESIAN_POINT('',(10.075,15.5,10.16));
#3404=DIRECTION('',(-0.0,1.0,0.0));
#3405=DIRECTION('',(1.0,0.0,0.0));
#3406=ORIENTED_EDGE('',*,*,#4041,.T.);
#3407=ORIENTED_EDGE('',*,*,#4168,.F.);
#3408=ORIENTED_EDGE('',*,*,#4160,.F.);
#3409=ORIENTED_EDGE('',*,*,#4173,.F.);
#3410=ORIENTED_EDGE('',*,*,#4114,.F.);
#3411=ORIENTED_EDGE('',*,*,#4167,.F.);
#3412=CARTESIAN_POINT('',(5.34999999999999,18.07,12.7));
#3413=DIRECTION('',(0.0,-1.0,0.0));
#3414=DIRECTION('',(0.0,0.0,1.0));
#3415=ORIENTED_EDGE('',*,*,#4065,.F.);
#3416=ORIENTED_EDGE('',*,*,#4174,.F.);
#3417=ORIENTED_EDGE('',*,*,#4123,.F.);
#3418=ORIENTED_EDGE('',*,*,#4083,.T.);
#3419=CARTESIAN_POINT('',(0.709807621135493,5.69999999999999,14.2598076211355));
#3420=DIRECTION('',(0.499999999999909,0.0,0.866025403784491));
#3421=DIRECTION('',(0.0,-1.0,0.0));
#3422=ORIENTED_EDGE('',*,*,#4153,.F.);
#3423=ORIENTED_EDGE('',*,*,#4072,.F.);
#3424=ORIENTED_EDGE('',*,*,#4162,.T.);
#3425=ORIENTED_EDGE('',*,*,#4151,.F.);
#3426=CARTESIAN_POINT('',(2.74999999999999,8.07213999999999,14.0));
#3427=DIRECTION('',(0.0,0.0,-1.0));
#3428=DIRECTION('',(0.0,-1.0,0.0));
#3429=ORIENTED_EDGE('',*,*,#4158,.T.);
#3430=ORIENTED_EDGE('',*,*,#4175,.F.);
#3431=ORIENTED_EDGE('',*,*,#4171,.F.);
#3432=ORIENTED_EDGE('',*,*,#4144,.F.);
#3433=CARTESIAN_POINT('',(6.14999999999999,1.39263798090672,14.3805936381124));
#3434=DIRECTION('',(0.0,0.258819045102521,-0.965925826289068));
#3435=DIRECTION('',(-1.0,0.0,0.0));
#3436=ORIENTED_EDGE('',*,*,#4098,.F.);
#3437=ORIENTED_EDGE('',*,*,#4172,.F.);
#3438=ORIENTED_EDGE('',*,*,#4175,.T.);
#3439=ORIENTED_EDGE('',*,*,#4157,.T.);
#3440=ORIENTED_EDGE('',*,*,#4164,.T.);
#3441=CARTESIAN_POINT('',(5.04999999999999,0.3070533041816,14.7));
#3442=DIRECTION('',(-1.0,0.0,0.0));
#3443=DIRECTION('',(0.0,0.0,1.0));
#3444=ORIENTED_EDGE('',*,*,#4100,.F.);
#3445=ORIENTED_EDGE('',*,*,#4163,.F.);
#3446=ORIENTED_EDGE('',*,*,#4057,.F.);
#3447=ORIENTED_EDGE('',*,*,#4141,.T.);
#3448=ORIENTED_EDGE('',*,*,#4109,.F.);
#3449=ORIENTED_EDGE('',*,*,#4124,.F.);
#3450=ORIENTED_EDGE('',*,*,#4174,.T.);
#3451=ORIENTED_EDGE('',*,*,#4064,.T.);
#3452=CARTESIAN_POINT('',(-6.72205346941013E-15,5.99999999999999,10.16));
#3453=DIRECTION('',(-1.0,0.0,0.0));
#3454=DIRECTION('',(0.0,0.0,1.0));
#3455=ORIENTED_EDGE('',*,*,#4173,.T.);
#3456=ORIENTED_EDGE('',*,*,#4159,.F.);
#3457=ORIENTED_EDGE('',*,*,#4115,.F.);
#3458=CARTESIAN_POINT('',(5.34999999999999,16.0,12.7));
#3459=DIRECTION('',(1.0E-16,1.0,0.0));
#3460=DIRECTION('',(1.0,-1.0E-16,0.0));
#3461=ORIENTED_EDGE('',*,*,#4166,.F.);
#3462=ORIENTED_EDGE('',*,*,#4148,.F.);
#3463=ORIENTED_EDGE('',*,*,#4061,.F.);
#3464=ORIENTED_EDGE('',*,*,#4088,.T.);
#3465=CARTESIAN_POINT('',(1.69999999999999,5.99999999999999,14.64));
#3466=DIRECTION('',(0.0,0.0,-1.0));
#3467=DIRECTION('',(0.0,-1.0,0.0));
#3468=EDGE_CURVE('',#4176,#4177,#4178,.T.);
#3469=EDGE_CURVE('',#4176,#4179,#4180,.T.);
#3470=EDGE_CURVE('',#4179,#4181,#4182,.T.);
#3471=EDGE_CURVE('',#4181,#4183,#4184,.T.);
#3472=EDGE_CURVE('',#4183,#4185,#4186,.T.);
#3473=EDGE_CURVE('',#4177,#4185,#4187,.T.);
#3474=EDGE_CURVE('',#4188,#4189,#4190,.T.);
#3475=EDGE_CURVE('',#4191,#4188,#4192,.T.);
#3476=EDGE_CURVE('',#4191,#4193,#4194,.T.);
#3477=EDGE_CURVE('',#4189,#4193,#4195,.T.);
#3478=EDGE_CURVE('',#4196,#4197,#4198,.T.);
#3479=EDGE_CURVE('',#4196,#4199,#4200,.T.);
#3480=EDGE_CURVE('',#4201,#4199,#4202,.T.);
#3481=EDGE_CURVE('',#4197,#4201,#4203,.T.);
#3482=EDGE_CURVE('',#4204,#4205,#4206,.T.);
#3483=EDGE_CURVE('',#4207,#4204,#4208,.T.);
#3484=EDGE_CURVE('',#4209,#4207,#4210,.T.);
#3485=EDGE_CURVE('',#4205,#4209,#4211,.T.);
#3486=EDGE_CURVE('',#4212,#4213,#4214,.T.);
#3487=EDGE_CURVE('',#4212,#4215,#4216,.T.);
#3488=EDGE_CURVE('',#4215,#4217,#4218,.T.);
#3489=EDGE_CURVE('',#4217,#4213,#4219,.T.);
#3490=EDGE_CURVE('',#4220,#4221,#4222,.T.);
#3491=EDGE_CURVE('',#4213,#4220,#4223,.T.);
#3492=EDGE_CURVE('',#4221,#4217,#4224,.T.);
#3493=EDGE_CURVE('',#4215,#4225,#4226,.T.);
#3494=EDGE_CURVE('',#4221,#4225,#4227,.T.);
#3495=EDGE_CURVE('',#4225,#4207,#4228,.T.);
#3496=EDGE_CURVE('',#4229,#4212,#4230,.T.);
#3497=EDGE_CURVE('',#4196,#4229,#4231,.T.);
#3498=EDGE_CURVE('',#4197,#4209,#4232,.T.);
#3499=EDGE_CURVE('',#4233,#4220,#4234,.T.);
#3500=EDGE_CURVE('',#4233,#4235,#4236,.T.);
#3501=EDGE_CURVE('',#4229,#4235,#4237,.T.);
#3502=EDGE_CURVE('',#4193,#4235,#4238,.T.);
#3503=EDGE_CURVE('',#4233,#4189,#4239,.T.);
#3504=EDGE_CURVE('',#4191,#4240,#4241,.T.);
#3505=EDGE_CURVE('',#4242,#4240,#4243,.T.);
#3506=EDGE_CURVE('',#4242,#4199,#4244,.T.);
#3507=EDGE_CURVE('',#4240,#4245,#4246,.T.);
#3508=EDGE_CURVE('',#4247,#4245,#4248,.T.);
#3509=EDGE_CURVE('',#4247,#4242,#4249,.T.);
#3510=EDGE_CURVE('',#4247,#4201,#4250,.T.);
#3511=EDGE_CURVE('',#4245,#4251,#4252,.T.);
#3512=EDGE_CURVE('',#4251,#4253,#4254,.T.);
#3513=EDGE_CURVE('',#4253,#4255,#4256,.T.);
#3514=EDGE_CURVE('',#4255,#4205,#4257,.T.);
#3515=EDGE_CURVE('',#4258,#4259,#4260,.T.);
#3516=EDGE_CURVE('',#4261,#4259,#4262,.T.);
#3517=EDGE_CURVE('',#4261,#4263,#4264,.T.);
#3518=EDGE_CURVE('',#4263,#4258,#4265,.T.);
#3519=EDGE_CURVE('',#4266,#4267,#4268,.T.);
#3520=EDGE_CURVE('',#4263,#4266,#4269,.T.);
#3521=EDGE_CURVE('',#4267,#4261,#4270,.T.);
#3522=EDGE_CURVE('',#4259,#4271,#4272,.T.);
#3523=EDGE_CURVE('',#4267,#4271,#4273,.T.);
#3524=EDGE_CURVE('',#4274,#4258,#4275,.T.);
#3525=EDGE_CURVE('',#4274,#4266,#4276,.T.);
#3526=EDGE_CURVE('',#4277,#4179,#4278,.T.);
#3527=EDGE_CURVE('',#4277,#4279,#4280,.T.);
#3528=EDGE_CURVE('',#4279,#4181,#4281,.T.);
#3529=EDGE_CURVE('',#4183,#4279,#4282,.T.);
#3530=EDGE_CURVE('',#4277,#4283,#4284,.T.);
#3531=EDGE_CURVE('',#4285,#4176,#4286,.T.);
#3532=EDGE_CURVE('',#4285,#4283,#4287,.T.);
#3533=EDGE_CURVE('',#4288,#4283,#4289,.T.);
#3534=EDGE_CURVE('',#4285,#4290,#4291,.T.);
#3535=EDGE_CURVE('',#4290,#4288,#4292,.T.);
#3536=EDGE_CURVE('',#4293,#4290,#4294,.T.);
#3537=EDGE_CURVE('',#4288,#4293,#4295,.T.);
#3538=EDGE_CURVE('',#4296,#4177,#4297,.T.);
#3539=EDGE_CURVE('',#4293,#4296,#4298,.T.);
#3540=EDGE_CURVE('',#4299,#4300,#4301,.T.);
#3541=EDGE_CURVE('',#4302,#4299,#4303,.T.);
#3542=EDGE_CURVE('',#4302,#4304,#4305,.T.);
#3543=EDGE_CURVE('',#4304,#4300,#4306,.T.);
#3544=EDGE_CURVE('',#4307,#4302,#4308,.T.);
#3545=EDGE_CURVE('',#4307,#4309,#4310,.T.);
#3546=EDGE_CURVE('',#4309,#4304,#4311,.T.);
#3547=EDGE_CURVE('',#4312,#4307,#4313,.T.);
#3548=EDGE_CURVE('',#4312,#4314,#4315,.T.);
#3549=EDGE_CURVE('',#4314,#4309,#4316,.T.);
#3550=EDGE_CURVE('',#4296,#4312,#4317,.T.);
#3551=EDGE_CURVE('',#4318,#4185,#4319,.T.);
#3552=EDGE_CURVE('',#4320,#4318,#4321,.T.);
#3553=EDGE_CURVE('',#4320,#4314,#4322,.T.);
#3554=EDGE_CURVE('',#4323,#4324,#4325,.T.);
#3555=EDGE_CURVE('',#4326,#4323,#4327,.T.);
#3556=EDGE_CURVE('',#4328,#4326,#4329,.T.);
#3557=EDGE_CURVE('',#4328,#4324,#4330,.T.);
#3558=EDGE_CURVE('',#4331,#4332,#4333,.T.);
#3559=EDGE_CURVE('',#4334,#4332,#4335,.T.);
#3560=EDGE_CURVE('',#4336,#4334,#4337,.T.);
#3561=EDGE_CURVE('',#4331,#4336,#4338,.T.);
#3562=EDGE_CURVE('',#4339,#4332,#4340,.T.);
#3563=EDGE_CURVE('',#4341,#4339,#4342,.T.);
#3564=EDGE_CURVE('',#4334,#4341,#4343,.T.);
#3565=EDGE_CURVE('',#4344,#4336,#4345,.T.);
#3566=EDGE_CURVE('',#4346,#4341,#4347,.T.);
#3567=EDGE_CURVE('',#4344,#4346,#4348,.T.);
#3568=EDGE_CURVE('',#4349,#4339,#4350,.T.);
#3569=EDGE_CURVE('',#4346,#4349,#4351,.T.);
#3570=EDGE_CURVE('',#4331,#4352,#4353,.T.);
#3571=EDGE_CURVE('',#4349,#4352,#4354,.T.);
#3572=EDGE_CURVE('',#4355,#4344,#4356,.T.);
#3573=EDGE_CURVE('',#4355,#4357,#4358,.T.);
#3574=EDGE_CURVE('',#4357,#4274,#4359,.T.);
#3575=EDGE_CURVE('',#4271,#4328,#4360,.T.);
#3576=EDGE_CURVE('',#4352,#4326,#4361,.T.);
#3577=EDGE_CURVE('',#4323,#4362,#4363,.T.);
#3578=EDGE_CURVE('',#4324,#4364,#4365,.T.);
#3579=EDGE_CURVE('',#4366,#4364,#4367,.T.);
#3580=EDGE_CURVE('',#4368,#4366,#4369,.T.);
#3581=EDGE_CURVE('',#4362,#4368,#4370,.T.);
#3582=EDGE_CURVE('',#4371,#4372,#4373,.T.);
#3583=EDGE_CURVE('',#4362,#4371,#4374,.T.);
#3584=EDGE_CURVE('',#4372,#4368,#4375,.T.);
#3585=EDGE_CURVE('',#4376,#4372,#4377,.T.);
#3586=EDGE_CURVE('',#4376,#4366,#4378,.T.);
#3587=EDGE_CURVE('',#4376,#4379,#4380,.T.);
#3588=EDGE_CURVE('',#4379,#4371,#4381,.T.);
#3589=EDGE_CURVE('',#4379,#4318,#4382,.T.);
#3590=EDGE_CURVE('',#4364,#4320,#4383,.T.);
#3591=EDGE_CURVE('',#4300,#4357,#4384,.T.);
#3592=EDGE_CURVE('',#4385,#4355,#4386,.T.);
#3593=EDGE_CURVE('',#4385,#4387,#4388,.T.);
#3594=EDGE_CURVE('',#4389,#4387,#4390,.T.);
#3595=EDGE_CURVE('',#4389,#4391,#4392,.T.);
#3596=EDGE_CURVE('',#4299,#4391,#4393,.T.);
#3597=EDGE_CURVE('',#4394,#4385,#4395,.T.);
#3598=EDGE_CURVE('',#4394,#4255,#4396,.T.);
#3599=EDGE_CURVE('',#4387,#4253,#4397,.T.);
#3600=EDGE_CURVE('',#4251,#4389,#4398,.T.);
#3601=EDGE_CURVE('',#4204,#4394,#4399,.T.);
#3602=EDGE_CURVE('',#4188,#4391,#4400,.T.);
#3603=EDGE_CURVE('',#4401,#4402,#4403,.T.);
#3604=EDGE_CURVE('',#4404,#4401,#4405,.T.);
#3605=EDGE_CURVE('',#4406,#4404,#4407,.T.);
#3606=EDGE_CURVE('',#4406,#4408,#4409,.T.);
#3607=EDGE_CURVE('',#4410,#4408,#4411,.T.);
#3608=EDGE_CURVE('',#4410,#4402,#4412,.T.);
#3609=EDGE_CURVE('',#4413,#4414,#4415,.T.);
#3610=EDGE_CURVE('',#4416,#4413,#4417,.T.);
#3611=EDGE_CURVE('',#4418,#4416,#4419,.T.);
#3612=EDGE_CURVE('',#4420,#4418,#4421,.T.);
#3613=EDGE_CURVE('',#4422,#4420,#4423,.T.);
#3614=EDGE_CURVE('',#4414,#4422,#4424,.T.);
#3615=EDGE_CURVE('',#4425,#4426,#4427,.T.);
#3616=EDGE_CURVE('',#4426,#4428,#4429,.T.);
#3617=EDGE_CURVE('',#4430,#4428,#4431,.T.);
#3618=EDGE_CURVE('',#4430,#4425,#4432,.T.);
#3619=EDGE_CURVE('',#4433,#4430,#4434,.T.);
#3620=EDGE_CURVE('',#4435,#4433,#4436,.T.);
#3621=EDGE_CURVE('',#4435,#4425,#4437,.T.);
#3622=EDGE_CURVE('',#4438,#4439,#4440,.T.);
#3623=EDGE_CURVE('',#4441,#4438,#4442,.T.);
#3624=EDGE_CURVE('',#4441,#4443,#4444,.T.);
#3625=EDGE_CURVE('',#4443,#4439,#4445,.T.);
#3626=EDGE_CURVE('',#4446,#4447,#4448,.T.);
#3627=EDGE_CURVE('',#4449,#4447,#4450,.T.);
#3628=EDGE_CURVE('',#4451,#4449,#4452,.T.);
#3629=EDGE_CURVE('',#4453,#4451,#4454,.T.);
#3630=EDGE_CURVE('',#4453,#4446,#4455,.T.);
#3631=EDGE_CURVE('',#4422,#4456,#4457,.T.);
#3632=EDGE_CURVE('',#4458,#4420,#4459,.T.);
#3633=EDGE_CURVE('',#4458,#4460,#4461,.T.);
#3634=EDGE_CURVE('',#4462,#4460,#4463,.T.);
#3635=EDGE_CURVE('',#4462,#4464,#4465,.T.);
#3636=EDGE_CURVE('',#4466,#4464,#4467,.T.);
#3637=EDGE_CURVE('',#4468,#4466,#4469,.T.);
#3638=EDGE_CURVE('',#4470,#4468,#4471,.T.);
#3639=EDGE_CURVE('',#4472,#4470,#4473,.T.);
#3640=EDGE_CURVE('',#4474,#4472,#4475,.T.);
#3641=EDGE_CURVE('',#4476,#4474,#4477,.T.);
#3642=EDGE_CURVE('',#4478,#4476,#4479,.T.);
#3643=EDGE_CURVE('',#4480,#4478,#4481,.T.);
#3644=EDGE_CURVE('',#4482,#4480,#4483,.T.);
#3645=EDGE_CURVE('',#4484,#4482,#4485,.T.);
#3646=EDGE_CURVE('',#4486,#4484,#4487,.T.);
#3647=EDGE_CURVE('',#4486,#4488,#4489,.T.);
#3648=EDGE_CURVE('',#4488,#4490,#4491,.T.);
#3649=EDGE_CURVE('',#4492,#4490,#4493,.T.);
#3650=EDGE_CURVE('',#4494,#4492,#4495,.T.);
#3651=EDGE_CURVE('',#4496,#4494,#4497,.T.);
#3652=EDGE_CURVE('',#4496,#4498,#4499,.T.);
#3653=EDGE_CURVE('',#4500,#4498,#4501,.T.);
#3654=EDGE_CURVE('',#4502,#4500,#4503,.T.);
#3655=EDGE_CURVE('',#4504,#4502,#4505,.T.);
#3656=EDGE_CURVE('',#4506,#4504,#4507,.T.);
#3657=EDGE_CURVE('',#4508,#4506,#4509,.T.);
#3658=EDGE_CURVE('',#4510,#4508,#4511,.T.);
#3659=EDGE_CURVE('',#4512,#4510,#4513,.T.);
#3660=EDGE_CURVE('',#4514,#4512,#4515,.T.);
#3661=EDGE_CURVE('',#4514,#4516,#4517,.T.);
#3662=EDGE_CURVE('',#4518,#4516,#4519,.T.);
#3663=EDGE_CURVE('',#4456,#4518,#4520,.T.);
#3664=EDGE_CURVE('',#4521,#4464,#4522,.T.);
#3665=EDGE_CURVE('',#4521,#4466,#4523,.T.);
#3666=EDGE_CURVE('',#4524,#4446,#4525,.T.);
#3667=EDGE_CURVE('',#4453,#4526,#4527,.T.);
#3668=EDGE_CURVE('',#4526,#4524,#4528,.T.);
#3669=EDGE_CURVE('',#4426,#4529,#4530,.T.);
#3670=EDGE_CURVE('',#4529,#4531,#4532,.T.);
#3671=EDGE_CURVE('',#4531,#4533,#4534,.T.);
#3672=EDGE_CURVE('',#4533,#4535,#4536,.T.);
#3673=EDGE_CURVE('',#4537,#4535,#4538,.T.);
#3674=EDGE_CURVE('',#4539,#4537,#4540,.T.);
#3675=EDGE_CURVE('',#4428,#4539,#4541,.T.);
#3676=EDGE_CURVE('',#4433,#4539,#4542,.T.);
#3677=EDGE_CURVE('',#4543,#4544,#4545,.T.);
#3678=EDGE_CURVE('',#4543,#4546,#4547,.T.);
#3679=EDGE_CURVE('',#4443,#4546,#4548,.T.);
#3680=EDGE_CURVE('',#4441,#4537,#4549,.T.);
#3681=EDGE_CURVE('',#4550,#4535,#4551,.T.);
#3682=EDGE_CURVE('',#4544,#4550,#4552,.T.);
#3683=EDGE_CURVE('',#4553,#4554,#4555,.T.);
#3684=EDGE_CURVE('',#4553,#4546,#4556,.T.);
#3685=EDGE_CURVE('',#4557,#4543,#4558,.T.);
#3686=EDGE_CURVE('',#4559,#4557,#4560,.T.);
#3687=EDGE_CURVE('',#4561,#4559,#4562,.T.);
#3688=EDGE_CURVE('',#4554,#4561,#4563,.T.);
#3689=EDGE_CURVE('',#4544,#4564,#4565,.T.);
#3690=EDGE_CURVE('',#4557,#4564,#4566,.T.);
#3691=EDGE_CURVE('',#4553,#4439,#4567,.T.);
#3692=EDGE_CURVE('',#4438,#4435,#4568,.T.);
#3693=EDGE_CURVE('',#4569,#4533,#4570,.T.);
#3694=EDGE_CURVE('',#4550,#4569,#4571,.T.);
#3695=EDGE_CURVE('',#4572,#4573,#4574,.T.);
#3696=EDGE_CURVE('',#4502,#4573,#4575,.T.);
#3697=EDGE_CURVE('',#4500,#4576,#4577,.T.);
#3698=EDGE_CURVE('',#4576,#4578,#4579,.T.);
#3699=EDGE_CURVE('',#4580,#4578,#4581,.T.);
#3700=EDGE_CURVE('',#4580,#4582,#4583,.T.);
#3701=EDGE_CURVE('',#4584,#4582,#4585,.T.);
#3702=EDGE_CURVE('',#4584,#4586,#4587,.T.);
#3703=EDGE_CURVE('',#4586,#4510,#4588,.T.);
#3704=EDGE_CURVE('',#4572,#4508,#4589,.T.);
#3705=EDGE_CURVE('',#4590,#4591,#4592,.T.);
#3706=EDGE_CURVE('',#4572,#4591,#4593,.T.);
#3707=EDGE_CURVE('',#4506,#4590,#4594,.T.);
#3708=EDGE_CURVE('',#4595,#4590,#4596,.T.);
#3709=EDGE_CURVE('',#4504,#4595,#4597,.T.);
#3710=EDGE_CURVE('',#4573,#4598,#4599,.T.);
#3711=EDGE_CURVE('',#4598,#4595,#4600,.T.);
#3712=EDGE_CURVE('',#4598,#4591,#4601,.T.);
#3713=EDGE_CURVE('',#4602,#4584,#4603,.T.);
#3714=EDGE_CURVE('',#4604,#4582,#4605,.T.);
#3715=EDGE_CURVE('',#4604,#4606,#4607,.T.);
#3716=EDGE_CURVE('',#4606,#4602,#4608,.T.);
#3717=EDGE_CURVE('',#4604,#4609,#4610,.T.);
#3718=EDGE_CURVE('',#4611,#4609,#4612,.T.);
#3719=EDGE_CURVE('',#4606,#4611,#4613,.T.);
#3720=EDGE_CURVE('',#4614,#4602,#4615,.T.);
#3721=EDGE_CURVE('',#4611,#4614,#4616,.T.);
#3722=EDGE_CURVE('',#4578,#4614,#4617,.T.);
#3723=EDGE_CURVE('',#4609,#4580,#4618,.T.);
#3724=EDGE_CURVE('',#4468,#4414,#4619,.T.);
#3725=EDGE_CURVE('',#4521,#4620,#4621,.T.);
#3726=EDGE_CURVE('',#4413,#4620,#4622,.T.);
#3727=EDGE_CURVE('',#4458,#4418,#4623,.T.);
#3728=EDGE_CURVE('',#4460,#4416,#4624,.T.);
#3729=EDGE_CURVE('',#4620,#4462,#4625,.T.);
#3730=EDGE_CURVE('',#4449,#4561,#4626,.T.);
#3731=EDGE_CURVE('',#4559,#4451,#4627,.T.);
#3732=EDGE_CURVE('',#4529,#4524,#4628,.T.);
#3733=EDGE_CURVE('',#4531,#4526,#4629,.T.);
#3734=EDGE_CURVE('',#4564,#4569,#4630,.T.);
#3735=EDGE_CURVE('',#4631,#4632,#4633,.T.);
#3736=EDGE_CURVE('',#4634,#4631,#4635,.T.);
#3737=EDGE_CURVE('',#4634,#4636,#4637,.T.);
#3738=EDGE_CURVE('',#4636,#4632,#4638,.T.);
#3739=EDGE_CURVE('',#4639,#4634,#4640,.T.);
#3740=EDGE_CURVE('',#4641,#4639,#4642,.T.);
#3741=EDGE_CURVE('',#4641,#4643,#4644,.T.);
#3742=EDGE_CURVE('',#4645,#4643,#4646,.T.);
#3743=EDGE_CURVE('',#4645,#4647,#4648,.T.);
#3744=EDGE_CURVE('',#4649,#4647,#4650,.T.);
#3745=EDGE_CURVE('',#4649,#4651,#4652,.T.);
#3746=EDGE_CURVE('',#4636,#4651,#4653,.T.);
#3747=EDGE_CURVE('',#4651,#4654,#4655,.T.);
#3748=EDGE_CURVE('',#4632,#4654,#4656,.T.);
#3749=EDGE_CURVE('',#4657,#4488,#4658,.T.);
#3750=EDGE_CURVE('',#4657,#4659,#4660,.T.);
#3751=EDGE_CURVE('',#4490,#4659,#4661,.T.);
#3752=EDGE_CURVE('',#4662,#4657,#4663,.T.);
#3753=EDGE_CURVE('',#4486,#4662,#4664,.T.);
#3754=EDGE_CURVE('',#4665,#4662,#4666,.T.);
#3755=EDGE_CURVE('',#4665,#4659,#4667,.T.);
#3756=EDGE_CURVE('',#4649,#4492,#4668,.T.);
#3757=EDGE_CURVE('',#4647,#4494,#4669,.T.);
#3758=EDGE_CURVE('',#4670,#4665,#4671,.T.);
#3759=EDGE_CURVE('',#4654,#4670,#4672,.T.);
#3760=EDGE_CURVE('',#4673,#4631,#4674,.T.);
#3761=EDGE_CURVE('',#4639,#4673,#4675,.T.);
#3762=EDGE_CURVE('',#4676,#4677,#4678,.T.);
#3763=EDGE_CURVE('',#4673,#4676,#4679,.T.);
#3764=EDGE_CURVE('',#4670,#4680,#4681,.T.);
#3765=EDGE_CURVE('',#4677,#4680,#4682,.T.);
#3766=EDGE_CURVE('',#4484,#4680,#4683,.T.);
#3767=EDGE_CURVE('',#4482,#4677,#4684,.T.);
#3768=EDGE_CURVE('',#4480,#4676,#4685,.T.);
#3769=EDGE_CURVE('',#4645,#4496,#4686,.T.);
#3770=EDGE_CURVE('',#4687,#4641,#4688,.T.);
#3771=EDGE_CURVE('',#4689,#4687,#4690,.T.);
#3772=EDGE_CURVE('',#4643,#4689,#4691,.T.);
#3773=EDGE_CURVE('',#4498,#4689,#4692,.T.);
#3774=EDGE_CURVE('',#4478,#4687,#4693,.T.);
#3775=EDGE_CURVE('',#4476,#4694,#4695,.T.);
#3776=EDGE_CURVE('',#4694,#4554,#4696,.T.);
#3777=EDGE_CURVE('',#4447,#4576,#4697,.T.);
#3778=EDGE_CURVE('',#4474,#4698,#4699,.T.);
#3779=EDGE_CURVE('',#4698,#4694,#4700,.T.);
#3780=EDGE_CURVE('',#4472,#4701,#4702,.T.);
#3781=EDGE_CURVE('',#4701,#4698,#4703,.T.);
#3782=EDGE_CURVE('',#4470,#4704,#4705,.T.);
#3783=EDGE_CURVE('',#4704,#4701,#4706,.T.);
#3784=EDGE_CURVE('',#4406,#4707,#4708,.T.);
#3785=EDGE_CURVE('',#4408,#4707,#4709,.T.);
#3786=EDGE_CURVE('',#4710,#4707,#4711,.T.);
#3787=EDGE_CURVE('',#4410,#4710,#4712,.T.);
#3788=EDGE_CURVE('',#4710,#4713,#4714,.T.);
#3789=EDGE_CURVE('',#4713,#4715,#4716,.T.);
#3790=EDGE_CURVE('',#4402,#4715,#4717,.T.);
#3791=EDGE_CURVE('',#4715,#4718,#4719,.T.);
#3792=EDGE_CURVE('',#4720,#4713,#4721,.T.);
#3793=EDGE_CURVE('',#4720,#4718,#4722,.T.);
#3794=EDGE_CURVE('',#4720,#4723,#4724,.T.);
#3795=EDGE_CURVE('',#4718,#4723,#4725,.T.);
#3796=EDGE_CURVE('',#4723,#4726,#4727,.T.);
#3797=EDGE_CURVE('',#4401,#4726,#4728,.T.);
#3798=EDGE_CURVE('',#4726,#4704,#4729,.T.);
#3799=EDGE_CURVE('',#4730,#4456,#4731,.T.);
#3800=EDGE_CURVE('',#4730,#4404,#4732,.T.);
#3801=EDGE_CURVE('',#4733,#4734,#4735,.T.);
#3802=EDGE_CURVE('',#4736,#4733,#4737,.T.);
#3803=EDGE_CURVE('',#4738,#4736,#4739,.T.);
#3804=EDGE_CURVE('',#4734,#4738,#4740,.T.);
#3805=EDGE_CURVE('',#4741,#4742,#4743,.T.);
#3806=EDGE_CURVE('',#4741,#4733,#4744,.T.);
#3807=EDGE_CURVE('',#4734,#4742,#4745,.T.);
#3808=EDGE_CURVE('',#4746,#4742,#4747,.T.);
#3809=EDGE_CURVE('',#4738,#4746,#4748,.T.);
#3810=EDGE_CURVE('',#4749,#4518,#4750,.T.);
#3811=EDGE_CURVE('',#4749,#4751,#4752,.T.);
#3812=EDGE_CURVE('',#4751,#4736,#4753,.T.);
#3813=EDGE_CURVE('',#4741,#4730,#4754,.T.);
#3814=EDGE_CURVE('',#4755,#4514,#4756,.T.);
#3815=EDGE_CURVE('',#4757,#4755,#4758,.T.);
#3816=EDGE_CURVE('',#4516,#4757,#4759,.T.);
#3817=EDGE_CURVE('',#4757,#4749,#4760,.T.);
#3818=EDGE_CURVE('',#4751,#4755,#4761,.T.);
#3819=EDGE_CURVE('',#4512,#4762,#4763,.T.);
#3820=EDGE_CURVE('',#4762,#4746,#4764,.T.);
#3821=EDGE_CURVE('',#4586,#4762,#4765,.T.);
#3822=EDGE_CURVE('',#4766,#4767,#4768,.T.);
#3823=EDGE_CURVE('',#4769,#4766,#4770,.T.);
#3824=EDGE_CURVE('',#4771,#4769,#4772,.T.);
#3825=EDGE_CURVE('',#4771,#4773,#4774,.T.);
#3826=EDGE_CURVE('',#4775,#4773,#4776,.T.);
#3827=EDGE_CURVE('',#4775,#4767,#4777,.T.);
#3828=EDGE_CURVE('',#4778,#4779,#4780,.T.);
#3829=EDGE_CURVE('',#4781,#4778,#4782,.T.);
#3830=EDGE_CURVE('',#4783,#4781,#4784,.T.);
#3831=EDGE_CURVE('',#4785,#4783,#4786,.T.);
#3832=EDGE_CURVE('',#4787,#4785,#4788,.T.);
#3833=EDGE_CURVE('',#4779,#4787,#4789,.T.);
#3834=EDGE_CURVE('',#4790,#4791,#4792,.T.);
#3835=EDGE_CURVE('',#4791,#4793,#4794,.T.);
#3836=EDGE_CURVE('',#4795,#4793,#4796,.T.);
#3837=EDGE_CURVE('',#4795,#4790,#4797,.T.);
#3838=EDGE_CURVE('',#4798,#4795,#4799,.T.);
#3839=EDGE_CURVE('',#4800,#4798,#4801,.T.);
#3840=EDGE_CURVE('',#4800,#4790,#4802,.T.);
#3841=EDGE_CURVE('',#4803,#4804,#4805,.T.);
#3842=EDGE_CURVE('',#4806,#4803,#4807,.T.);
#3843=EDGE_CURVE('',#4806,#4808,#4809,.T.);
#3844=EDGE_CURVE('',#4808,#4804,#4810,.T.);
#3845=EDGE_CURVE('',#4811,#4812,#4813,.T.);
#3846=EDGE_CURVE('',#4814,#4812,#4815,.T.);
#3847=EDGE_CURVE('',#4816,#4814,#4817,.T.);
#3848=EDGE_CURVE('',#4818,#4816,#4819,.T.);
#3849=EDGE_CURVE('',#4818,#4811,#4820,.T.);
#3850=EDGE_CURVE('',#4787,#4821,#4822,.T.);
#3851=EDGE_CURVE('',#4823,#4785,#4824,.T.);
#3852=EDGE_CURVE('',#4823,#4825,#4826,.T.);
#3853=EDGE_CURVE('',#4827,#4825,#4828,.T.);
#3854=EDGE_CURVE('',#4827,#4829,#4830,.T.);
#3855=EDGE_CURVE('',#4831,#4829,#4832,.T.);
#3856=EDGE_CURVE('',#4833,#4831,#4834,.T.);
#3857=EDGE_CURVE('',#4835,#4833,#4836,.T.);
#3858=EDGE_CURVE('',#4837,#4835,#4838,.T.);
#3859=EDGE_CURVE('',#4839,#4837,#4840,.T.);
#3860=EDGE_CURVE('',#4841,#4839,#4842,.T.);
#3861=EDGE_CURVE('',#4843,#4841,#4844,.T.);
#3862=EDGE_CURVE('',#4845,#4843,#4846,.T.);
#3863=EDGE_CURVE('',#4847,#4845,#4848,.T.);
#3864=EDGE_CURVE('',#4849,#4847,#4850,.T.);
#3865=EDGE_CURVE('',#4851,#4849,#4852,.T.);
#3866=EDGE_CURVE('',#4851,#4853,#4854,.T.);
#3867=EDGE_CURVE('',#4853,#4855,#4856,.T.);
#3868=EDGE_CURVE('',#4857,#4855,#4858,.T.);
#3869=EDGE_CURVE('',#4859,#4857,#4860,.T.);
#3870=EDGE_CURVE('',#4861,#4859,#4862,.T.);
#3871=EDGE_CURVE('',#4861,#4863,#4864,.T.);
#3872=EDGE_CURVE('',#4865,#4863,#4866,.T.);
#3873=EDGE_CURVE('',#4867,#4865,#4868,.T.);
#3874=EDGE_CURVE('',#4869,#4867,#4870,.T.);
#3875=EDGE_CURVE('',#4871,#4869,#4872,.T.);
#3876=EDGE_CURVE('',#4873,#4871,#4874,.T.);
#3877=EDGE_CURVE('',#4875,#4873,#4876,.T.);
#3878=EDGE_CURVE('',#4877,#4875,#4878,.T.);
#3879=EDGE_CURVE('',#4879,#4877,#4880,.T.);
#3880=EDGE_CURVE('',#4879,#4881,#4882,.T.);
#3881=EDGE_CURVE('',#4883,#4881,#4884,.T.);
#3882=EDGE_CURVE('',#4821,#4883,#4885,.T.);
#3883=EDGE_CURVE('',#4886,#4829,#4887,.T.);
#3884=EDGE_CURVE('',#4886,#4831,#4888,.T.);
#3885=EDGE_CURVE('',#4889,#4811,#4890,.T.);
#3886=EDGE_CURVE('',#4818,#4891,#4892,.T.);
#3887=EDGE_CURVE('',#4891,#4889,#4893,.T.);
#3888=EDGE_CURVE('',#4791,#4894,#4895,.T.);
#3889=EDGE_CURVE('',#4894,#4896,#4897,.T.);
#3890=EDGE_CURVE('',#4896,#4898,#4899,.T.);
#3891=EDGE_CURVE('',#4898,#4900,#4901,.T.);
#3892=EDGE_CURVE('',#4902,#4900,#4903,.T.);
#3893=EDGE_CURVE('',#4904,#4902,#4905,.T.);
#3894=EDGE_CURVE('',#4793,#4904,#4906,.T.);
#3895=EDGE_CURVE('',#4798,#4904,#4907,.T.);
#3896=EDGE_CURVE('',#4908,#4909,#4910,.T.);
#3897=EDGE_CURVE('',#4908,#4911,#4912,.T.);
#3898=EDGE_CURVE('',#4808,#4911,#4913,.T.);
#3899=EDGE_CURVE('',#4806,#4902,#4914,.T.);
#3900=EDGE_CURVE('',#4915,#4900,#4916,.T.);
#3901=EDGE_CURVE('',#4909,#4915,#4917,.T.);
#3902=EDGE_CURVE('',#4918,#4919,#4920,.T.);
#3903=EDGE_CURVE('',#4918,#4911,#4921,.T.);
#3904=EDGE_CURVE('',#4922,#4908,#4923,.T.);
#3905=EDGE_CURVE('',#4924,#4922,#4925,.T.);
#3906=EDGE_CURVE('',#4926,#4924,#4927,.T.);
#3907=EDGE_CURVE('',#4919,#4926,#4928,.T.);
#3908=EDGE_CURVE('',#4909,#4929,#4930,.T.);
#3909=EDGE_CURVE('',#4922,#4929,#4931,.T.);
#3910=EDGE_CURVE('',#4918,#4804,#4932,.T.);
#3911=EDGE_CURVE('',#4803,#4800,#4933,.T.);
#3912=EDGE_CURVE('',#4934,#4898,#4935,.T.);
#3913=EDGE_CURVE('',#4915,#4934,#4936,.T.);
#3914=EDGE_CURVE('',#4937,#4938,#4939,.T.);
#3915=EDGE_CURVE('',#4867,#4938,#4940,.T.);
#3916=EDGE_CURVE('',#4865,#4941,#4942,.T.);
#3917=EDGE_CURVE('',#4941,#4943,#4944,.T.);
#3918=EDGE_CURVE('',#4945,#4943,#4946,.T.);
#3919=EDGE_CURVE('',#4945,#4947,#4948,.T.);
#3920=EDGE_CURVE('',#4949,#4947,#4950,.T.);
#3921=EDGE_CURVE('',#4949,#4951,#4952,.T.);
#3922=EDGE_CURVE('',#4951,#4875,#4953,.T.);
#3923=EDGE_CURVE('',#4937,#4873,#4954,.T.);
#3924=EDGE_CURVE('',#4955,#4956,#4957,.T.);
#3925=EDGE_CURVE('',#4937,#4956,#4958,.T.);
#3926=EDGE_CURVE('',#4871,#4955,#4959,.T.);
#3927=EDGE_CURVE('',#4960,#4955,#4961,.T.);
#3928=EDGE_CURVE('',#4869,#4960,#4962,.T.);
#3929=EDGE_CURVE('',#4938,#4963,#4964,.T.);
#3930=EDGE_CURVE('',#4963,#4960,#4965,.T.);
#3931=EDGE_CURVE('',#4963,#4956,#4966,.T.);
#3932=EDGE_CURVE('',#4967,#4949,#4968,.T.);
#3933=EDGE_CURVE('',#4969,#4947,#4970,.T.);
#3934=EDGE_CURVE('',#4969,#4971,#4972,.T.);
#3935=EDGE_CURVE('',#4971,#4967,#4973,.T.);
#3936=EDGE_CURVE('',#4969,#4974,#4975,.T.);
#3937=EDGE_CURVE('',#4976,#4974,#4977,.T.);
#3938=EDGE_CURVE('',#4971,#4976,#4978,.T.);
#3939=EDGE_CURVE('',#4979,#4967,#4980,.T.);
#3940=EDGE_CURVE('',#4976,#4979,#4981,.T.);
#3941=EDGE_CURVE('',#4943,#4979,#4982,.T.);
#3942=EDGE_CURVE('',#4974,#4945,#4983,.T.);
#3943=EDGE_CURVE('',#4833,#4779,#4984,.T.);
#3944=EDGE_CURVE('',#4886,#4985,#4986,.T.);
#3945=EDGE_CURVE('',#4778,#4985,#4987,.T.);
#3946=EDGE_CURVE('',#4823,#4783,#4988,.T.);
#3947=EDGE_CURVE('',#4825,#4781,#4989,.T.);
#3948=EDGE_CURVE('',#4985,#4827,#4990,.T.);
#3949=EDGE_CURVE('',#4814,#4926,#4991,.T.);
#3950=EDGE_CURVE('',#4924,#4816,#4992,.T.);
#3951=EDGE_CURVE('',#4894,#4889,#4993,.T.);
#3952=EDGE_CURVE('',#4896,#4891,#4994,.T.);
#3953=EDGE_CURVE('',#4929,#4934,#4995,.T.);
#3954=EDGE_CURVE('',#4996,#4997,#4998,.T.);
#3955=EDGE_CURVE('',#4999,#4996,#5000,.T.);
#3956=EDGE_CURVE('',#4999,#5001,#5002,.T.);
#3957=EDGE_CURVE('',#5001,#4997,#5003,.T.);
#3958=EDGE_CURVE('',#5004,#4999,#5005,.T.);
#3959=EDGE_CURVE('',#5006,#5004,#5007,.T.);
#3960=EDGE_CURVE('',#5006,#5008,#5009,.T.);
#3961=EDGE_CURVE('',#5010,#5008,#5011,.T.);
#3962=EDGE_CURVE('',#5010,#5012,#5013,.T.);
#3963=EDGE_CURVE('',#5014,#5012,#5015,.T.);
#3964=EDGE_CURVE('',#5014,#5016,#5017,.T.);
#3965=EDGE_CURVE('',#5001,#5016,#5018,.T.);
#3966=EDGE_CURVE('',#5016,#5019,#5020,.T.);
#3967=EDGE_CURVE('',#4997,#5019,#5021,.T.);
#3968=EDGE_CURVE('',#5022,#4853,#5023,.T.);
#3969=EDGE_CURVE('',#5022,#5024,#5025,.T.);
#3970=EDGE_CURVE('',#4855,#5024,#5026,.T.);
#3971=EDGE_CURVE('',#5027,#5022,#5028,.T.);
#3972=EDGE_CURVE('',#4851,#5027,#5029,.T.);
#3973=EDGE_CURVE('',#5030,#5027,#5031,.T.);
#3974=EDGE_CURVE('',#5030,#5024,#5032,.T.);
#3975=EDGE_CURVE('',#5014,#4857,#5033,.T.);
#3976=EDGE_CURVE('',#5012,#4859,#5034,.T.);
#3977=EDGE_CURVE('',#5035,#5030,#5036,.T.);
#3978=EDGE_CURVE('',#5019,#5035,#5037,.T.);
#3979=EDGE_CURVE('',#5038,#4996,#5039,.T.);
#3980=EDGE_CURVE('',#5004,#5038,#5040,.T.);
#3981=EDGE_CURVE('',#5041,#5042,#5043,.T.);
#3982=EDGE_CURVE('',#5038,#5041,#5044,.T.);
#3983=EDGE_CURVE('',#5035,#5045,#5046,.T.);
#3984=EDGE_CURVE('',#5042,#5045,#5047,.T.);
#3985=EDGE_CURVE('',#4849,#5045,#5048,.T.);
#3986=EDGE_CURVE('',#4847,#5042,#5049,.T.);
#3987=EDGE_CURVE('',#4845,#5041,#5050,.T.);
#3988=EDGE_CURVE('',#5010,#4861,#5051,.T.);
#3989=EDGE_CURVE('',#5052,#5006,#5053,.T.);
#3990=EDGE_CURVE('',#5054,#5052,#5055,.T.);
#3991=EDGE_CURVE('',#5008,#5054,#5056,.T.);
#3992=EDGE_CURVE('',#4863,#5054,#5057,.T.);
#3993=EDGE_CURVE('',#4843,#5052,#5058,.T.);
#3994=EDGE_CURVE('',#4841,#5059,#5060,.T.);
#3995=EDGE_CURVE('',#5059,#4919,#5061,.T.);
#3996=EDGE_CURVE('',#4812,#4941,#5062,.T.);
#3997=EDGE_CURVE('',#4839,#5063,#5064,.T.);
#3998=EDGE_CURVE('',#5063,#5059,#5065,.T.);
#3999=EDGE_CURVE('',#4837,#5066,#5067,.T.);
#4000=EDGE_CURVE('',#5066,#5063,#5068,.T.);
#4001=EDGE_CURVE('',#4835,#5069,#5070,.T.);
#4002=EDGE_CURVE('',#5069,#5066,#5071,.T.);
#4003=EDGE_CURVE('',#4771,#5072,#5073,.T.);
#4004=EDGE_CURVE('',#4773,#5072,#5074,.T.);
#4005=EDGE_CURVE('',#5075,#5072,#5076,.T.);
#4006=EDGE_CURVE('',#4775,#5075,#5077,.T.);
#4007=EDGE_CURVE('',#5075,#5078,#5079,.T.);
#4008=EDGE_CURVE('',#5078,#5080,#5081,.T.);
#4009=EDGE_CURVE('',#4767,#5080,#5082,.T.);
#4010=EDGE_CURVE('',#5080,#5083,#5084,.T.);
#4011=EDGE_CURVE('',#5085,#5078,#5086,.T.);
#4012=EDGE_CURVE('',#5085,#5083,#5087,.T.);
#4013=EDGE_CURVE('',#5085,#5088,#5089,.T.);
#4014=EDGE_CURVE('',#5083,#5088,#5090,.T.);
#4015=EDGE_CURVE('',#5088,#5091,#5092,.T.);
#4016=EDGE_CURVE('',#4766,#5091,#5093,.T.);
#4017=EDGE_CURVE('',#5091,#5069,#5094,.T.);
#4018=EDGE_CURVE('',#5095,#4821,#5096,.T.);
#4019=EDGE_CURVE('',#5095,#4769,#5097,.T.);
#4020=EDGE_CURVE('',#5098,#5099,#5100,.T.);
#4021=EDGE_CURVE('',#5101,#5098,#5102,.T.);
#4022=EDGE_CURVE('',#5103,#5101,#5104,.T.);
#4023=EDGE_CURVE('',#5099,#5103,#5105,.T.);
#4024=EDGE_CURVE('',#5106,#5107,#5108,.T.);
#4025=EDGE_CURVE('',#5106,#5098,#5109,.T.);
#4026=EDGE_CURVE('',#5099,#5107,#5110,.T.);
#4027=EDGE_CURVE('',#5111,#5107,#5112,.T.);
#4028=EDGE_CURVE('',#5103,#5111,#5113,.T.);
#4029=EDGE_CURVE('',#5114,#4883,#5115,.T.);
#4030=EDGE_CURVE('',#5114,#5116,#5117,.T.);
#4031=EDGE_CURVE('',#5116,#5101,#5118,.T.);
#4032=EDGE_CURVE('',#5106,#5095,#5119,.T.);
#4033=EDGE_CURVE('',#5120,#4879,#5121,.T.);
#4034=EDGE_CURVE('',#5122,#5120,#5123,.T.);
#4035=EDGE_CURVE('',#4881,#5122,#5124,.T.);
#4036=EDGE_CURVE('',#5122,#5114,#5125,.T.);
#4037=EDGE_CURVE('',#5116,#5120,#5126,.T.);
#4038=EDGE_CURVE('',#4877,#5127,#5128,.T.);
#4039=EDGE_CURVE('',#5127,#5111,#5129,.T.);
#4040=EDGE_CURVE('',#4951,#5127,#5130,.T.);
#4041=EDGE_CURVE('',#5131,#5132,#5133,.T.);
#4042=EDGE_CURVE('',#5134,#5131,#5135,.T.);
#4043=EDGE_CURVE('',#5134,#5136,#5137,.T.);
#4044=EDGE_CURVE('',#5138,#5136,#5139,.T.);
#4045=EDGE_CURVE('',#5138,#5140,#5141,.T.);
#4046=EDGE_CURVE('',#5132,#5140,#5142,.T.);
#4047=EDGE_CURVE('',#5143,#5144,#5145,.T.);
#4048=EDGE_CURVE('',#5144,#5146,#5147,.T.);
#4049=EDGE_CURVE('',#5146,#5148,#5149,.T.);
#4050=EDGE_CURVE('',#5148,#5150,#5151,.T.);
#4051=EDGE_CURVE('',#5150,#5152,#5153,.T.);
#4052=EDGE_CURVE('',#5152,#5154,#5155,.T.);
#4053=EDGE_CURVE('',#5154,#5156,#5157,.T.);
#4054=EDGE_CURVE('',#5156,#5158,#5159,.T.);
#4055=EDGE_CURVE('',#5158,#5160,#5161,.T.);
#4056=EDGE_CURVE('',#5160,#5162,#5163,.T.);
#4057=EDGE_CURVE('',#5162,#5164,#5165,.T.);
#4058=EDGE_CURVE('',#5164,#5166,#5167,.T.);
#4059=EDGE_CURVE('',#5166,#5143,#5168,.T.);
#4060=EDGE_CURVE('',#5143,#5169,#5170,.T.);
#4061=EDGE_CURVE('',#5169,#5171,#5172,.T.);
#4062=EDGE_CURVE('',#5171,#5144,#5173,.T.);
#4063=EDGE_CURVE('',#5174,#5175,#5176,.T.);
#4064=EDGE_CURVE('',#5177,#5175,#5178,.T.);
#4065=EDGE_CURVE('',#5177,#5179,#5180,.T.);
#4066=EDGE_CURVE('',#5179,#5181,#5182,.T.);
#4067=EDGE_CURVE('',#5174,#5181,#5183,.T.);
#4068=EDGE_CURVE('',#5184,#5185,#5186,.T.);
#4069=EDGE_CURVE('',#5184,#5187,#5188,.T.);
#4070=EDGE_CURVE('',#5187,#5189,#5190,.T.);
#4071=EDGE_CURVE('',#5185,#5189,#5191,.T.);
#4072=EDGE_CURVE('',#5192,#5193,#5194,.T.);
#4073=EDGE_CURVE('',#5195,#5193,#5196,.T.);
#4074=EDGE_CURVE('',#5195,#5197,#5198,.T.);
#4075=EDGE_CURVE('',#5192,#5197,#5199,.T.);
#4076=EDGE_CURVE('',#5200,#5201,#5202,.T.);
#4077=EDGE_CURVE('',#5203,#5201,#5204,.T.);
#4078=EDGE_CURVE('',#5205,#5203,#5206,.T.);
#4079=EDGE_CURVE('',#5200,#5205,#5207,.T.);
#4080=EDGE_CURVE('',#5187,#5208,#5209,.T.);
#4081=EDGE_CURVE('',#5210,#5208,#5211,.T.);
#4082=EDGE_CURVE('',#5181,#5210,#5212,.T.);
#4083=EDGE_CURVE('',#5213,#5179,#5214,.T.);
#4084=EDGE_CURVE('',#5215,#5213,#5216,.T.);
#4085=EDGE_CURVE('',#5217,#5215,#5218,.T.);
#4086=EDGE_CURVE('',#5217,#5189,#5219,.T.);
#4087=EDGE_CURVE('',#5220,#5166,#5221,.T.);
#4088=EDGE_CURVE('',#5169,#5220,#5222,.T.);
#4089=EDGE_CURVE('',#5134,#5223,#5224,.T.);
#4090=EDGE_CURVE('',#5223,#5225,#5226,.T.);
#4091=EDGE_CURVE('',#5225,#5227,#5228,.T.);
#4092=EDGE_CURVE('',#5229,#5227,#5230,.T.);
#4093=EDGE_CURVE('',#5229,#5231,#5232,.T.);
#4094=EDGE_CURVE('',#5231,#5233,#5234,.T.);
#4095=EDGE_CURVE('',#5233,#5235,#5236,.T.);
#4096=EDGE_CURVE('',#5235,#5237,#5238,.T.);
#4097=EDGE_CURVE('',#5237,#5239,#5240,.T.);
#4098=EDGE_CURVE('',#5239,#5241,#5242,.T.);
#4099=EDGE_CURVE('',#5241,#5243,#5244,.T.);
#4100=EDGE_CURVE('',#5243,#5175,#5245,.T.);
#4101=EDGE_CURVE('',#5174,#5246,#5247,.T.);
#4102=EDGE_CURVE('',#5246,#5248,#5249,.T.);
#4103=EDGE_CURVE('',#5248,#5197,#5250,.T.);
#4104=EDGE_CURVE('',#5251,#5195,#5252,.T.);
#4105=EDGE_CURVE('',#5251,#5253,#5254,.T.);
#4106=EDGE_CURVE('',#5253,#5255,#5256,.T.);
#4107=EDGE_CURVE('',#5255,#5257,#5258,.T.);
#4108=EDGE_CURVE('',#5257,#5259,#5260,.T.);
#4109=EDGE_CURVE('',#5259,#5261,#5262,.T.);
#4110=EDGE_CURVE('',#5261,#5263,#5264,.T.);
#4111=EDGE_CURVE('',#5263,#5265,#5266,.T.);
#4112=EDGE_CURVE('',#5265,#5267,#5268,.T.);
#4113=EDGE_CURVE('',#5267,#5269,#5270,.T.);
#4114=EDGE_CURVE('',#5269,#5271,#5272,.T.);
#4115=EDGE_CURVE('',#5271,#5273,#5274,.T.);
#4116=EDGE_CURVE('',#5275,#5273,#5276,.T.);
#4117=EDGE_CURVE('',#5275,#5277,#5278,.T.);
#4118=EDGE_CURVE('',#5279,#5277,#5280,.T.);
#4119=EDGE_CURVE('',#5279,#5136,#5281,.T.);
#4120=EDGE_CURVE('',#5282,#5257,#5283,.T.);
#4121=EDGE_CURVE('',#5282,#5284,#5285,.T.);
#4122=EDGE_CURVE('',#5284,#5215,#5286,.T.);
#4123=EDGE_CURVE('',#5213,#5287,#5288,.T.);
#4124=EDGE_CURVE('',#5287,#5259,#5289,.T.);
#4125=EDGE_CURVE('',#5290,#5253,#5291,.T.);
#4126=EDGE_CURVE('',#5290,#5292,#5293,.T.);
#4127=EDGE_CURVE('',#5292,#5255,#5294,.T.);
#4128=EDGE_CURVE('',#5246,#5210,#5295,.T.);
#4129=EDGE_CURVE('',#5160,#5263,#5296,.T.);
#4130=EDGE_CURVE('',#5158,#5265,#5297,.T.);
#4131=EDGE_CURVE('',#5156,#5267,#5298,.T.);
#4132=EDGE_CURVE('',#5223,#5154,#5299,.T.);
#4133=EDGE_CURVE('',#5152,#5203,#5300,.T.);
#4134=EDGE_CURVE('',#5225,#5201,#5301,.T.);
#4135=EDGE_CURVE('',#5302,#5284,#5303,.T.);
#4136=EDGE_CURVE('',#5292,#5282,#5304,.T.);
#4137=EDGE_CURVE('',#5290,#5305,#5306,.T.);
#4138=EDGE_CURVE('',#5305,#5184,#5307,.T.);
#4139=EDGE_CURVE('',#5302,#5185,#5308,.T.);
#4140=EDGE_CURVE('',#5138,#5279,#5309,.T.);
#4141=EDGE_CURVE('',#5162,#5261,#5310,.T.);
#4142=EDGE_CURVE('',#5235,#5311,#5312,.T.);
#4143=EDGE_CURVE('',#5313,#5311,#5314,.T.);
#4144=EDGE_CURVE('',#5313,#5315,#5316,.T.);
#4145=EDGE_CURVE('',#5315,#5237,#5317,.T.);
#4146=EDGE_CURVE('',#5248,#5208,#5318,.T.);
#4147=EDGE_CURVE('',#5302,#5217,#5319,.T.);
#4148=EDGE_CURVE('',#5171,#5320,#5321,.T.);
#4149=EDGE_CURVE('',#5146,#5320,#5322,.T.);
#4150=EDGE_CURVE('',#5323,#5251,#5324,.T.);
#4151=EDGE_CURVE('',#5323,#5325,#5326,.T.);
#4152=EDGE_CURVE('',#5325,#5305,#5327,.T.);
#4153=EDGE_CURVE('',#5193,#5323,#5328,.T.);
#4154=EDGE_CURVE('',#5229,#5205,#5329,.T.);
#4155=EDGE_CURVE('',#5200,#5227,#5330,.T.);
#4156=EDGE_CURVE('',#5331,#5311,#5332,.T.);
#4157=EDGE_CURVE('',#5333,#5331,#5334,.T.);
#4158=EDGE_CURVE('',#5313,#5333,#5335,.T.);
#4159=EDGE_CURVE('',#5273,#5336,#5337,.T.);
#4160=EDGE_CURVE('',#5336,#5338,#5339,.T.);
#4161=EDGE_CURVE('',#5275,#5338,#5340,.T.);
#4162=EDGE_CURVE('',#5192,#5325,#5341,.T.);
#4163=EDGE_CURVE('',#5164,#5243,#5342,.T.);
#4164=EDGE_CURVE('',#5331,#5241,#5343,.T.);
#4165=EDGE_CURVE('',#5233,#5148,#5344,.T.);
#4166=EDGE_CURVE('',#5320,#5220,#5345,.T.);
#4167=EDGE_CURVE('',#5131,#5269,#5346,.T.);
#4168=EDGE_CURVE('',#5338,#5132,#5347,.T.);
#4169=EDGE_CURVE('',#5140,#5277,#5348,.T.);
#4170=EDGE_CURVE('',#5150,#5231,#5349,.T.);
#4171=EDGE_CURVE('',#5315,#5350,#5351,.T.);
#4172=EDGE_CURVE('',#5350,#5239,#5352,.T.);
#4173=EDGE_CURVE('',#5271,#5336,#5353,.T.);
#4174=EDGE_CURVE('',#5287,#5177,#5354,.T.);
#4175=EDGE_CURVE('',#5350,#5333,#5355,.T.);
#4176=VERTEX_POINT('',#5356);
#4177=VERTEX_POINT('',#5357);
#4178=LINE('',#5358,#5359);
#4179=VERTEX_POINT('',#5360);
#4180=CIRCLE('',#5361,2.0);
#4181=VERTEX_POINT('',#5362);
#4182=LINE('',#5363,#5364);
#4183=VERTEX_POINT('',#5365);
#4184=CIRCLE('',#5366,2.0);
#4185=VERTEX_POINT('',#5367);
#4186=LINE('',#5368,#5369);
#4187=CIRCLE('',#5370,2.0);
#4188=VERTEX_POINT('',#5371);
#4189=VERTEX_POINT('',#5372);
#4190=LINE('',#5373,#5374);
#4191=VERTEX_POINT('',#5375);
#4192=LINE('',#5376,#5377);
#4193=VERTEX_POINT('',#5378);
#4194=LINE('',#5379,#5380);
#4195=LINE('',#5381,#5382);
#4196=VERTEX_POINT('',#5383);
#4197=VERTEX_POINT('',#5384);
#4198=LINE('',#5385,#5386);
#4199=VERTEX_POINT('',#5387);
#4200=LINE('',#5388,#5389);
#4201=VERTEX_POINT('',#5390);
#4202=LINE('',#5391,#5392);
#4203=LINE('',#5393,#5394);
#4204=VERTEX_POINT('',#5395);
#4205=VERTEX_POINT('',#5396);
#4206=LINE('',#5397,#5398);
#4207=VERTEX_POINT('',#5399);
#4208=LINE('',#5400,#5401);
#4209=VERTEX_POINT('',#5402);
#4210=LINE('',#5403,#5404);
#4211=LINE('',#5405,#5406);
#4212=VERTEX_POINT('',#5407);
#4213=VERTEX_POINT('',#5408);
#4214=LINE('',#5409,#5410);
#4215=VERTEX_POINT('',#5411);
#4216=LINE('',#5412,#5413);
#4217=VERTEX_POINT('',#5414);
#4218=LINE('',#5415,#5416);
#4219=LINE('',#5417,#5418);
#4220=VERTEX_POINT('',#5419);
#4221=VERTEX_POINT('',#5420);
#4222=LINE('',#5421,#5422);
#4223=LINE('',#5423,#5424);
#4224=LINE('',#5425,#5426);
#4225=VERTEX_POINT('',#5427);
#4226=LINE('',#5428,#5429);
#4227=LINE('',#5430,#5431);
#4228=LINE('',#5432,#5433);
#4229=VERTEX_POINT('',#5434);
#4230=LINE('',#5435,#5436);
#4231=LINE('',#5437,#5438);
#4232=LINE('',#5439,#5440);
#4233=VERTEX_POINT('',#5441);
#4234=LINE('',#5442,#5443);
#4235=VERTEX_POINT('',#5444);
#4236=LINE('',#5445,#5446);
#4237=LINE('',#5447,#5448);
#4238=CIRCLE('',#5449,1.1);
#4239=CIRCLE('',#5450,1.1);
#4240=VERTEX_POINT('',#5451);
#4241=LINE('',#5452,#5453);
#4242=VERTEX_POINT('',#5454);
#4243=LINE('',#5455,#5456);
#4244=CIRCLE('',#5457,0.2);
#4245=VERTEX_POINT('',#5458);
#4246=LINE('',#5459,#5460);
#4247=VERTEX_POINT('',#5461);
#4248=LINE('',#5462,#5463);
#4249=LINE('',#5464,#5465);
#4250=CIRCLE('',#5466,0.2);
#4251=VERTEX_POINT('',#5467);
#4252=LINE('',#5468,#5469);
#4253=VERTEX_POINT('',#5470);
#4254=LINE('',#5471,#5472);
#4255=VERTEX_POINT('',#5473);
#4256=LINE('',#5474,#5475);
#4257=LINE('',#5476,#5477);
#4258=VERTEX_POINT('',#5478);
#4259=VERTEX_POINT('',#5479);
#4260=LINE('',#5480,#5481);
#4261=VERTEX_POINT('',#5482);
#4262=LINE('',#5483,#5484);
#4263=VERTEX_POINT('',#5485);
#4264=LINE('',#5486,#5487);
#4265=LINE('',#5488,#5489);
#4266=VERTEX_POINT('',#5490);
#4267=VERTEX_POINT('',#5491);
#4268=LINE('',#5492,#5493);
#4269=LINE('',#5494,#5495);
#4270=LINE('',#5496,#5497);
#4271=VERTEX_POINT('',#5498);
#4272=LINE('',#5499,#5500);
#4273=LINE('',#5501,#5502);
#4274=VERTEX_POINT('',#5503);
#4275=LINE('',#5504,#5505);
#4276=LINE('',#5506,#5507);
#4277=VERTEX_POINT('',#5508);
#4278=LINE('',#5509,#5510);
#4279=VERTEX_POINT('',#5511);
#4280=LINE('',#5512,#5513);
#4281=LINE('',#5514,#5515);
#4282=LINE('',#5516,#5517);
#4283=VERTEX_POINT('',#5518);
#4284=LINE('',#5519,#5520);
#4285=VERTEX_POINT('',#5521);
#4286=CIRCLE('',#5522,2.0);
#4287=LINE('',#5523,#5524);
#4288=VERTEX_POINT('',#5525);
#4289=LINE('',#5526,#5527);
#4290=VERTEX_POINT('',#5528);
#4291=LINE('',#5529,#5530);
#4292=LINE('',#5531,#5532);
#4293=VERTEX_POINT('',#5533);
#4294=CIRCLE('',#5534,2.0);
#4295=LINE('',#5535,#5536);
#4296=VERTEX_POINT('',#5537);
#4297=CIRCLE('',#5538,2.0);
#4298=LINE('',#5539,#5540);
#4299=VERTEX_POINT('',#5541);
#4300=VERTEX_POINT('',#5542);
#4301=LINE('',#5543,#5544);
#4302=VERTEX_POINT('',#5545);
#4303=LINE('',#5546,#5547);
#4304=VERTEX_POINT('',#5548);
#4305=LINE('',#5549,#5550);
#4306=LINE('',#5551,#5552);
#4307=VERTEX_POINT('',#5553);
#4308=LINE('',#5554,#5555);
#4309=VERTEX_POINT('',#5556);
#4310=LINE('',#5557,#5558);
#4311=LINE('',#5559,#5560);
#4312=VERTEX_POINT('',#5561);
#4313=LINE('',#5562,#5563);
#4314=VERTEX_POINT('',#5564);
#4315=LINE('',#5565,#5566);
#4316=LINE('',#5567,#5568);
#4317=LINE('',#5569,#5570);
#4318=VERTEX_POINT('',#5571);
#4319=LINE('',#5572,#5573);
#4320=VERTEX_POINT('',#5574);
#4321=LINE('',#5575,#5576);
#4322=LINE('',#5577,#5578);
#4323=VERTEX_POINT('',#5579);
#4324=VERTEX_POINT('',#5580);
#4325=LINE('',#5581,#5582);
#4326=VERTEX_POINT('',#5583);
#4327=LINE('',#5584,#5585);
#4328=VERTEX_POINT('',#5586);
#4329=LINE('',#5587,#5588);
#4330=LINE('',#5589,#5590);
#4331=VERTEX_POINT('',#5591);
#4332=VERTEX_POINT('',#5592);
#4333=LINE('',#5593,#5594);
#4334=VERTEX_POINT('',#5595);
#4335=LINE('',#5596,#5597);
#4336=VERTEX_POINT('',#5598);
#4337=LINE('',#5599,#5600);
#4338=LINE('',#5601,#5602);
#4339=VERTEX_POINT('',#5603);
#4340=LINE('',#5604,#5605);
#4341=VERTEX_POINT('',#5606);
#4342=LINE('',#5607,#5608);
#4343=LINE('',#5609,#5610);
#4344=VERTEX_POINT('',#5611);
#4345=LINE('',#5612,#5613);
#4346=VERTEX_POINT('',#5614);
#4347=LINE('',#5615,#5616);
#4348=LINE('',#5617,#5618);
#4349=VERTEX_POINT('',#5619);
#4350=LINE('',#5620,#5621);
#4351=LINE('',#5622,#5623);
#4352=VERTEX_POINT('',#5624);
#4353=LINE('',#5625,#5626);
#4354=LINE('',#5627,#5628);
#4355=VERTEX_POINT('',#5629);
#4356=LINE('',#5630,#5631);
#4357=VERTEX_POINT('',#5632);
#4358=LINE('',#5633,#5634);
#4359=LINE('',#5635,#5636);
#4360=LINE('',#5637,#5638);
#4361=LINE('',#5639,#5640);
#4362=VERTEX_POINT('',#5641);
#4363=LINE('',#5642,#5643);
#4364=VERTEX_POINT('',#5644);
#4365=LINE('',#5645,#5646);
#4366=VERTEX_POINT('',#5647);
#4367=LINE('',#5648,#5649);
#4368=VERTEX_POINT('',#5650);
#4369=LINE('',#5651,#5652);
#4370=LINE('',#5653,#5654);
#4371=VERTEX_POINT('',#5655);
#4372=VERTEX_POINT('',#5656);
#4373=LINE('',#5657,#5658);
#4374=LINE('',#5659,#5660);
#4375=LINE('',#5661,#5662);
#4376=VERTEX_POINT('',#5663);
#4377=LINE('',#5664,#5665);
#4378=LINE('',#5666,#5667);
#4379=VERTEX_POINT('',#5668);
#4380=LINE('',#5669,#5670);
#4381=LINE('',#5671,#5672);
#4382=LINE('',#5673,#5674);
#4383=LINE('',#5675,#5676);
#4384=LINE('',#5677,#5678);
#4385=VERTEX_POINT('',#5679);
#4386=LINE('',#5680,#5681);
#4387=VERTEX_POINT('',#5682);
#4388=LINE('',#5683,#5684);
#4389=VERTEX_POINT('',#5685);
#4390=LINE('',#5686,#5687);
#4391=VERTEX_POINT('',#5688);
#4392=LINE('',#5689,#5690);
#4393=LINE('',#5691,#5692);
#4394=VERTEX_POINT('',#5693);
#4395=LINE('',#5694,#5695);
#4396=LINE('',#5696,#5697);
#4397=LINE('',#5698,#5699);
#4398=LINE('',#5700,#5701);
#4399=LINE('',#5702,#5703);
#4400=LINE('',#5704,#5705);
#4401=VERTEX_POINT('',#5706);
#4402=VERTEX_POINT('',#5707);
#4403=LINE('',#5708,#5709);
#4404=VERTEX_POINT('',#5710);
#4405=CIRCLE('',#5711,2.0);
#4406=VERTEX_POINT('',#5712);
#4407=LINE('',#5713,#5714);
#4408=VERTEX_POINT('',#5715);
#4409=CIRCLE('',#5716,2.0);
#4410=VERTEX_POINT('',#5717);
#4411=LINE('',#5718,#5719);
#4412=CIRCLE('',#5720,2.0);
#4413=VERTEX_POINT('',#5721);
#4414=VERTEX_POINT('',#5722);
#4415=LINE('',#5723,#5724);
#4416=VERTEX_POINT('',#5725);
#4417=CIRCLE('',#5726,2.0);
#4418=VERTEX_POINT('',#5727);
#4419=LINE('',#5728,#5729);
#4420=VERTEX_POINT('',#5730);
#4421=CIRCLE('',#5731,2.0);
#4422=VERTEX_POINT('',#5732);
#4423=LINE('',#5733,#5734);
#4424=CIRCLE('',#5735,2.0);
#4425=VERTEX_POINT('',#5736);
#4426=VERTEX_POINT('',#5737);
#4427=LINE('',#5738,#5739);
#4428=VERTEX_POINT('',#5740);
#4429=LINE('',#5741,#5742);
#4430=VERTEX_POINT('',#5743);
#4431=LINE('',#5744,#5745);
#4432=LINE('',#5746,#5747);
#4433=VERTEX_POINT('',#5748);
#4434=LINE('',#5749,#5750);
#4435=VERTEX_POINT('',#5751);
#4436=LINE('',#5752,#5753);
#4437=LINE('',#5754,#5755);
#4438=VERTEX_POINT('',#5756);
#4439=VERTEX_POINT('',#5757);
#4440=CIRCLE('',#5758,1.1);
#4441=VERTEX_POINT('',#5759);
#4442=LINE('',#5760,#5761);
#4443=VERTEX_POINT('',#5762);
#4444=CIRCLE('',#5763,1.1);
#4445=LINE('',#5764,#5765);
#4446=VERTEX_POINT('',#5766);
#4447=VERTEX_POINT('',#5767);
#4448=LINE('',#5768,#5769);
#4449=VERTEX_POINT('',#5770);
#4450=LINE('',#5771,#5772);
#4451=VERTEX_POINT('',#5773);
#4452=LINE('',#5774,#5775);
#4453=VERTEX_POINT('',#5776);
#4454=LINE('',#5777,#5778);
#4455=LINE('',#5779,#5780);
#4456=VERTEX_POINT('',#5781);
#4457=LINE('',#5782,#5783);
#4458=VERTEX_POINT('',#5784);
#4459=LINE('',#5785,#5786);
#4460=VERTEX_POINT('',#5787);
#4461=LINE('',#5788,#5789);
#4462=VERTEX_POINT('',#5790);
#4463=LINE('',#5791,#5792);
#4464=VERTEX_POINT('',#5793);
#4465=LINE('',#5794,#5795);
#4466=VERTEX_POINT('',#5796);
#4467=LINE('',#5797,#5798);
#4468=VERTEX_POINT('',#5799);
#4469=LINE('',#5800,#5801);
#4470=VERTEX_POINT('',#5802);
#4471=LINE('',#5803,#5804);
#4472=VERTEX_POINT('',#5805);
#4473=LINE('',#5806,#5807);
#4474=VERTEX_POINT('',#5808);
#4475=LINE('',#5809,#5810);
#4476=VERTEX_POINT('',#5811);
#4477=LINE('',#5812,#5813);
#4478=VERTEX_POINT('',#5814);
#4479=LINE('',#5815,#5816);
#4480=VERTEX_POINT('',#5817);
#4481=LINE('',#5818,#5819);
#4482=VERTEX_POINT('',#5820);
#4483=LINE('',#5821,#5822);
#4484=VERTEX_POINT('',#5823);
#4485=CIRCLE('',#5824,1.1);
#4486=VERTEX_POINT('',#5825);
#4487=LINE('',#5826,#5827);
#4488=VERTEX_POINT('',#5828);
#4489=LINE('',#5829,#5830);
#4490=VERTEX_POINT('',#5831);
#4491=LINE('',#5832,#5833);
#4492=VERTEX_POINT('',#5834);
#4493=LINE('',#5835,#5836);
#4494=VERTEX_POINT('',#5837);
#4495=LINE('',#5838,#5839);
#4496=VERTEX_POINT('',#5840);
#4497=LINE('',#5841,#5842);
#4498=VERTEX_POINT('',#5843);
#4499=LINE('',#5844,#5845);
#4500=VERTEX_POINT('',#5846);
#4501=LINE('',#5847,#5848);
#4502=VERTEX_POINT('',#5849);
#4503=LINE('',#5850,#5851);
#4504=VERTEX_POINT('',#5852);
#4505=LINE('',#5853,#5854);
#4506=VERTEX_POINT('',#5855);
#4507=LINE('',#5856,#5857);
#4508=VERTEX_POINT('',#5858);
#4509=LINE('',#5859,#5860);
#4510=VERTEX_POINT('',#5861);
#4511=LINE('',#5862,#5863);
#4512=VERTEX_POINT('',#5864);
#4513=LINE('',#5865,#5866);
#4514=VERTEX_POINT('',#5867);
#4515=LINE('',#5868,#5869);
#4516=VERTEX_POINT('',#5870);
#4517=LINE('',#5871,#5872);
#4518=VERTEX_POINT('',#5873);
#4519=LINE('',#5874,#5875);
#4520=LINE('',#5876,#5877);
#4521=VERTEX_POINT('',#5878);
#4522=LINE('',#5879,#5880);
#4523=CIRCLE('',#5881,2.0);
#4524=VERTEX_POINT('',#5882);
#4525=LINE('',#5883,#5884);
#4526=VERTEX_POINT('',#5885);
#4527=LINE('',#5886,#5887);
#4528=LINE('',#5888,#5889);
#4529=VERTEX_POINT('',#5890);
#4530=LINE('',#5891,#5892);
#4531=VERTEX_POINT('',#5893);
#4532=LINE('',#5894,#5895);
#4533=VERTEX_POINT('',#5896);
#4534=LINE('',#5897,#5898);
#4535=VERTEX_POINT('',#5899);
#4536=LINE('',#5900,#5901);
#4537=VERTEX_POINT('',#5902);
#4538=LINE('',#5903,#5904);
#4539=VERTEX_POINT('',#5905);
#4540=LINE('',#5906,#5907);
#4541=LINE('',#5908,#5909);
#4542=LINE('',#5910,#5911);
#4543=VERTEX_POINT('',#5912);
#4544=VERTEX_POINT('',#5913);
#4545=LINE('',#5914,#5915);
#4546=VERTEX_POINT('',#5916);
#4547=LINE('',#5917,#5918);
#4548=LINE('',#5919,#5920);
#4549=LINE('',#5921,#5922);
#4550=VERTEX_POINT('',#5923);
#4551=LINE('',#5924,#5925);
#4552=CIRCLE('',#5926,0.2);
#4553=VERTEX_POINT('',#5927);
#4554=VERTEX_POINT('',#5928);
#4555=LINE('',#5929,#5930);
#4556=LINE('',#5931,#5932);
#4557=VERTEX_POINT('',#5933);
#4558=LINE('',#5934,#5935);
#4559=VERTEX_POINT('',#5936);
#4560=LINE('',#5937,#5938);
#4561=VERTEX_POINT('',#5939);
#4562=LINE('',#5940,#5941);
#4563=LINE('',#5942,#5943);
#4564=VERTEX_POINT('',#5944);
#4565=LINE('',#5945,#5946);
#4566=LINE('',#5947,#5948);
#4567=LINE('',#5949,#5950);
#4568=LINE('',#5951,#5952);
#4569=VERTEX_POINT('',#5953);
#4570=LINE('',#5954,#5955);
#4571=LINE('',#5956,#5957);
#4572=VERTEX_POINT('',#5958);
#4573=VERTEX_POINT('',#5959);
#4574=LINE('',#5960,#5961);
#4575=LINE('',#5962,#5963);
#4576=VERTEX_POINT('',#5964);
#4577=LINE('',#5965,#5966);
#4578=VERTEX_POINT('',#5967);
#4579=LINE('',#5968,#5969);
#4580=VERTEX_POINT('',#5970);
#4581=LINE('',#5971,#5972);
#4582=VERTEX_POINT('',#5973);
#4583=LINE('',#5974,#5975);
#4584=VERTEX_POINT('',#5976);
#4585=LINE('',#5977,#5978);
#4586=VERTEX_POINT('',#5979);
#4587=LINE('',#5980,#5981);
#4588=LINE('',#5982,#5983);
#4589=LINE('',#5984,#5985);
#4590=VERTEX_POINT('',#5986);
#4591=VERTEX_POINT('',#5987);
#4592=LINE('',#5988,#5989);
#4593=LINE('',#5990,#5991);
#4594=LINE('',#5992,#5993);
#4595=VERTEX_POINT('',#5994);
#4596=LINE('',#5995,#5996);
#4597=LINE('',#5997,#5998);
#4598=VERTEX_POINT('',#5999);
#4599=LINE('',#6000,#6001);
#4600=LINE('',#6002,#6003);
#4601=LINE('',#6004,#6005);
#4602=VERTEX_POINT('',#6006);
#4603=LINE('',#6007,#6008);
#4604=VERTEX_POINT('',#6009);
#4605=LINE('',#6010,#6011);
#4606=VERTEX_POINT('',#6012);
#4607=LINE('',#6013,#6014);
#4608=LINE('',#6015,#6016);
#4609=VERTEX_POINT('',#6017);
#4610=LINE('',#6018,#6019);
#4611=VERTEX_POINT('',#6020);
#4612=LINE('',#6021,#6022);
#4613=LINE('',#6023,#6024);
#4614=VERTEX_POINT('',#6025);
#4615=LINE('',#6026,#6027);
#4616=LINE('',#6028,#6029);
#4617=LINE('',#6030,#6031);
#4618=LINE('',#6032,#6033);
#4619=CIRCLE('',#6034,2.0);
#4620=VERTEX_POINT('',#6035);
#4621=LINE('',#6036,#6037);
#4622=CIRCLE('',#6038,2.0);
#4623=LINE('',#6039,#6040);
#4624=LINE('',#6041,#6042);
#4625=LINE('',#6043,#6044);
#4626=LINE('',#6045,#6046);
#4627=LINE('',#6047,#6048);
#4628=LINE('',#6049,#6050);
#4629=LINE('',#6051,#6052);
#4630=CIRCLE('',#6053,0.2);
#4631=VERTEX_POINT('',#6054);
#4632=VERTEX_POINT('',#6055);
#4633=CIRCLE('',#6056,0.2);
#4634=VERTEX_POINT('',#6057);
#4635=LINE('',#6058,#6059);
#4636=VERTEX_POINT('',#6060);
#4637=CIRCLE('',#6061,0.2);
#4638=LINE('',#6062,#6063);
#4639=VERTEX_POINT('',#6064);
#4640=LINE('',#6065,#6066);
#4641=VERTEX_POINT('',#6067);
#4642=LINE('',#6068,#6069);
#4643=VERTEX_POINT('',#6070);
#4644=LINE('',#6071,#6072);
#4645=VERTEX_POINT('',#6073);
#4646=LINE('',#6074,#6075);
#4647=VERTEX_POINT('',#6076);
#4648=LINE('',#6077,#6078);
#4649=VERTEX_POINT('',#6079);
#4650=LINE('',#6080,#6081);
#4651=VERTEX_POINT('',#6082);
#4652=LINE('',#6083,#6084);
#4653=LINE('',#6085,#6086);
#4654=VERTEX_POINT('',#6087);
#4655=LINE('',#6088,#6089);
#4656=LINE('',#6090,#6091);
#4657=VERTEX_POINT('',#6092);
#4658=LINE('',#6093,#6094);
#4659=VERTEX_POINT('',#6095);
#4660=LINE('',#6096,#6097);
#4661=LINE('',#6098,#6099);
#4662=VERTEX_POINT('',#6100);
#4663=LINE('',#6101,#6102);
#4664=LINE('',#6103,#6104);
#4665=VERTEX_POINT('',#6105);
#4666=LINE('',#6106,#6107);
#4667=LINE('',#6108,#6109);
#4668=LINE('',#6110,#6111);
#4669=LINE('',#6112,#6113);
#4670=VERTEX_POINT('',#6114);
#4671=LINE('',#6115,#6116);
#4672=LINE('',#6117,#6118);
#4673=VERTEX_POINT('',#6119);
#4674=LINE('',#6120,#6121);
#4675=LINE('',#6122,#6123);
#4676=VERTEX_POINT('',#6124);
#4677=VERTEX_POINT('',#6125);
#4678=LINE('',#6126,#6127);
#4679=LINE('',#6128,#6129);
#4680=VERTEX_POINT('',#6130);
#4681=LINE('',#6131,#6132);
#4682=CIRCLE('',#6133,1.1);
#4683=LINE('',#6134,#6135);
#4684=LINE('',#6136,#6137);
#4685=LINE('',#6138,#6139);
#4686=LINE('',#6140,#6141);
#4687=VERTEX_POINT('',#6142);
#4688=LINE('',#6143,#6144);
#4689=VERTEX_POINT('',#6145);
#4690=LINE('',#6146,#6147);
#4691=LINE('',#6148,#6149);
#4692=LINE('',#6150,#6151);
#4693=LINE('',#6152,#6153);
#4694=VERTEX_POINT('',#6154);
#4695=LINE('',#6155,#6156);
#4696=LINE('',#6157,#6158);
#4697=LINE('',#6159,#6160);
#4698=VERTEX_POINT('',#6161);
#4699=LINE('',#6162,#6163);
#4700=LINE('',#6164,#6165);
#4701=VERTEX_POINT('',#6166);
#4702=LINE('',#6167,#6168);
#4703=LINE('',#6169,#6170);
#4704=VERTEX_POINT('',#6171);
#4705=LINE('',#6172,#6173);
#4706=LINE('',#6174,#6175);
#4707=VERTEX_POINT('',#6176);
#4708=LINE('',#6177,#6178);
#4709=LINE('',#6179,#6180);
#4710=VERTEX_POINT('',#6181);
#4711=LINE('',#6182,#6183);
#4712=LINE('',#6184,#6185);
#4713=VERTEX_POINT('',#6186);
#4714=LINE('',#6187,#6188);
#4715=VERTEX_POINT('',#6189);
#4716=LINE('',#6190,#6191);
#4717=CIRCLE('',#6192,2.0);
#4718=VERTEX_POINT('',#6193);
#4719=LINE('',#6194,#6195);
#4720=VERTEX_POINT('',#6196);
#4721=LINE('',#6197,#6198);
#4722=LINE('',#6199,#6200);
#4723=VERTEX_POINT('',#6201);
#4724=LINE('',#6202,#6203);
#4725=CIRCLE('',#6204,2.0);
#4726=VERTEX_POINT('',#6205);
#4727=LINE('',#6206,#6207);
#4728=CIRCLE('',#6208,2.0);
#4729=LINE('',#6209,#6210);
#4730=VERTEX_POINT('',#6211);
#4731=LINE('',#6212,#6213);
#4732=LINE('',#6214,#6215);
#4733=VERTEX_POINT('',#6216);
#4734=VERTEX_POINT('',#6217);
#4735=LINE('',#6218,#6219);
#4736=VERTEX_POINT('',#6220);
#4737=LINE('',#6221,#6222);
#4738=VERTEX_POINT('',#6223);
#4739=LINE('',#6224,#6225);
#4740=LINE('',#6226,#6227);
#4741=VERTEX_POINT('',#6228);
#4742=VERTEX_POINT('',#6229);
#4743=LINE('',#6230,#6231);
#4744=LINE('',#6232,#6233);
#4745=LINE('',#6234,#6235);
#4746=VERTEX_POINT('',#6236);
#4747=LINE('',#6237,#6238);
#4748=LINE('',#6239,#6240);
#4749=VERTEX_POINT('',#6241);
#4750=LINE('',#6242,#6243);
#4751=VERTEX_POINT('',#6244);
#4752=LINE('',#6245,#6246);
#4753=LINE('',#6247,#6248);
#4754=LINE('',#6249,#6250);
#4755=VERTEX_POINT('',#6251);
#4756=LINE('',#6252,#6253);
#4757=VERTEX_POINT('',#6254);
#4758=LINE('',#6255,#6256);
#4759=LINE('',#6257,#6258);
#4760=LINE('',#6259,#6260);
#4761=LINE('',#6261,#6262);
#4762=VERTEX_POINT('',#6263);
#4763=LINE('',#6264,#6265);
#4764=LINE('',#6266,#6267);
#4765=LINE('',#6268,#6269);
#4766=VERTEX_POINT('',#6270);
#4767=VERTEX_POINT('',#6271);
#4768=LINE('',#6272,#6273);
#4769=VERTEX_POINT('',#6274);
#4770=CIRCLE('',#6275,2.0);
#4771=VERTEX_POINT('',#6276);
#4772=LINE('',#6277,#6278);
#4773=VERTEX_POINT('',#6279);
#4774=CIRCLE('',#6280,2.0);
#4775=VERTEX_POINT('',#6281);
#4776=LINE('',#6282,#6283);
#4777=CIRCLE('',#6284,2.0);
#4778=VERTEX_POINT('',#6285);
#4779=VERTEX_POINT('',#6286);
#4780=LINE('',#6287,#6288);
#4781=VERTEX_POINT('',#6289);
#4782=CIRCLE('',#6290,2.0);
#4783=VERTEX_POINT('',#6291);
#4784=LINE('',#6292,#6293);
#4785=VERTEX_POINT('',#6294);
#4786=CIRCLE('',#6295,2.0);
#4787=VERTEX_POINT('',#6296);
#4788=LINE('',#6297,#6298);
#4789=CIRCLE('',#6299,2.0);
#4790=VERTEX_POINT('',#6300);
#4791=VERTEX_POINT('',#6301);
#4792=LINE('',#6302,#6303);
#4793=VERTEX_POINT('',#6304);
#4794=LINE('',#6305,#6306);
#4795=VERTEX_POINT('',#6307);
#4796=LINE('',#6308,#6309);
#4797=LINE('',#6310,#6311);
#4798=VERTEX_POINT('',#6312);
#4799=LINE('',#6313,#6314);
#4800=VERTEX_POINT('',#6315);
#4801=LINE('',#6316,#6317);
#4802=LINE('',#6318,#6319);
#4803=VERTEX_POINT('',#6320);
#4804=VERTEX_POINT('',#6321);
#4805=CIRCLE('',#6322,1.1);
#4806=VERTEX_POINT('',#6323);
#4807=LINE('',#6324,#6325);
#4808=VERTEX_POINT('',#6326);
#4809=CIRCLE('',#6327,1.1);
#4810=LINE('',#6328,#6329);
#4811=VERTEX_POINT('',#6330);
#4812=VERTEX_POINT('',#6331);
#4813=LINE('',#6332,#6333);
#4814=VERTEX_POINT('',#6334);
#4815=LINE('',#6335,#6336);
#4816=VERTEX_POINT('',#6337);
#4817=LINE('',#6338,#6339);
#4818=VERTEX_POINT('',#6340);
#4819=LINE('',#6341,#6342);
#4820=LINE('',#6343,#6344);
#4821=VERTEX_POINT('',#6345);
#4822=LINE('',#6346,#6347);
#4823=VERTEX_POINT('',#6348);
#4824=LINE('',#6349,#6350);
#4825=VERTEX_POINT('',#6351);
#4826=LINE('',#6352,#6353);
#4827=VERTEX_POINT('',#6354);
#4828=LINE('',#6355,#6356);
#4829=VERTEX_POINT('',#6357);
#4830=LINE('',#6358,#6359);
#4831=VERTEX_POINT('',#6360);
#4832=LINE('',#6361,#6362);
#4833=VERTEX_POINT('',#6363);
#4834=LINE('',#6364,#6365);
#4835=VERTEX_POINT('',#6366);
#4836=LINE('',#6367,#6368);
#4837=VERTEX_POINT('',#6369);
#4838=LINE('',#6370,#6371);
#4839=VERTEX_POINT('',#6372);
#4840=LINE('',#6373,#6374);
#4841=VERTEX_POINT('',#6375);
#4842=LINE('',#6376,#6377);
#4843=VERTEX_POINT('',#6378);
#4844=LINE('',#6379,#6380);
#4845=VERTEX_POINT('',#6381);
#4846=LINE('',#6382,#6383);
#4847=VERTEX_POINT('',#6384);
#4848=LINE('',#6385,#6386);
#4849=VERTEX_POINT('',#6387);
#4850=CIRCLE('',#6388,1.1);
#4851=VERTEX_POINT('',#6389);
#4852=LINE('',#6390,#6391);
#4853=VERTEX_POINT('',#6392);
#4854=LINE('',#6393,#6394);
#4855=VERTEX_POINT('',#6395);
#4856=LINE('',#6396,#6397);
#4857=VERTEX_POINT('',#6398);
#4858=LINE('',#6399,#6400);
#4859=VERTEX_POINT('',#6401);
#4860=LINE('',#6402,#6403);
#4861=VERTEX_POINT('',#6404);
#4862=LINE('',#6405,#6406);
#4863=VERTEX_POINT('',#6407);
#4864=LINE('',#6408,#6409);
#4865=VERTEX_POINT('',#6410);
#4866=LINE('',#6411,#6412);
#4867=VERTEX_POINT('',#6413);
#4868=LINE('',#6414,#6415);
#4869=VERTEX_POINT('',#6416);
#4870=LINE('',#6417,#6418);
#4871=VERTEX_POINT('',#6419);
#4872=LINE('',#6420,#6421);
#4873=VERTEX_POINT('',#6422);
#4874=LINE('',#6423,#6424);
#4875=VERTEX_POINT('',#6425);
#4876=LINE('',#6426,#6427);
#4877=VERTEX_POINT('',#6428);
#4878=LINE('',#6429,#6430);
#4879=VERTEX_POINT('',#6431);
#4880=LINE('',#6432,#6433);
#4881=VERTEX_POINT('',#6434);
#4882=LINE('',#6435,#6436);
#4883=VERTEX_POINT('',#6437);
#4884=LINE('',#6438,#6439);
#4885=LINE('',#6440,#6441);
#4886=VERTEX_POINT('',#6442);
#4887=LINE('',#6443,#6444);
#4888=CIRCLE('',#6445,2.0);
#4889=VERTEX_POINT('',#6446);
#4890=LINE('',#6447,#6448);
#4891=VERTEX_POINT('',#6449);
#4892=LINE('',#6450,#6451);
#4893=LINE('',#6452,#6453);
#4894=VERTEX_POINT('',#6454);
#4895=LINE('',#6455,#6456);
#4896=VERTEX_POINT('',#6457);
#4897=LINE('',#6458,#6459);
#4898=VERTEX_POINT('',#6460);
#4899=LINE('',#6461,#6462);
#4900=VERTEX_POINT('',#6463);
#4901=LINE('',#6464,#6465);
#4902=VERTEX_POINT('',#6466);
#4903=LINE('',#6467,#6468);
#4904=VERTEX_POINT('',#6469);
#4905=LINE('',#6470,#6471);
#4906=LINE('',#6472,#6473);
#4907=LINE('',#6474,#6475);
#4908=VERTEX_POINT('',#6476);
#4909=VERTEX_POINT('',#6477);
#4910=LINE('',#6478,#6479);
#4911=VERTEX_POINT('',#6480);
#4912=LINE('',#6481,#6482);
#4913=LINE('',#6483,#6484);
#4914=LINE('',#6485,#6486);
#4915=VERTEX_POINT('',#6487);
#4916=LINE('',#6488,#6489);
#4917=CIRCLE('',#6490,0.2);
#4918=VERTEX_POINT('',#6491);
#4919=VERTEX_POINT('',#6492);
#4920=LINE('',#6493,#6494);
#4921=LINE('',#6495,#6496);
#4922=VERTEX_POINT('',#6497);
#4923=LINE('',#6498,#6499);
#4924=VERTEX_POINT('',#6500);
#4925=LINE('',#6501,#6502);
#4926=VERTEX_POINT('',#6503);
#4927=LINE('',#6504,#6505);
#4928=LINE('',#6506,#6507);
#4929=VERTEX_POINT('',#6508);
#4930=LINE('',#6509,#6510);
#4931=LINE('',#6511,#6512);
#4932=LINE('',#6513,#6514);
#4933=LINE('',#6515,#6516);
#4934=VERTEX_POINT('',#6517);
#4935=LINE('',#6518,#6519);
#4936=LINE('',#6520,#6521);
#4937=VERTEX_POINT('',#6522);
#4938=VERTEX_POINT('',#6523);
#4939=LINE('',#6524,#6525);
#4940=LINE('',#6526,#6527);
#4941=VERTEX_POINT('',#6528);
#4942=LINE('',#6529,#6530);
#4943=VERTEX_POINT('',#6531);
#4944=LINE('',#6532,#6533);
#4945=VERTEX_POINT('',#6534);
#4946=LINE('',#6535,#6536);
#4947=VERTEX_POINT('',#6537);
#4948=LINE('',#6538,#6539);
#4949=VERTEX_POINT('',#6540);
#4950=LINE('',#6541,#6542);
#4951=VERTEX_POINT('',#6543);
#4952=LINE('',#6544,#6545);
#4953=LINE('',#6546,#6547);
#4954=LINE('',#6548,#6549);
#4955=VERTEX_POINT('',#6550);
#4956=VERTEX_POINT('',#6551);
#4957=LINE('',#6552,#6553);
#4958=LINE('',#6554,#6555);
#4959=LINE('',#6556,#6557);
#4960=VERTEX_POINT('',#6558);
#4961=LINE('',#6559,#6560);
#4962=LINE('',#6561,#6562);
#4963=VERTEX_POINT('',#6563);
#4964=LINE('',#6564,#6565);
#4965=LINE('',#6566,#6567);
#4966=LINE('',#6568,#6569);
#4967=VERTEX_POINT('',#6570);
#4968=LINE('',#6571,#6572);
#4969=VERTEX_POINT('',#6573);
#4970=LINE('',#6574,#6575);
#4971=VERTEX_POINT('',#6576);
#4972=LINE('',#6577,#6578);
#4973=LINE('',#6579,#6580);
#4974=VERTEX_POINT('',#6581);
#4975=LINE('',#6582,#6583);
#4976=VERTEX_POINT('',#6584);
#4977=LINE('',#6585,#6586);
#4978=LINE('',#6587,#6588);
#4979=VERTEX_POINT('',#6589);
#4980=LINE('',#6590,#6591);
#4981=LINE('',#6592,#6593);
#4982=LINE('',#6594,#6595);
#4983=LINE('',#6596,#6597);
#4984=CIRCLE('',#6598,2.0);
#4985=VERTEX_POINT('',#6599);
#4986=LINE('',#6600,#6601);
#4987=CIRCLE('',#6602,2.0);
#4988=LINE('',#6603,#6604);
#4989=LINE('',#6605,#6606);
#4990=LINE('',#6607,#6608);
#4991=LINE('',#6609,#6610);
#4992=LINE('',#6611,#6612);
#4993=LINE('',#6613,#6614);
#4994=LINE('',#6615,#6616);
#4995=CIRCLE('',#6617,0.2);
#4996=VERTEX_POINT('',#6618);
#4997=VERTEX_POINT('',#6619);
#4998=CIRCLE('',#6620,0.2);
#4999=VERTEX_POINT('',#6621);
#5000=LINE('',#6622,#6623);
#5001=VERTEX_POINT('',#6624);
#5002=CIRCLE('',#6625,0.2);
#5003=LINE('',#6626,#6627);
#5004=VERTEX_POINT('',#6628);
#5005=LINE('',#6629,#6630);
#5006=VERTEX_POINT('',#6631);
#5007=LINE('',#6632,#6633);
#5008=VERTEX_POINT('',#6634);
#5009=LINE('',#6635,#6636);
#5010=VERTEX_POINT('',#6637);
#5011=LINE('',#6638,#6639);
#5012=VERTEX_POINT('',#6640);
#5013=LINE('',#6641,#6642);
#5014=VERTEX_POINT('',#6643);
#5015=LINE('',#6644,#6645);
#5016=VERTEX_POINT('',#6646);
#5017=LINE('',#6647,#6648);
#5018=LINE('',#6649,#6650);
#5019=VERTEX_POINT('',#6651);
#5020=LINE('',#6652,#6653);
#5021=LINE('',#6654,#6655);
#5022=VERTEX_POINT('',#6656);
#5023=LINE('',#6657,#6658);
#5024=VERTEX_POINT('',#6659);
#5025=LINE('',#6660,#6661);
#5026=LINE('',#6662,#6663);
#5027=VERTEX_POINT('',#6664);
#5028=LINE('',#6665,#6666);
#5029=LINE('',#6667,#6668);
#5030=VERTEX_POINT('',#6669);
#5031=LINE('',#6670,#6671);
#5032=LINE('',#6672,#6673);
#5033=LINE('',#6674,#6675);
#5034=LINE('',#6676,#6677);
#5035=VERTEX_POINT('',#6678);
#5036=LINE('',#6679,#6680);
#5037=LINE('',#6681,#6682);
#5038=VERTEX_POINT('',#6683);
#5039=LINE('',#6684,#6685);
#5040=LINE('',#6686,#6687);
#5041=VERTEX_POINT('',#6688);
#5042=VERTEX_POINT('',#6689);
#5043=LINE('',#6690,#6691);
#5044=LINE('',#6692,#6693);
#5045=VERTEX_POINT('',#6694);
#5046=LINE('',#6695,#6696);
#5047=CIRCLE('',#6697,1.1);
#5048=LINE('',#6698,#6699);
#5049=LINE('',#6700,#6701);
#5050=LINE('',#6702,#6703);
#5051=LINE('',#6704,#6705);
#5052=VERTEX_POINT('',#6706);
#5053=LINE('',#6707,#6708);
#5054=VERTEX_POINT('',#6709);
#5055=LINE('',#6710,#6711);
#5056=LINE('',#6712,#6713);
#5057=LINE('',#6714,#6715);
#5058=LINE('',#6716,#6717);
#5059=VERTEX_POINT('',#6718);
#5060=LINE('',#6719,#6720);
#5061=LINE('',#6721,#6722);
#5062=LINE('',#6723,#6724);
#5063=VERTEX_POINT('',#6725);
#5064=LINE('',#6726,#6727);
#5065=LINE('',#6728,#6729);
#5066=VERTEX_POINT('',#6730);
#5067=LINE('',#6731,#6732);
#5068=LINE('',#6733,#6734);
#5069=VERTEX_POINT('',#6735);
#5070=LINE('',#6736,#6737);
#5071=LINE('',#6738,#6739);
#5072=VERTEX_POINT('',#6740);
#5073=LINE('',#6741,#6742);
#5074=LINE('',#6743,#6744);
#5075=VERTEX_POINT('',#6745);
#5076=LINE('',#6746,#6747);
#5077=LINE('',#6748,#6749);
#5078=VERTEX_POINT('',#6750);
#5079=LINE('',#6751,#6752);
#5080=VERTEX_POINT('',#6753);
#5081=LINE('',#6754,#6755);
#5082=CIRCLE('',#6756,2.0);
#5083=VERTEX_POINT('',#6757);
#5084=LINE('',#6758,#6759);
#5085=VERTEX_POINT('',#6760);
#5086=LINE('',#6761,#6762);
#5087=LINE('',#6763,#6764);
#5088=VERTEX_POINT('',#6765);
#5089=LINE('',#6766,#6767);
#5090=CIRCLE('',#6768,2.0);
#5091=VERTEX_POINT('',#6769);
#5092=LINE('',#6770,#6771);
#5093=CIRCLE('',#6772,2.0);
#5094=LINE('',#6773,#6774);
#5095=VERTEX_POINT('',#6775);
#5096=LINE('',#6776,#6777);
#5097=LINE('',#6778,#6779);
#5098=VERTEX_POINT('',#6780);
#5099=VERTEX_POINT('',#6781);
#5100=LINE('',#6782,#6783);
#5101=VERTEX_POINT('',#6784);
#5102=LINE('',#6785,#6786);
#5103=VERTEX_POINT('',#6787);
#5104=LINE('',#6788,#6789);
#5105=LINE('',#6790,#6791);
#5106=VERTEX_POINT('',#6792);
#5107=VERTEX_POINT('',#6793);
#5108=LINE('',#6794,#6795);
#5109=LINE('',#6796,#6797);
#5110=LINE('',#6798,#6799);
#5111=VERTEX_POINT('',#6800);
#5112=LINE('',#6801,#6802);
#5113=LINE('',#6803,#6804);
#5114=VERTEX_POINT('',#6805);
#5115=LINE('',#6806,#6807);
#5116=VERTEX_POINT('',#6808);
#5117=LINE('',#6809,#6810);
#5118=LINE('',#6811,#6812);
#5119=LINE('',#6813,#6814);
#5120=VERTEX_POINT('',#6815);
#5121=LINE('',#6816,#6817);
#5122=VERTEX_POINT('',#6818);
#5123=LINE('',#6819,#6820);
#5124=LINE('',#6821,#6822);
#5125=LINE('',#6823,#6824);
#5126=LINE('',#6825,#6826);
#5127=VERTEX_POINT('',#6827);
#5128=LINE('',#6828,#6829);
#5129=LINE('',#6830,#6831);
#5130=LINE('',#6832,#6833);
#5131=VERTEX_POINT('',#6834);
#5132=VERTEX_POINT('',#6835);
#5133=LINE('',#6836,#6837);
#5134=VERTEX_POINT('',#6838);
#5135=CIRCLE('',#6839,2.0);
#5136=VERTEX_POINT('',#6840);
#5137=LINE('',#6841,#6842);
#5138=VERTEX_POINT('',#6843);
#5139=CIRCLE('',#6844,2.0);
#5140=VERTEX_POINT('',#6845);
#5141=LINE('',#6846,#6847);
#5142=CIRCLE('',#6848,2.0);
#5143=VERTEX_POINT('',#6849);
#5144=VERTEX_POINT('',#6850);
#5145=LINE('',#6851,#6852);
#5146=VERTEX_POINT('',#6853);
#5147=LINE('',#6854,#6855);
#5148=VERTEX_POINT('',#6856);
#5149=LINE('',#6857,#6858);
#5150=VERTEX_POINT('',#6859);
#5151=LINE('',#6860,#6861);
#5152=VERTEX_POINT('',#6862);
#5153=LINE('',#6863,#6864);
#5154=VERTEX_POINT('',#6865);
#5155=LINE('',#6866,#6867);
#5156=VERTEX_POINT('',#6868);
#5157=LINE('',#6869,#6870);
#5158=VERTEX_POINT('',#6871);
#5159=LINE('',#6872,#6873);
#5160=VERTEX_POINT('',#6874);
#5161=LINE('',#6875,#6876);
#5162=VERTEX_POINT('',#6877);
#5163=LINE('',#6878,#6879);
#5164=VERTEX_POINT('',#6880);
#5165=LINE('',#6881,#6882);
#5166=VERTEX_POINT('',#6883);
#5167=LINE('',#6884,#6885);
#5168=LINE('',#6886,#6887);
#5169=VERTEX_POINT('',#6888);
#5170=LINE('',#6889,#6890);
#5171=VERTEX_POINT('',#6891);
#5172=LINE('',#6892,#6893);
#5173=LINE('',#6894,#6895);
#5174=VERTEX_POINT('',#6896);
#5175=VERTEX_POINT('',#6897);
#5176=LINE('',#6898,#6899);
#5177=VERTEX_POINT('',#6900);
#5178=LINE('',#6901,#6902);
#5179=VERTEX_POINT('',#6903);
#5180=LINE('',#6904,#6905);
#5181=VERTEX_POINT('',#6906);
#5182=LINE('',#6907,#6908);
#5183=LINE('',#6909,#6910);
#5184=VERTEX_POINT('',#6911);
#5185=VERTEX_POINT('',#6912);
#5186=LINE('',#6913,#6914);
#5187=VERTEX_POINT('',#6915);
#5188=LINE('',#6916,#6917);
#5189=VERTEX_POINT('',#6918);
#5190=LINE('',#6919,#6920);
#5191=LINE('',#6921,#6922);
#5192=VERTEX_POINT('',#6923);
#5193=VERTEX_POINT('',#6924);
#5194=LINE('',#6925,#6926);
#5195=VERTEX_POINT('',#6927);
#5196=LINE('',#6928,#6929);
#5197=VERTEX_POINT('',#6930);
#5198=LINE('',#6931,#6932);
#5199=LINE('',#6933,#6934);
#5200=VERTEX_POINT('',#6935);
#5201=VERTEX_POINT('',#6936);
#5202=LINE('',#6937,#6938);
#5203=VERTEX_POINT('',#6939);
#5204=LINE('',#6940,#6941);
#5205=VERTEX_POINT('',#6942);
#5206=LINE('',#6943,#6944);
#5207=LINE('',#6945,#6946);
#5208=VERTEX_POINT('',#6947);
#5209=LINE('',#6948,#6949);
#5210=VERTEX_POINT('',#6950);
#5211=LINE('',#6951,#6952);
#5212=LINE('',#6953,#6954);
#5213=VERTEX_POINT('',#6955);
#5214=LINE('',#6956,#6957);
#5215=VERTEX_POINT('',#6958);
#5216=LINE('',#6959,#6960);
#5217=VERTEX_POINT('',#6961);
#5218=LINE('',#6962,#6963);
#5219=CIRCLE('',#6964,0.2);
#5220=VERTEX_POINT('',#6965);
#5221=LINE('',#6966,#6967);
#5222=LINE('',#6968,#6969);
#5223=VERTEX_POINT('',#6970);
#5224=LINE('',#6971,#6972);
#5225=VERTEX_POINT('',#6973);
#5226=LINE('',#6974,#6975);
#5227=VERTEX_POINT('',#6976);
#5228=LINE('',#6977,#6978);
#5229=VERTEX_POINT('',#6979);
#5230=LINE('',#6980,#6981);
#5231=VERTEX_POINT('',#6982);
#5232=LINE('',#6983,#6984);
#5233=VERTEX_POINT('',#6985);
#5234=LINE('',#6986,#6987);
#5235=VERTEX_POINT('',#6988);
#5236=LINE('',#6989,#6990);
#5237=VERTEX_POINT('',#6991);
#5238=LINE('',#6992,#6993);
#5239=VERTEX_POINT('',#6994);
#5240=LINE('',#6995,#6996);
#5241=VERTEX_POINT('',#6997);
#5242=LINE('',#6998,#6999);
#5243=VERTEX_POINT('',#7000);
#5244=LINE('',#7001,#7002);
#5245=LINE('',#7003,#7004);
#5246=VERTEX_POINT('',#7005);
#5247=LINE('',#7006,#7007);
#5248=VERTEX_POINT('',#7008);
#5249=LINE('',#7009,#7010);
#5250=LINE('',#7011,#7012);
#5251=VERTEX_POINT('',#7013);
#5252=LINE('',#7014,#7015);
#5253=VERTEX_POINT('',#7016);
#5254=LINE('',#7017,#7018);
#5255=VERTEX_POINT('',#7019);
#5256=CIRCLE('',#7020,1.1);
#5257=VERTEX_POINT('',#7021);
#5258=LINE('',#7022,#7023);
#5259=VERTEX_POINT('',#7024);
#5260=LINE('',#7025,#7026);
#5261=VERTEX_POINT('',#7027);
#5262=LINE('',#7028,#7029);
#5263=VERTEX_POINT('',#7030);
#5264=LINE('',#7031,#7032);
#5265=VERTEX_POINT('',#7033);
#5266=LINE('',#7034,#7035);
#5267=VERTEX_POINT('',#7036);
#5268=LINE('',#7037,#7038);
#5269=VERTEX_POINT('',#7039);
#5270=LINE('',#7040,#7041);
#5271=VERTEX_POINT('',#7042);
#5272=LINE('',#7043,#7044);
#5273=VERTEX_POINT('',#7045);
#5274=LINE('',#7046,#7047);
#5275=VERTEX_POINT('',#7048);
#5276=LINE('',#7049,#7050);
#5277=VERTEX_POINT('',#7051);
#5278=LINE('',#7052,#7053);
#5279=VERTEX_POINT('',#7054);
#5280=LINE('',#7055,#7056);
#5281=LINE('',#7057,#7058);
#5282=VERTEX_POINT('',#7059);
#5283=LINE('',#7060,#7061);
#5284=VERTEX_POINT('',#7062);
#5285=LINE('',#7063,#7064);
#5286=LINE('',#7065,#7066);
#5287=VERTEX_POINT('',#7067);
#5288=LINE('',#7068,#7069);
#5289=LINE('',#7070,#7071);
#5290=VERTEX_POINT('',#7072);
#5291=LINE('',#7073,#7074);
#5292=VERTEX_POINT('',#7075);
#5293=CIRCLE('',#7076,1.1);
#5294=LINE('',#7077,#7078);
#5295=LINE('',#7079,#7080);
#5296=LINE('',#7081,#7082);
#5297=LINE('',#7083,#7084);
#5298=LINE('',#7085,#7086);
#5299=LINE('',#7087,#7088);
#5300=LINE('',#7089,#7090);
#5301=LINE('',#7091,#7092);
#5302=VERTEX_POINT('',#7093);
#5303=LINE('',#7094,#7095);
#5304=LINE('',#7096,#7097);
#5305=VERTEX_POINT('',#7098);
#5306=LINE('',#7099,#7100);
#5307=LINE('',#7101,#7102);
#5308=CIRCLE('',#7103,0.2);
#5309=LINE('',#7104,#7105);
#5310=LINE('',#7106,#7107);
#5311=VERTEX_POINT('',#7108);
#5312=LINE('',#7109,#7110);
#5313=VERTEX_POINT('',#7111);
#5314=LINE('',#7112,#7113);
#5315=VERTEX_POINT('',#7114);
#5316=LINE('',#7115,#7116);
#5317=LINE('',#7117,#7118);
#5318=LINE('',#7119,#7120);
#5319=LINE('',#7121,#7122);
#5320=VERTEX_POINT('',#7123);
#5321=LINE('',#7124,#7125);
#5322=LINE('',#7126,#7127);
#5323=VERTEX_POINT('',#7128);
#5324=LINE('',#7129,#7130);
#5325=VERTEX_POINT('',#7131);
#5326=LINE('',#7132,#7133);
#5327=LINE('',#7134,#7135);
#5328=LINE('',#7136,#7137);
#5329=LINE('',#7138,#7139);
#5330=LINE('',#7140,#7141);
#5331=VERTEX_POINT('',#7142);
#5332=LINE('',#7143,#7144);
#5333=VERTEX_POINT('',#7145);
#5334=LINE('',#7146,#7147);
#5335=LINE('',#7148,#7149);
#5336=VERTEX_POINT('',#7150);
#5337=LINE('',#7151,#7152);
#5338=VERTEX_POINT('',#7153);
#5339=LINE('',#7154,#7155);
#5340=LINE('',#7156,#7157);
#5341=LINE('',#7158,#7159);
#5342=LINE('',#7160,#7161);
#5343=LINE('',#7162,#7163);
#5344=LINE('',#7164,#7165);
#5345=LINE('',#7166,#7167);
#5346=CIRCLE('',#7168,2.0);
#5347=CIRCLE('',#7169,2.0);
#5348=LINE('',#7170,#7171);
#5349=LINE('',#7172,#7173);
#5350=VERTEX_POINT('',#7174);
#5351=LINE('',#7175,#7176);
#5352=LINE('',#7177,#7178);
#5353=CIRCLE('',#7179,2.0);
#5354=LINE('',#7180,#7181);
#5355=LINE('',#7182,#7183);
#5356=CARTESIAN_POINT('',(5.35,15.1,0.54));
#5357=CARTESIAN_POINT('',(5.35,18.0,0.54));
#5358=CARTESIAN_POINT('',(5.35,16.55,0.54));
#5359=VECTOR('',#7184,1.0);
#5360=CARTESIAN_POINT('',(5.75,15.1,0.58040820577346));
#5361=AXIS2_PLACEMENT_3D('',#7185,#7186,#7187);
#5362=CARTESIAN_POINT('',(5.75,16.0,0.58040820577346));
#5363=CARTESIAN_POINT('',(5.75,14.43,0.58040820577346));
#5364=VECTOR('',#7188,1000.0);
#5365=CARTESIAN_POINT('',(7.35,16.0,2.54));
#5366=AXIS2_PLACEMENT_3D('',#7189,#7190,#7191);
#5367=CARTESIAN_POINT('',(7.35,18.0,2.54));
#5368=CARTESIAN_POINT('',(7.35,14.43,2.54));
#5369=VECTOR('',#7192,1000.0);
#5370=AXIS2_PLACEMENT_3D('',#7193,#7194,#7195);
#5371=CARTESIAN_POINT('',(1.15,8.8,2.54));
#5372=CARTESIAN_POINT('',(1.15,8.2,2.54));
#5373=CARTESIAN_POINT('',(1.15,0.0,2.54));
#5374=VECTOR('',#7196,1000.0);
#5375=CARTESIAN_POINT('',(1.15,8.8,1.64));
#5376=CARTESIAN_POINT('',(1.15,8.8,7.62));
#5377=VECTOR('',#7197,1000.0);
#5378=CARTESIAN_POINT('',(1.15,8.2,1.64));
#5379=CARTESIAN_POINT('',(1.15,-0.692946695818396,1.64));
#5380=VECTOR('',#7198,1000.0);
#5381=CARTESIAN_POINT('',(1.15,8.2,4.54));
#5382=VECTOR('',#7199,1000.0);
#5383=CARTESIAN_POINT('',(2.75,8.0,1.64));
#5384=CARTESIAN_POINT('',(2.75,8.0,1.09));
#5385=CARTESIAN_POINT('',(2.75,8.0,7.62));
#5386=VECTOR('',#7200,1000.0);
#5387=CARTESIAN_POINT('',(2.25,8.0,1.64));
#5388=CARTESIAN_POINT('',(5.35,8.0,1.64));
#5389=VECTOR('',#7201,1000.0);
#5390=CARTESIAN_POINT('',(2.25,8.0,1.09));
#5391=CARTESIAN_POINT('',(2.25,8.0,7.62));
#5392=VECTOR('',#7202,1000.0);
#5393=CARTESIAN_POINT('',(2.5,8.0,1.09));
#5394=VECTOR('',#7203,1000.0);
#5395=CARTESIAN_POINT('',(2.7,3.4,2.54));
#5396=CARTESIAN_POINT('',(2.7,3.4,1.09));
#5397=CARTESIAN_POINT('',(2.7,3.4,3.99));
#5398=VECTOR('',#7204,1000.0);
#5399=CARTESIAN_POINT('',(2.75,3.4,2.54));
#5400=CARTESIAN_POINT('',(5.35,3.4,2.54));
#5401=VECTOR('',#7205,1000.0);
#5402=CARTESIAN_POINT('',(2.75,3.4,1.09));
#5403=CARTESIAN_POINT('',(2.75,3.4,7.62));
#5404=VECTOR('',#7206,1000.0);
#5405=CARTESIAN_POINT('',(2.7,3.4,1.09));
#5406=VECTOR('',#7207,1000.0);
#5407=CARTESIAN_POINT('',(2.75,7.1,1.24));
#5408=CARTESIAN_POINT('',(7.75,7.1,1.24));
#5409=CARTESIAN_POINT('',(5.25,7.1,1.24));
#5410=VECTOR('',#7208,1000.0);
#5411=CARTESIAN_POINT('',(2.75,3.5,1.24));
#5412=CARTESIAN_POINT('',(2.75,-1.0,1.24));
#5413=VECTOR('',#7209,1000.0);
#5414=CARTESIAN_POINT('',(7.75,3.5,1.24));
#5415=CARTESIAN_POINT('',(5.35,3.5,1.24));
#5416=VECTOR('',#7210,1000.0);
#5417=CARTESIAN_POINT('',(7.75,0.0,1.24));
#5418=VECTOR('',#7211,1000.0);
#5419=CARTESIAN_POINT('',(7.75,7.1,2.54));
#5420=CARTESIAN_POINT('',(7.75,3.5,2.54));
#5421=CARTESIAN_POINT('',(7.75,0.0,2.54));
#5422=VECTOR('',#7212,1000.0);
#5423=CARTESIAN_POINT('',(7.75,7.1,7.62));
#5424=VECTOR('',#7213,1000.0);
#5425=CARTESIAN_POINT('',(7.75,3.5,7.62));
#5426=VECTOR('',#7214,1000.0);
#5427=CARTESIAN_POINT('',(2.75,3.5,2.54));
#5428=CARTESIAN_POINT('',(2.75,3.5,7.62));
#5429=VECTOR('',#7215,1000.0);
#5430=CARTESIAN_POINT('',(5.35,3.5,2.54));
#5431=VECTOR('',#7216,1000.0);
#5432=CARTESIAN_POINT('',(2.75,0.0,2.54));
#5433=VECTOR('',#7217,1000.0);
#5434=CARTESIAN_POINT('',(2.75,7.1,1.64));
#5435=CARTESIAN_POINT('',(2.75,7.1,2.54));
#5436=VECTOR('',#7218,1000.0);
#5437=CARTESIAN_POINT('',(2.75,3.5527136788005E-15,1.64));
#5438=VECTOR('',#7219,1000.0);
#5439=CARTESIAN_POINT('',(2.75,0.0,1.09));
#5440=VECTOR('',#7220,1000.0);
#5441=CARTESIAN_POINT('',(2.25,7.1,2.54));
#5442=CARTESIAN_POINT('',(5.35,7.1,2.54));
#5443=VECTOR('',#7221,1000.0);
#5444=CARTESIAN_POINT('',(2.25,7.1,1.64));
#5445=CARTESIAN_POINT('',(2.25,7.1,4.54));
#5446=VECTOR('',#7222,1000.0);
#5447=CARTESIAN_POINT('',(5.55,7.1,1.64));
#5448=VECTOR('',#7223,1000.0);
#5449=AXIS2_PLACEMENT_3D('',#7224,#7225,#7226);
#5450=AXIS2_PLACEMENT_3D('',#7227,#7228,#7229);
#5451=CARTESIAN_POINT('',(2.05,8.8,1.64));
#5452=CARTESIAN_POINT('',(5.35,8.8,1.64));
#5453=VECTOR('',#7230,1000.0);
#5454=CARTESIAN_POINT('',(2.05,8.2,1.64));
#5455=CARTESIAN_POINT('',(2.05,0.0,1.64));
#5456=VECTOR('',#7231,1000.0);
#5457=AXIS2_PLACEMENT_3D('',#7232,#7233,#7234);
#5458=CARTESIAN_POINT('',(2.05,8.8,1.09));
#5459=CARTESIAN_POINT('',(2.05,8.8,7.62));
#5460=VECTOR('',#7235,1000.0);
#5461=CARTESIAN_POINT('',(2.05,8.2,1.09));
#5462=CARTESIAN_POINT('',(2.05,8.4,1.09));
#5463=VECTOR('',#7236,1000.0);
#5464=CARTESIAN_POINT('',(2.05,8.2,7.62));
#5465=VECTOR('',#7237,1000.0);
#5466=AXIS2_PLACEMENT_3D('',#7238,#7239,#7240);
#5467=CARTESIAN_POINT('',(0.9,8.8,1.09));
#5468=CARTESIAN_POINT('',(2.2,8.8,1.09));
#5469=VECTOR('',#7241,1000.0);
#5470=CARTESIAN_POINT('',(0.90000000000013,3.5,1.08999999999978));
#5471=CARTESIAN_POINT('',(0.9,8.8,1.09));
#5472=VECTOR('',#7242,1000.0);
#5473=CARTESIAN_POINT('',(2.7,3.5,1.09));
#5474=CARTESIAN_POINT('',(5.35,3.5,1.09));
#5475=VECTOR('',#7243,1000.0);
#5476=CARTESIAN_POINT('',(2.7,3.5,1.09));
#5477=VECTOR('',#7244,1000.0);
#5478=CARTESIAN_POINT('',(1.446410161514,12.0,0.0));
#5479=CARTESIAN_POINT('',(1.953589838486,12.0,0.0));
#5480=CARTESIAN_POINT('',(1.446410161514,12.0,0.0));
#5481=VECTOR('',#7245,1000.0);
#5482=CARTESIAN_POINT('',(2.3,12.0,-0.6));
#5483=CARTESIAN_POINT('',(2.3,12.0,-0.6));
#5484=VECTOR('',#7246,1000.0);
#5485=CARTESIAN_POINT('',(1.1,12.0,-0.6));
#5486=CARTESIAN_POINT('',(2.3,12.0,-0.6));
#5487=VECTOR('',#7247,1000.0);
#5488=CARTESIAN_POINT('',(1.1,12.0,-0.6));
#5489=VECTOR('',#7248,1000.0);
#5490=CARTESIAN_POINT('',(1.10000000000028,0.0,-0.60000000000017));
#5491=CARTESIAN_POINT('',(2.29999999999972,0.0,-0.6));
#5492=CARTESIAN_POINT('',(1.1,0.0,-0.6));
#5493=VECTOR('',#7249,1000.0);
#5494=CARTESIAN_POINT('',(1.1,12.0,-0.6));
#5495=VECTOR('',#7250,1000.0);
#5496=CARTESIAN_POINT('',(2.3,0.0,-0.6));
#5497=VECTOR('',#7251,1000.0);
#5498=CARTESIAN_POINT('',(1.95358983848628,0.0,1.59594559789866E-13));
#5499=CARTESIAN_POINT('',(1.953589838486,12.0,0.0));
#5500=VECTOR('',#7252,1000.0);
#5501=CARTESIAN_POINT('',(2.3,0.0,-0.6));
#5502=VECTOR('',#7253,1000.0);
#5503=CARTESIAN_POINT('',(1.44641016151372,0.0,1.59594559789866E-13));
#5504=CARTESIAN_POINT('',(1.446410161514,0.0,0.0));
#5505=VECTOR('',#7254,1000.0);
#5506=CARTESIAN_POINT('',(1.446410161514,0.0,0.0));
#5507=VECTOR('',#7255,1000.0);
#5508=CARTESIAN_POINT('',(5.75,15.1,2.54));
#5509=CARTESIAN_POINT('',(5.75,15.1,2.54));
#5510=VECTOR('',#7256,1000.0);
#5511=CARTESIAN_POINT('',(5.75,16.0,2.54));
#5512=CARTESIAN_POINT('',(5.75,0.0,2.54));
#5513=VECTOR('',#7257,1000.0);
#5514=CARTESIAN_POINT('',(5.75,16.0,2.54));
#5515=VECTOR('',#7258,1000.0);
#5516=CARTESIAN_POINT('',(5.35,16.0,2.54));
#5517=VECTOR('',#7259,1000.0);
#5518=CARTESIAN_POINT('',(4.95,15.1,2.54));
#5519=CARTESIAN_POINT('',(5.35,15.1,2.54));
#5520=VECTOR('',#7260,1000.0);
#5521=CARTESIAN_POINT('',(4.95,15.1,0.58040820577346));
#5522=AXIS2_PLACEMENT_3D('',#7261,#7262,#7263);
#5523=CARTESIAN_POINT('',(4.95,15.1,2.54));
#5524=VECTOR('',#7264,1000.0);
#5525=CARTESIAN_POINT('',(4.95,16.0,2.54));
#5526=CARTESIAN_POINT('',(4.95,0.0,2.54));
#5527=VECTOR('',#7265,1000.0);
#5528=CARTESIAN_POINT('',(4.95,16.0,0.58040820577346));
#5529=CARTESIAN_POINT('',(4.95,14.43,0.58040820577346));
#5530=VECTOR('',#7266,1000.0);
#5531=CARTESIAN_POINT('',(4.95,16.0,2.54));
#5532=VECTOR('',#7267,1000.0);
#5533=CARTESIAN_POINT('',(3.35,16.0,2.54));
#5534=AXIS2_PLACEMENT_3D('',#7268,#7269,#7270);
#5535=CARTESIAN_POINT('',(5.35,16.0,2.54));
#5536=VECTOR('',#7271,1000.0);
#5537=CARTESIAN_POINT('',(3.35,18.0,2.54));
#5538=AXIS2_PLACEMENT_3D('',#7272,#7273,#7274);
#5539=CARTESIAN_POINT('',(3.35,14.43,2.54));
#5540=VECTOR('',#7275,1000.0);
#5541=CARTESIAN_POINT('',(0.0,12.0,2.54));
#5542=CARTESIAN_POINT('',(0.0,12.0,0.0));
#5543=CARTESIAN_POINT('',(0.0,12.0,10.16));
#5544=VECTOR('',#7276,1000.0);
#5545=CARTESIAN_POINT('',(0.5,12.0,2.54));
#5546=CARTESIAN_POINT('',(5.35,12.0,2.54));
#5547=VECTOR('',#7277,1000.0);
#5548=CARTESIAN_POINT('',(0.5,12.0,0.0));
#5549=CARTESIAN_POINT('',(0.5,12.0,10.16));
#5550=VECTOR('',#7278,1000.0);
#5551=CARTESIAN_POINT('',(0.5,12.0,0.0));
#5552=VECTOR('',#7279,1000.0);
#5553=CARTESIAN_POINT('',(2.9,16.5,2.54));
#5554=CARTESIAN_POINT('',(-5.9,0.0,2.54));
#5555=VECTOR('',#7280,1000.0);
#5556=CARTESIAN_POINT('',(2.9,16.5,0.0));
#5557=CARTESIAN_POINT('',(2.9,16.5,10.16));
#5558=VECTOR('',#7281,1000.0);
#5559=CARTESIAN_POINT('',(2.9,16.5,0.0));
#5560=VECTOR('',#7282,1000.0);
#5561=CARTESIAN_POINT('',(2.9,18.0,2.54));
#5562=CARTESIAN_POINT('',(2.9,0.0,2.54));
#5563=VECTOR('',#7283,1000.0);
#5564=CARTESIAN_POINT('',(2.9,18.0,0.0));
#5565=CARTESIAN_POINT('',(2.9,18.0,10.16));
#5566=VECTOR('',#7284,1000.0);
#5567=CARTESIAN_POINT('',(2.9,18.0,0.0));
#5568=VECTOR('',#7285,1000.0);
#5569=CARTESIAN_POINT('',(5.35,18.0,2.54));
#5570=VECTOR('',#7286,1000.0);
#5571=CARTESIAN_POINT('',(8.8,18.0,2.54));
#5572=CARTESIAN_POINT('',(5.35,18.0,2.54));
#5573=VECTOR('',#7287,1000.0);
#5574=CARTESIAN_POINT('',(8.8,18.0,0.0));
#5575=CARTESIAN_POINT('',(8.8,18.0,0.0));
#5576=VECTOR('',#7288,1000.0);
#5577=CARTESIAN_POINT('',(8.8,18.0,0.0));
#5578=VECTOR('',#7289,1000.0);
#5579=CARTESIAN_POINT('',(11.35,15.5,2.54));
#5580=CARTESIAN_POINT('',(11.35,15.5,0.0));
#5581=CARTESIAN_POINT('',(11.35,15.5,7.62));
#5582=VECTOR('',#7290,1000.0);
#5583=CARTESIAN_POINT('',(11.35,0.0,2.54));
#5584=CARTESIAN_POINT('',(11.35,0.0,2.54));
#5585=VECTOR('',#7291,1000.0);
#5586=CARTESIAN_POINT('',(11.35,0.0,0.0));
#5587=CARTESIAN_POINT('',(11.35,0.0,0.0));
#5588=VECTOR('',#7292,1000.0);
#5589=CARTESIAN_POINT('',(11.35,0.0,0.0));
#5590=VECTOR('',#7293,1000.0);
#5591=CARTESIAN_POINT('',(5.95,0.0,2.09));
#5592=CARTESIAN_POINT('',(5.95,-3.2,2.09));
#5593=CARTESIAN_POINT('',(5.95,3.5527136788005E-15,2.09));
#5594=VECTOR('',#7294,1000.0);
#5595=CARTESIAN_POINT('',(5.05,-3.2,2.09));
#5596=CARTESIAN_POINT('',(-2.45933806298169,-3.2,2.09));
#5597=VECTOR('',#7295,1000.0);
#5598=CARTESIAN_POINT('',(5.05,0.0,2.09));
#5599=CARTESIAN_POINT('',(5.05,0.307053304181604,2.09));
#5600=VECTOR('',#7296,1000.0);
#5601=CARTESIAN_POINT('',(5.35,0.0,2.09));
#5602=VECTOR('',#7297,1000.0);
#5603=CARTESIAN_POINT('',(5.95,-4.0,2.30435935394489));
#5604=CARTESIAN_POINT('',(5.95,0.392637980906734,1.12735555431865));
#5605=VECTOR('',#7298,1000.0);
#5606=CARTESIAN_POINT('',(5.05,-4.0,2.30435935394489));
#5607=CARTESIAN_POINT('',(-2.4593380629817,-4.0,2.30435935394489));
#5608=VECTOR('',#7299,1000.0);
#5609=CARTESIAN_POINT('',(5.05,0.392637980906734,1.12735555431865));
#5610=VECTOR('',#7300,1000.0);
#5611=CARTESIAN_POINT('',(5.05,0.0,2.54));
#5612=CARTESIAN_POINT('',(5.05,0.0,7.62));
#5613=VECTOR('',#7301,1000.0);
#5614=CARTESIAN_POINT('',(5.05,-4.0,2.54));
#5615=CARTESIAN_POINT('',(5.05,-4.0,4.54));
#5616=VECTOR('',#7302,1000.0);
#5617=CARTESIAN_POINT('',(5.05,0.0,2.54));
#5618=VECTOR('',#7303,1000.0);
#5619=CARTESIAN_POINT('',(5.95,-4.0,2.54));
#5620=CARTESIAN_POINT('',(5.95,-4.0,4.54));
#5621=VECTOR('',#7304,1000.0);
#5622=CARTESIAN_POINT('',(5.35,-4.0,2.54));
#5623=VECTOR('',#7305,1000.0);
#5624=CARTESIAN_POINT('',(5.95,0.0,2.54));
#5625=CARTESIAN_POINT('',(5.95,0.0,7.62));
#5626=VECTOR('',#7306,1000.0);
#5627=CARTESIAN_POINT('',(5.95,0.0,2.54));
#5628=VECTOR('',#7307,1000.0);
#5629=CARTESIAN_POINT('',(0.0,0.0,2.54));
#5630=CARTESIAN_POINT('',(5.35,0.0,2.54));
#5631=VECTOR('',#7308,1000.0);
#5632=CARTESIAN_POINT('',(0.0,0.0,0.0));
#5633=CARTESIAN_POINT('',(0.0,0.0,10.16));
#5634=VECTOR('',#7309,1000.0);
#5635=CARTESIAN_POINT('',(0.0,0.0,0.0));
#5636=VECTOR('',#7310,1000.0);
#5637=CARTESIAN_POINT('',(1.953589838486,0.0,0.0));
#5638=VECTOR('',#7311,1000.0);
#5639=CARTESIAN_POINT('',(5.35,0.0,2.54));
#5640=VECTOR('',#7312,1000.0);
#5641=CARTESIAN_POINT('',(10.5,15.5,2.54));
#5642=CARTESIAN_POINT('',(5.35,15.5,2.54));
#5643=VECTOR('',#7313,1000.0);
#5644=CARTESIAN_POINT('',(8.8,15.5,0.0));
#5645=CARTESIAN_POINT('',(11.35,15.5,0.0));
#5646=VECTOR('',#7314,1000.0);
#5647=CARTESIAN_POINT('',(8.8,15.5,0.49));
#5648=CARTESIAN_POINT('',(8.8,15.5,0.49));
#5649=VECTOR('',#7315,1000.0);
#5650=CARTESIAN_POINT('',(10.5,15.5,0.49));
#5651=CARTESIAN_POINT('',(10.5,15.5,0.49));
#5652=VECTOR('',#7316,1000.0);
#5653=CARTESIAN_POINT('',(10.5,15.5,7.62));
#5654=VECTOR('',#7317,1000.0);
#5655=CARTESIAN_POINT('',(10.5,8.2,2.54));
#5656=CARTESIAN_POINT('',(10.5,8.2,0.49));
#5657=CARTESIAN_POINT('',(10.5,8.2,7.62));
#5658=VECTOR('',#7318,1000.0);
#5659=CARTESIAN_POINT('',(10.5,0.0,2.54));
#5660=VECTOR('',#7319,1000.0);
#5661=CARTESIAN_POINT('',(10.5,0.0,0.49));
#5662=VECTOR('',#7320,1000.0);
#5663=CARTESIAN_POINT('',(8.8,8.2,0.49));
#5664=CARTESIAN_POINT('',(5.35,8.2,0.49));
#5665=VECTOR('',#7321,1000.0);
#5666=CARTESIAN_POINT('',(8.8,0.0,0.49));
#5667=VECTOR('',#7322,1000.0);
#5668=CARTESIAN_POINT('',(8.8,8.2,2.54));
#5669=CARTESIAN_POINT('',(8.8,8.2,7.62));
#5670=VECTOR('',#7323,1000.0);
#5671=CARTESIAN_POINT('',(5.35,8.2,2.54));
#5672=VECTOR('',#7324,1000.0);
#5673=CARTESIAN_POINT('',(8.8,0.0,2.54));
#5674=VECTOR('',#7325,1000.0);
#5675=CARTESIAN_POINT('',(8.8,15.5,0.0));
#5676=VECTOR('',#7326,1000.0);
#5677=CARTESIAN_POINT('',(0.0,12.0,0.0));
#5678=VECTOR('',#7327,1000.0);
#5679=CARTESIAN_POINT('',(0.0,3.5,2.54));
#5680=CARTESIAN_POINT('',(0.0,0.0,2.54));
#5681=VECTOR('',#7328,1000.0);
#5682=CARTESIAN_POINT('',(0.0,3.5,0.57038475772917));
#5683=CARTESIAN_POINT('',(0.0,3.5,4.509615242271));
#5684=VECTOR('',#7329,1000.0);
#5685=CARTESIAN_POINT('',(0.0,8.8,0.57038475772917));
#5686=CARTESIAN_POINT('',(0.0,8.8,0.570384757729));
#5687=VECTOR('',#7330,1000.0);
#5688=CARTESIAN_POINT('',(0.0,8.8,2.54));
#5689=CARTESIAN_POINT('',(0.0,8.8,0.570384757729));
#5690=VECTOR('',#7331,1000.0);
#5691=CARTESIAN_POINT('',(0.0,0.0,2.54));
#5692=VECTOR('',#7332,1000.0);
#5693=CARTESIAN_POINT('',(2.7,3.5,2.54));
#5694=CARTESIAN_POINT('',(5.35,3.5,2.54));
#5695=VECTOR('',#7333,1000.0);
#5696=CARTESIAN_POINT('',(2.7,3.5,7.62));
#5697=VECTOR('',#7334,1000.0);
#5698=CARTESIAN_POINT('',(0.0,3.5,0.570384757729));
#5699=VECTOR('',#7335,1000.0);
#5700=CARTESIAN_POINT('',(5.35,8.8,3.65920869789292));
#5701=VECTOR('',#7336,1000.0);
#5702=CARTESIAN_POINT('',(2.7,0.0,2.54));
#5703=VECTOR('',#7337,1000.0);
#5704=CARTESIAN_POINT('',(5.35,8.8,2.54));
#5705=VECTOR('',#7338,1000.0);
#5706=CARTESIAN_POINT('',(5.35,18.0,4.54));
#5707=CARTESIAN_POINT('',(5.35,15.1,4.54));
#5708=CARTESIAN_POINT('',(5.35,16.55,4.54));
#5709=VECTOR('',#7339,1.0);
#5710=CARTESIAN_POINT('',(7.35,18.0,2.54));
#5711=AXIS2_PLACEMENT_3D('',#7340,#7341,#7342);
#5712=CARTESIAN_POINT('',(7.35,16.0,2.54));
#5713=CARTESIAN_POINT('',(7.35,14.43,2.54));
#5714=VECTOR('',#7343,1000.0);
#5715=CARTESIAN_POINT('',(5.75000000000001,16.0,4.49959179422654));
#5716=AXIS2_PLACEMENT_3D('',#7344,#7345,#7346);
#5717=CARTESIAN_POINT('',(5.75000000000001,15.1,4.49959179422654));
#5718=CARTESIAN_POINT('',(5.75000000000001,14.43,4.49959179422654));
#5719=VECTOR('',#7347,1000.0);
#5720=AXIS2_PLACEMENT_3D('',#7348,#7349,#7350);
#5721=CARTESIAN_POINT('',(5.35,15.1,5.62));
#5722=CARTESIAN_POINT('',(5.35,18.0,5.62));
#5723=CARTESIAN_POINT('',(5.35,16.55,5.62));
#5724=VECTOR('',#7351,1.0);
#5725=CARTESIAN_POINT('',(5.75000000000001,15.1,5.66040820577346));
#5726=AXIS2_PLACEMENT_3D('',#7352,#7353,#7354);
#5727=CARTESIAN_POINT('',(5.75000000000001,16.0,5.66040820577346));
#5728=CARTESIAN_POINT('',(5.75000000000001,18.07,5.66040820577346));
#5729=VECTOR('',#7355,1000.0);
#5730=CARTESIAN_POINT('',(7.35,16.0,7.62));
#5731=AXIS2_PLACEMENT_3D('',#7356,#7357,#7358);
#5732=CARTESIAN_POINT('',(7.35,18.0,7.62));
#5733=CARTESIAN_POINT('',(7.35,18.07,7.62));
#5734=VECTOR('',#7359,1000.0);
#5735=AXIS2_PLACEMENT_3D('',#7360,#7361,#7362);
#5736=CARTESIAN_POINT('',(7.75000000000001,3.5,2.54));
#5737=CARTESIAN_POINT('',(2.75000000000001,3.5,2.54));
#5738=CARTESIAN_POINT('',(5.35,3.5,2.54));
#5739=VECTOR('',#7363,1000.0);
#5740=CARTESIAN_POINT('',(2.75000000000001,3.5,3.84));
#5741=CARTESIAN_POINT('',(2.75000000000001,3.5,7.62));
#5742=VECTOR('',#7364,1000.0);
#5743=CARTESIAN_POINT('',(7.75000000000001,3.5,3.84));
#5744=CARTESIAN_POINT('',(5.35,3.5,3.84));
#5745=VECTOR('',#7365,1000.0);
#5746=CARTESIAN_POINT('',(7.75000000000001,3.5,7.62));
#5747=VECTOR('',#7366,1000.0);
#5748=CARTESIAN_POINT('',(7.75000000000001,7.1,3.84));
#5749=CARTESIAN_POINT('',(7.75000000000001,-3.25260651745652E-16,3.84));
#5750=VECTOR('',#7367,1000.0);
#5751=CARTESIAN_POINT('',(7.75000000000001,7.1,2.54));
#5752=CARTESIAN_POINT('',(7.75000000000001,7.1,7.62));
#5753=VECTOR('',#7368,1000.0);
#5754=CARTESIAN_POINT('',(7.75000000000001,-3.25260651745652E-16,2.54));
#5755=VECTOR('',#7369,1000.0);
#5756=CARTESIAN_POINT('',(2.25000000000001,7.1,2.54));
#5757=CARTESIAN_POINT('',(1.15000000000001,8.2,2.54));
#5758=AXIS2_PLACEMENT_3D('',#7370,#7371,#7372);
#5759=CARTESIAN_POINT('',(2.25000000000001,7.1,3.43999999999999));
#5760=CARTESIAN_POINT('',(2.25000000000001,7.1,4.54));
#5761=VECTOR('',#7373,1000.0);
#5762=CARTESIAN_POINT('',(1.15000000000001,8.2,3.43999999999999));
#5763=AXIS2_PLACEMENT_3D('',#7374,#7375,#7376);
#5764=CARTESIAN_POINT('',(1.15000000000001,8.2,4.54));
#5765=VECTOR('',#7377,1000.0);
#5766=CARTESIAN_POINT('',(2.70000000000001,3.5,2.54));
#5767=CARTESIAN_POINT('',(5.20417042793042E-15,3.5,2.54));
#5768=CARTESIAN_POINT('',(5.35,3.5,2.54));
#5769=VECTOR('',#7378,1000.0);
#5770=CARTESIAN_POINT('',(5.20417042793042E-15,3.5,4.50961524227083));
#5771=CARTESIAN_POINT('',(5.20417042793042E-15,3.5,4.509615242271));
#5772=VECTOR('',#7379,1000.0);
#5773=CARTESIAN_POINT('',(0.900000000000005,3.5,3.99));
#5774=CARTESIAN_POINT('',(0.700000000000005,3.5,4.105470053838));
#5775=VECTOR('',#7380,1000.0);
#5776=CARTESIAN_POINT('',(2.70000000000001,3.5,3.99));
#5777=CARTESIAN_POINT('',(5.35,3.5,3.99));
#5778=VECTOR('',#7381,1000.0);
#5779=CARTESIAN_POINT('',(2.70000000000001,3.5,7.62));
#5780=VECTOR('',#7382,1000.0);
#5781=CARTESIAN_POINT('',(8.80000000000001,18.0,7.62));
#5782=CARTESIAN_POINT('',(5.35,18.0,7.62));
#5783=VECTOR('',#7383,1000.0);
#5784=CARTESIAN_POINT('',(5.75000000000001,16.0,7.62));
#5785=CARTESIAN_POINT('',(5.35,16.0,7.62));
#5786=VECTOR('',#7384,1000.0);
#5787=CARTESIAN_POINT('',(5.75000000000001,15.1,7.62));
#5788=CARTESIAN_POINT('',(5.75000000000001,-3.25260651745652E-16,7.62));
#5789=VECTOR('',#7385,1000.0);
#5790=CARTESIAN_POINT('',(4.95000000000001,15.1,7.62));
#5791=CARTESIAN_POINT('',(5.35,15.1,7.62));
#5792=VECTOR('',#7386,1000.0);
#5793=CARTESIAN_POINT('',(4.95000000000001,16.0,7.62));
#5794=CARTESIAN_POINT('',(4.95000000000001,-3.25260651745652E-16,7.62));
#5795=VECTOR('',#7387,1000.0);
#5796=CARTESIAN_POINT('',(3.35000000000001,16.0,7.62));
#5797=CARTESIAN_POINT('',(5.35,16.0,7.62));
#5798=VECTOR('',#7388,1000.0);
#5799=CARTESIAN_POINT('',(3.35000000000001,18.0,7.62));
#5800=CARTESIAN_POINT('',(3.35000000000001,18.07,7.62));
#5801=VECTOR('',#7389,1000.0);
#5802=CARTESIAN_POINT('',(2.90000000000001,18.0,7.62));
#5803=CARTESIAN_POINT('',(5.35,18.0,7.62));
#5804=VECTOR('',#7390,1000.0);
#5805=CARTESIAN_POINT('',(2.90000000000001,16.5,7.62));
#5806=CARTESIAN_POINT('',(2.90000000000001,-3.25260651745652E-16,7.62));
#5807=VECTOR('',#7391,1000.0);
#5808=CARTESIAN_POINT('',(0.500000000000005,12.0,7.62));
#5809=CARTESIAN_POINT('',(-5.9,-3.25260651745652E-16,7.62));
#5810=VECTOR('',#7392,1000.0);
#5811=CARTESIAN_POINT('',(5.20417042793042E-15,12.0,7.62));
#5812=CARTESIAN_POINT('',(5.35,12.0,7.62));
#5813=VECTOR('',#7393,1000.0);
#5814=CARTESIAN_POINT('',(5.20417042793042E-15,8.8,7.62));
#5815=CARTESIAN_POINT('',(5.20417042793042E-15,-3.25260651745652E-16,7.62));
#5816=VECTOR('',#7394,1000.0);
#5817=CARTESIAN_POINT('',(1.15000000000001,8.8,7.62));
#5818=CARTESIAN_POINT('',(5.35,8.8,7.62));
#5819=VECTOR('',#7395,1000.0);
#5820=CARTESIAN_POINT('',(1.15000000000001,8.2,7.62));
#5821=CARTESIAN_POINT('',(1.15000000000001,-3.25260651745652E-16,7.62));
#5822=VECTOR('',#7396,1000.0);
#5823=CARTESIAN_POINT('',(2.25000000000001,7.1,7.62));
#5824=AXIS2_PLACEMENT_3D('',#7397,#7398,#7399);
#5825=CARTESIAN_POINT('',(7.75000000000001,7.1,7.62));
#5826=CARTESIAN_POINT('',(5.35,7.1,7.62));
#5827=VECTOR('',#7400,1000.0);
#5828=CARTESIAN_POINT('',(7.75000000000001,3.5,7.62));
#5829=CARTESIAN_POINT('',(7.75000000000001,-3.25260651745652E-16,7.62));
#5830=VECTOR('',#7401,1000.0);
#5831=CARTESIAN_POINT('',(2.75000000000001,3.5,7.62));
#5832=CARTESIAN_POINT('',(5.35,3.5,7.62));
#5833=VECTOR('',#7402,1000.0);
#5834=CARTESIAN_POINT('',(2.75000000000001,3.4,7.62));
#5835=CARTESIAN_POINT('',(2.75000000000001,-3.25260651745652E-16,7.62));
#5836=VECTOR('',#7403,1000.0);
#5837=CARTESIAN_POINT('',(2.70000000000001,3.4,7.62));
#5838=CARTESIAN_POINT('',(5.35,3.4,7.62));
#5839=VECTOR('',#7404,1000.0);
#5840=CARTESIAN_POINT('',(2.70000000000001,3.5,7.62));
#5841=CARTESIAN_POINT('',(2.70000000000001,-3.25260651745652E-16,7.62));
#5842=VECTOR('',#7405,1000.0);
#5843=CARTESIAN_POINT('',(5.20417042793042E-15,3.5,7.62));
#5844=CARTESIAN_POINT('',(5.35,3.5,7.62));
#5845=VECTOR('',#7406,1000.0);
#5846=CARTESIAN_POINT('',(5.20417042793042E-15,-3.25260651745652E-16,7.62));
#5847=CARTESIAN_POINT('',(5.20417042793042E-15,-3.25260651745652E-16,7.62));
#5848=VECTOR('',#7407,1000.0);
#5849=CARTESIAN_POINT('',(5.05000000000001,-3.25260651745652E-16,7.62));
#5850=CARTESIAN_POINT('',(5.35,-3.25260651745652E-16,7.62));
#5851=VECTOR('',#7408,1000.0);
#5852=CARTESIAN_POINT('',(5.05000000000001,-4.0,7.62));
#5853=CARTESIAN_POINT('',(5.05000000000001,-3.25260651745652E-16,7.62));
#5854=VECTOR('',#7409,1000.0);
#5855=CARTESIAN_POINT('',(5.95000000000001,-4.0,7.62));
#5856=CARTESIAN_POINT('',(5.35,-4.0,7.62));
#5857=VECTOR('',#7410,1000.0);
#5858=CARTESIAN_POINT('',(5.95000000000001,-3.25260651745652E-16,7.62));
#5859=CARTESIAN_POINT('',(5.95000000000001,-3.25260651745652E-16,7.62));
#5860=VECTOR('',#7411,1000.0);
#5861=CARTESIAN_POINT('',(11.35,-3.25260651745652E-16,7.62));
#5862=CARTESIAN_POINT('',(5.35,-3.25260651745652E-16,7.62));
#5863=VECTOR('',#7412,1000.0);
#5864=CARTESIAN_POINT('',(11.35,15.5,7.62));
#5865=CARTESIAN_POINT('',(11.35,-3.25260651745652E-16,7.62));
#5866=VECTOR('',#7413,1000.0);
#5867=CARTESIAN_POINT('',(10.5,15.5,7.62));
#5868=CARTESIAN_POINT('',(5.35,15.5,7.62));
#5869=VECTOR('',#7414,1000.0);
#5870=CARTESIAN_POINT('',(10.5,8.2,7.62));
#5871=CARTESIAN_POINT('',(10.5,-3.25260651745652E-16,7.62));
#5872=VECTOR('',#7415,1000.0);
#5873=CARTESIAN_POINT('',(8.80000000000001,8.2,7.62));
#5874=CARTESIAN_POINT('',(5.35,8.2,7.62));
#5875=VECTOR('',#7416,1000.0);
#5876=CARTESIAN_POINT('',(8.80000000000001,-3.25260651745652E-16,7.62));
#5877=VECTOR('',#7417,1000.0);
#5878=CARTESIAN_POINT('',(4.95000000000001,16.0,5.66040820577346));
#5879=CARTESIAN_POINT('',(4.95000000000001,16.0,7.62));
#5880=VECTOR('',#7418,1000.0);
#5881=AXIS2_PLACEMENT_3D('',#7419,#7420,#7421);
#5882=CARTESIAN_POINT('',(2.70000000000001,3.4,2.54));
#5883=CARTESIAN_POINT('',(2.70000000000001,-3.25260651745652E-16,2.54));
#5884=VECTOR('',#7422,1000.0);
#5885=CARTESIAN_POINT('',(2.70000000000001,3.4,3.99));
#5886=CARTESIAN_POINT('',(2.70000000000001,3.5,3.99));
#5887=VECTOR('',#7423,1000.0);
#5888=CARTESIAN_POINT('',(2.70000000000001,3.4,3.99));
#5889=VECTOR('',#7424,1000.0);
#5890=CARTESIAN_POINT('',(2.75000000000001,3.4,2.54));
#5891=CARTESIAN_POINT('',(2.75000000000001,-3.25260651745652E-16,2.54));
#5892=VECTOR('',#7425,1000.0);
#5893=CARTESIAN_POINT('',(2.75000000000001,3.4,3.99));
#5894=CARTESIAN_POINT('',(2.75000000000001,3.4,7.62));
#5895=VECTOR('',#7426,1000.0);
#5896=CARTESIAN_POINT('',(2.75000000000001,8.0,3.99));
#5897=CARTESIAN_POINT('',(2.75000000000001,-3.25260651745652E-16,3.99));
#5898=VECTOR('',#7427,1000.0);
#5899=CARTESIAN_POINT('',(2.75000000000001,8.0,3.43999999999999));
#5900=CARTESIAN_POINT('',(2.75000000000001,8.0,7.62));
#5901=VECTOR('',#7428,1000.0);
#5902=CARTESIAN_POINT('',(2.75000000000001,7.1,3.43999999999999));
#5903=CARTESIAN_POINT('',(2.75000000000001,3.22745302705485E-15,3.43999999999999));
#5904=VECTOR('',#7429,1000.0);
#5905=CARTESIAN_POINT('',(2.75000000000001,7.1,3.84));
#5906=CARTESIAN_POINT('',(2.75000000000001,7.1,2.53999999999999));
#5907=VECTOR('',#7430,1000.0);
#5908=CARTESIAN_POINT('',(2.75000000000001,-1.0,3.84));
#5909=VECTOR('',#7431,1000.0);
#5910=CARTESIAN_POINT('',(5.25000000000001,7.1,3.84));
#5911=VECTOR('',#7432,1000.0);
#5912=CARTESIAN_POINT('',(2.05000000000001,8.8,3.43999999999999));
#5913=CARTESIAN_POINT('',(2.05000000000001,8.2,3.43999999999999));
#5914=CARTESIAN_POINT('',(2.05000000000001,-3.25260651745652E-16,3.43999999999999));
#5915=VECTOR('',#7433,1000.0);
#5916=CARTESIAN_POINT('',(1.15000000000001,8.8,3.43999999999999));
#5917=CARTESIAN_POINT('',(5.35,8.8,3.43999999999999));
#5918=VECTOR('',#7434,1000.0);
#5919=CARTESIAN_POINT('',(1.15000000000001,-0.692946695818395,3.43999999999999));
#5920=VECTOR('',#7435,1000.0);
#5921=CARTESIAN_POINT('',(5.55000000000001,7.1,3.43999999999999));
#5922=VECTOR('',#7436,1000.0);
#5923=CARTESIAN_POINT('',(2.25000000000001,8.0,3.43999999999999));
#5924=CARTESIAN_POINT('',(5.35,8.0,3.43999999999999));
#5925=VECTOR('',#7437,1000.0);
#5926=AXIS2_PLACEMENT_3D('',#7438,#7439,#7440);
#5927=CARTESIAN_POINT('',(1.15000000000001,8.8,2.54));
#5928=CARTESIAN_POINT('',(5.20417042793042E-15,8.8,2.54));
#5929=CARTESIAN_POINT('',(5.35,8.8,2.54));
#5930=VECTOR('',#7441,1000.0);
#5931=CARTESIAN_POINT('',(1.15000000000001,8.8,7.62));
#5932=VECTOR('',#7442,1000.0);
#5933=CARTESIAN_POINT('',(2.05000000000001,8.8,3.99));
#5934=CARTESIAN_POINT('',(2.05000000000001,8.8,7.62));
#5935=VECTOR('',#7443,1000.0);
#5936=CARTESIAN_POINT('',(0.900000000000514,8.8,3.99));
#5937=CARTESIAN_POINT('',(0.900000000000005,8.8,3.99));
#5938=VECTOR('',#7444,1000.0);
#5939=CARTESIAN_POINT('',(5.20417042793042E-15,8.8,4.50961524227083));
#5940=CARTESIAN_POINT('',(5.35,8.8,1.42079130210708));
#5941=VECTOR('',#7445,1000.0);
#5942=CARTESIAN_POINT('',(5.20417042793042E-15,8.8,0.570384757729));
#5943=VECTOR('',#7446,1000.0);
#5944=CARTESIAN_POINT('',(2.05000000000001,8.2,3.99));
#5945=CARTESIAN_POINT('',(2.05000000000001,8.2,7.62));
#5946=VECTOR('',#7447,1000.0);
#5947=CARTESIAN_POINT('',(2.05000000000001,8.8,3.99));
#5948=VECTOR('',#7448,1000.0);
#5949=CARTESIAN_POINT('',(1.15000000000001,-3.25260651745652E-16,2.54));
#5950=VECTOR('',#7449,1000.0);
#5951=CARTESIAN_POINT('',(5.35,7.1,2.54));
#5952=VECTOR('',#7450,1000.0);
#5953=CARTESIAN_POINT('',(2.25000000000001,8.0,3.99));
#5954=CARTESIAN_POINT('',(2.40000000000001,8.0,3.99));
#5955=VECTOR('',#7451,1000.0);
#5956=CARTESIAN_POINT('',(2.25000000000001,8.0,7.62));
#5957=VECTOR('',#7452,1000.0);
#5958=CARTESIAN_POINT('',(5.95000000000001,-3.25260651745652E-16,7.17));
#5959=CARTESIAN_POINT('',(5.05000000000001,-3.25260651745652E-16,7.17));
#5960=CARTESIAN_POINT('',(5.35,-3.25260651745652E-16,7.17));
#5961=VECTOR('',#7453,1000.0);
#5962=CARTESIAN_POINT('',(5.05000000000001,-3.25260651745652E-16,7.62));
#5963=VECTOR('',#7454,1000.0);
#5964=CARTESIAN_POINT('',(5.20417042793042E-15,-3.25260651745652E-16,2.54));
#5965=CARTESIAN_POINT('',(5.20417042793042E-15,-3.25260651745652E-16,10.16));
#5966=VECTOR('',#7455,1000.0);
#5967=CARTESIAN_POINT('',(5.05000000000001,-3.25260651745652E-16,2.54));
#5968=CARTESIAN_POINT('',(5.35,-3.25260651745652E-16,2.54));
#5969=VECTOR('',#7456,1000.0);
#5970=CARTESIAN_POINT('',(5.05000000000001,-3.25260651745652E-16,2.98999999999999));
#5971=CARTESIAN_POINT('',(5.05000000000001,-3.25260651745652E-16,7.62));
#5972=VECTOR('',#7457,1000.0);
#5973=CARTESIAN_POINT('',(5.95000000000001,-3.25260651745652E-16,2.98999999999999));
#5974=CARTESIAN_POINT('',(5.35,-3.25260651745652E-16,2.98999999999999));
#5975=VECTOR('',#7458,1000.0);
#5976=CARTESIAN_POINT('',(5.95000000000001,-3.25260651745652E-16,2.54));
#5977=CARTESIAN_POINT('',(5.95000000000001,-3.25260651745652E-16,7.62));
#5978=VECTOR('',#7459,1000.0);
#5979=CARTESIAN_POINT('',(11.35,-3.25260651745652E-16,2.54));
#5980=CARTESIAN_POINT('',(5.35,-3.25260651745652E-16,2.54));
#5981=VECTOR('',#7460,1000.0);
#5982=CARTESIAN_POINT('',(11.35,-3.25260651745652E-16,0.0));
#5983=VECTOR('',#7461,1000.0);
#5984=CARTESIAN_POINT('',(5.95000000000001,-3.25260651745652E-16,7.62));
#5985=VECTOR('',#7462,1000.0);
#5986=CARTESIAN_POINT('',(5.95000000000001,-4.0,7.38435935394489));
#5987=CARTESIAN_POINT('',(5.95000000000001,-3.2,7.17));
#5988=CARTESIAN_POINT('',(5.95000000000001,0.392637980906734,6.20735555431865));
#5989=VECTOR('',#7463,1000.0);
#5990=CARTESIAN_POINT('',(5.95000000000001,3.22745302705485E-15,7.17));
#5991=VECTOR('',#7464,1000.0);
#5992=CARTESIAN_POINT('',(5.95000000000001,-4.0,9.62));
#5993=VECTOR('',#7465,1000.0);
#5994=CARTESIAN_POINT('',(5.05000000000001,-4.0,7.38435935394489));
#5995=CARTESIAN_POINT('',(-2.45933806298169,-4.0,7.38435935394489));
#5996=VECTOR('',#7466,1000.0);
#5997=CARTESIAN_POINT('',(5.05000000000001,-4.0,9.62));
#5998=VECTOR('',#7467,1000.0);
#5999=CARTESIAN_POINT('',(5.05000000000001,-3.2,7.17));
#6000=CARTESIAN_POINT('',(5.05000000000001,0.307053304181604,7.17));
#6001=VECTOR('',#7468,1000.0);
#6002=CARTESIAN_POINT('',(5.05000000000001,0.392637980906734,6.20735555431865));
#6003=VECTOR('',#7469,1000.0);
#6004=CARTESIAN_POINT('',(-2.45933806298168,-3.2,7.17));
#6005=VECTOR('',#7470,1000.0);
#6006=CARTESIAN_POINT('',(5.95000000000001,-4.0,2.54));
#6007=CARTESIAN_POINT('',(5.95000000000001,-3.25260651745652E-16,2.54));
#6008=VECTOR('',#7471,1000.0);
#6009=CARTESIAN_POINT('',(5.95000000000001,-3.2,2.98999999999999));
#6010=CARTESIAN_POINT('',(5.95000000000001,3.22745302705485E-15,2.98999999999999));
#6011=VECTOR('',#7472,1000.0);
#6012=CARTESIAN_POINT('',(5.95000000000001,-4.0,2.77564064605509));
#6013=CARTESIAN_POINT('',(5.95000000000001,1.39263798090673,4.22059363811245));
#6014=VECTOR('',#7473,1000.0);
#6015=CARTESIAN_POINT('',(5.95000000000001,-4.0,4.54));
#6016=VECTOR('',#7474,1000.0);
#6017=CARTESIAN_POINT('',(5.05000000000001,-3.2,2.98999999999999));
#6018=CARTESIAN_POINT('',(-2.45933806298168,-3.2,2.98999999999999));
#6019=VECTOR('',#7475,1000.0);
#6020=CARTESIAN_POINT('',(5.05000000000001,-4.0,2.77564064605509));
#6021=CARTESIAN_POINT('',(5.05000000000001,1.39263798090673,4.22059363811245));
#6022=VECTOR('',#7476,1000.0);
#6023=CARTESIAN_POINT('',(-2.45933806298169,-4.0,2.7756406460551));
#6024=VECTOR('',#7477,1000.0);
#6025=CARTESIAN_POINT('',(5.05000000000001,-4.0,2.54));
#6026=CARTESIAN_POINT('',(5.35,-4.0,2.54));
#6027=VECTOR('',#7478,1000.0);
#6028=CARTESIAN_POINT('',(5.05000000000001,-4.0,4.54));
#6029=VECTOR('',#7479,1000.0);
#6030=CARTESIAN_POINT('',(5.05000000000001,-3.25260651745652E-16,2.54));
#6031=VECTOR('',#7480,1000.0);
#6032=CARTESIAN_POINT('',(5.05000000000001,0.307053304181605,2.98999999999999));
#6033=VECTOR('',#7481,1000.0);
#6034=AXIS2_PLACEMENT_3D('',#7482,#7483,#7484);
#6035=CARTESIAN_POINT('',(4.95000000000001,15.1,5.66040820577346));
#6036=CARTESIAN_POINT('',(4.95000000000001,18.07,5.66040820577346));
#6037=VECTOR('',#7485,1000.0);
#6038=AXIS2_PLACEMENT_3D('',#7486,#7487,#7488);
#6039=CARTESIAN_POINT('',(5.75000000000001,16.0,7.62));
#6040=VECTOR('',#7489,1000.0);
#6041=CARTESIAN_POINT('',(5.75000000000001,15.1,7.62));
#6042=VECTOR('',#7490,1000.0);
#6043=CARTESIAN_POINT('',(4.95000000000001,15.1,7.62));
#6044=VECTOR('',#7491,1000.0);
#6045=CARTESIAN_POINT('',(5.20417042793042E-15,3.5,4.509615242271));
#6046=VECTOR('',#7492,1000.0);
#6047=CARTESIAN_POINT('',(0.900000000000005,8.8,3.99));
#6048=VECTOR('',#7493,1000.0);
#6049=CARTESIAN_POINT('',(5.35,3.4,2.54));
#6050=VECTOR('',#7494,1000.0);
#6051=CARTESIAN_POINT('',(2.75000000000001,3.4,3.99));
#6052=VECTOR('',#7495,1000.0);
#6053=AXIS2_PLACEMENT_3D('',#7496,#7497,#7498);
#6054=CARTESIAN_POINT('',(2.05000000000001,8.2,6.72));
#6055=CARTESIAN_POINT('',(2.25000000000001,8.0,6.72));
#6056=AXIS2_PLACEMENT_3D('',#7499,#7500,#7501);
#6057=CARTESIAN_POINT('',(2.05000000000001,8.2,6.17));
#6058=CARTESIAN_POINT('',(2.05000000000001,8.2,7.62));
#6059=VECTOR('',#7502,1000.0);
#6060=CARTESIAN_POINT('',(2.25000000000001,8.0,6.17));
#6061=AXIS2_PLACEMENT_3D('',#7503,#7504,#7505);
#6062=CARTESIAN_POINT('',(2.25000000000001,8.0,7.62));
#6063=VECTOR('',#7506,1000.0);
#6064=CARTESIAN_POINT('',(2.05000000000001,8.8,6.17));
#6065=CARTESIAN_POINT('',(2.05000000000001,8.8,6.17));
#6066=VECTOR('',#7507,1000.0);
#6067=CARTESIAN_POINT('',(0.900000000000514,8.8,6.17));
#6068=CARTESIAN_POINT('',(0.900000000000005,8.8,6.17));
#6069=VECTOR('',#7508,1000.0);
#6070=CARTESIAN_POINT('',(0.900000000000135,3.5,6.16999999999978));
#6071=CARTESIAN_POINT('',(0.900000000000005,8.8,6.17));
#6072=VECTOR('',#7509,1000.0);
#6073=CARTESIAN_POINT('',(2.70000000000001,3.5,6.17));
#6074=CARTESIAN_POINT('',(5.35,3.5,6.17));
#6075=VECTOR('',#7510,1000.0);
#6076=CARTESIAN_POINT('',(2.70000000000001,3.4,6.17));
#6077=CARTESIAN_POINT('',(2.70000000000001,3.5,6.17));
#6078=VECTOR('',#7511,1000.0);
#6079=CARTESIAN_POINT('',(2.75000000000001,3.4,6.17));
#6080=CARTESIAN_POINT('',(2.75000000000001,3.4,6.17));
#6081=VECTOR('',#7512,1000.0);
#6082=CARTESIAN_POINT('',(2.75000000000001,8.0,6.17));
#6083=CARTESIAN_POINT('',(2.75000000000001,-3.25260651745652E-16,6.17));
#6084=VECTOR('',#7513,1000.0);
#6085=CARTESIAN_POINT('',(2.40000000000001,8.0,6.17));
#6086=VECTOR('',#7514,1000.0);
#6087=CARTESIAN_POINT('',(2.75000000000001,8.0,6.72));
#6088=CARTESIAN_POINT('',(2.75000000000001,8.0,7.62));
#6089=VECTOR('',#7515,1000.0);
#6090=CARTESIAN_POINT('',(5.35,8.0,6.72));
#6091=VECTOR('',#7516,1000.0);
#6092=CARTESIAN_POINT('',(7.75000000000001,3.5,6.32));
#6093=CARTESIAN_POINT('',(7.75000000000001,3.5,7.62));
#6094=VECTOR('',#7517,1000.0);
#6095=CARTESIAN_POINT('',(2.75000000000001,3.5,6.32));
#6096=CARTESIAN_POINT('',(5.35,3.5,6.32));
#6097=VECTOR('',#7518,1000.0);
#6098=CARTESIAN_POINT('',(2.75000000000001,3.5,7.62));
#6099=VECTOR('',#7519,1000.0);
#6100=CARTESIAN_POINT('',(7.75000000000001,7.1,6.32));
#6101=CARTESIAN_POINT('',(7.75000000000001,-3.25260651745652E-16,6.32));
#6102=VECTOR('',#7520,1000.0);
#6103=CARTESIAN_POINT('',(7.75000000000001,7.1,7.62));
#6104=VECTOR('',#7521,1000.0);
#6105=CARTESIAN_POINT('',(2.75000000000001,7.1,6.32));
#6106=CARTESIAN_POINT('',(5.25000000000001,7.1,6.32));
#6107=VECTOR('',#7522,1000.0);
#6108=CARTESIAN_POINT('',(2.75000000000001,-1.0,6.32));
#6109=VECTOR('',#7523,1000.0);
#6110=CARTESIAN_POINT('',(2.75000000000001,3.4,7.62));
#6111=VECTOR('',#7524,1000.0);
#6112=CARTESIAN_POINT('',(2.70000000000001,3.4,6.17));
#6113=VECTOR('',#7525,1000.0);
#6114=CARTESIAN_POINT('',(2.75000000000001,7.1,6.72));
#6115=CARTESIAN_POINT('',(2.75000000000001,7.1,7.62));
#6116=VECTOR('',#7526,1000.0);
#6117=CARTESIAN_POINT('',(2.75000000000001,3.22745302705485E-15,6.72));
#6118=VECTOR('',#7527,1000.0);
#6119=CARTESIAN_POINT('',(2.05000000000001,8.8,6.72));
#6120=CARTESIAN_POINT('',(2.05000000000001,-3.25260651745652E-16,6.72));
#6121=VECTOR('',#7528,1000.0);
#6122=CARTESIAN_POINT('',(2.05000000000001,8.8,8.77));
#6123=VECTOR('',#7529,1000.0);
#6124=CARTESIAN_POINT('',(1.15000000000001,8.8,6.72));
#6125=CARTESIAN_POINT('',(1.15000000000001,8.2,6.72));
#6126=CARTESIAN_POINT('',(1.15000000000001,-0.692946695818396,6.72));
#6127=VECTOR('',#7530,1000.0);
#6128=CARTESIAN_POINT('',(5.35,8.8,6.72));
#6129=VECTOR('',#7531,1000.0);
#6130=CARTESIAN_POINT('',(2.25000000000001,7.1,6.72));
#6131=CARTESIAN_POINT('',(5.55000000000001,7.1,6.72));
#6132=VECTOR('',#7532,1000.0);
#6133=AXIS2_PLACEMENT_3D('',#7533,#7534,#7535);
#6134=CARTESIAN_POINT('',(2.25000000000001,7.1,9.62));
#6135=VECTOR('',#7536,1000.0);
#6136=CARTESIAN_POINT('',(1.15000000000001,8.2,9.62));
#6137=VECTOR('',#7537,1000.0);
#6138=CARTESIAN_POINT('',(1.15000000000001,8.8,7.62));
#6139=VECTOR('',#7538,1000.0);
#6140=CARTESIAN_POINT('',(2.70000000000001,3.5,7.62));
#6141=VECTOR('',#7539,1000.0);
#6142=CARTESIAN_POINT('',(-1.56125112837913E-14,8.8,5.65038475772916));
#6143=CARTESIAN_POINT('',(5.35,8.8,8.73920869789292));
#6144=VECTOR('',#7540,1000.0);
#6145=CARTESIAN_POINT('',(5.20417042793042E-15,3.5,5.65038475772917));
#6146=CARTESIAN_POINT('',(5.20417042793042E-15,3.5,5.650384757729));
#6147=VECTOR('',#7541,1000.0);
#6148=CARTESIAN_POINT('',(0.700000000000005,3.5,6.054529946162));
#6149=VECTOR('',#7542,1000.0);
#6150=CARTESIAN_POINT('',(5.20417042793042E-15,3.5,9.589615242271));
#6151=VECTOR('',#7543,1000.0);
#6152=CARTESIAN_POINT('',(5.20417042793042E-15,8.8,9.589615242271));
#6153=VECTOR('',#7544,1000.0);
#6154=CARTESIAN_POINT('',(5.20417042793042E-15,12.0,2.54));
#6155=CARTESIAN_POINT('',(5.20417042793042E-15,12.0,10.16));
#6156=VECTOR('',#7545,1000.0);
#6157=CARTESIAN_POINT('',(5.20417042793042E-15,-3.25260651745652E-16,2.54));
#6158=VECTOR('',#7546,1000.0);
#6159=CARTESIAN_POINT('',(5.20417042793042E-15,-3.25260651745652E-16,2.54));
#6160=VECTOR('',#7547,1000.0);
#6161=CARTESIAN_POINT('',(0.500000000000005,12.0,2.54));
#6162=CARTESIAN_POINT('',(0.500000000000005,12.0,10.16));
#6163=VECTOR('',#7548,1000.0);
#6164=CARTESIAN_POINT('',(5.35,12.0,2.54));
#6165=VECTOR('',#7549,1000.0);
#6166=CARTESIAN_POINT('',(2.90000000000001,16.5,2.54));
#6167=CARTESIAN_POINT('',(2.90000000000001,16.5,10.16));
#6168=VECTOR('',#7550,1000.0);
#6169=CARTESIAN_POINT('',(-5.9,-3.25260651745652E-16,2.54));
#6170=VECTOR('',#7551,1000.0);
#6171=CARTESIAN_POINT('',(2.90000000000001,18.0,2.54));
#6172=CARTESIAN_POINT('',(2.90000000000001,18.0,10.16));
#6173=VECTOR('',#7552,1000.0);
#6174=CARTESIAN_POINT('',(2.90000000000001,-3.25260651745652E-16,2.54));
#6175=VECTOR('',#7553,1000.0);
#6176=CARTESIAN_POINT('',(5.75000000000001,16.0,2.54));
#6177=CARTESIAN_POINT('',(5.35,16.0,2.54));
#6178=VECTOR('',#7554,1000.0);
#6179=CARTESIAN_POINT('',(5.75000000000001,16.0,2.53999999999999));
#6180=VECTOR('',#7555,1000.0);
#6181=CARTESIAN_POINT('',(5.75000000000001,15.1,2.54));
#6182=CARTESIAN_POINT('',(5.75000000000001,-3.25260651745652E-16,2.54));
#6183=VECTOR('',#7556,1000.0);
#6184=CARTESIAN_POINT('',(5.75000000000001,15.1,2.53999999999999));
#6185=VECTOR('',#7557,1000.0);
#6186=CARTESIAN_POINT('',(4.95000000000001,15.1,2.54));
#6187=CARTESIAN_POINT('',(5.35,15.1,2.54));
#6188=VECTOR('',#7558,1000.0);
#6189=CARTESIAN_POINT('',(4.95000000000001,15.1,4.49959179422654));
#6190=CARTESIAN_POINT('',(4.95000000000001,15.1,2.53999999999999));
#6191=VECTOR('',#7559,1000.0);
#6192=AXIS2_PLACEMENT_3D('',#7560,#7561,#7562);
#6193=CARTESIAN_POINT('',(4.95000000000001,16.0,4.49959179422654));
#6194=CARTESIAN_POINT('',(4.95000000000001,14.43,4.49959179422654));
#6195=VECTOR('',#7563,1000.0);
#6196=CARTESIAN_POINT('',(4.95000000000001,16.0,2.54));
#6197=CARTESIAN_POINT('',(4.95000000000001,-3.25260651745652E-16,2.54));
#6198=VECTOR('',#7564,1000.0);
#6199=CARTESIAN_POINT('',(4.95000000000001,16.0,2.53999999999999));
#6200=VECTOR('',#7565,1000.0);
#6201=CARTESIAN_POINT('',(3.35000000000001,16.0,2.54));
#6202=CARTESIAN_POINT('',(5.35,16.0,2.54));
#6203=VECTOR('',#7566,1000.0);
#6204=AXIS2_PLACEMENT_3D('',#7567,#7568,#7569);
#6205=CARTESIAN_POINT('',(3.35000000000001,18.0,2.54));
#6206=CARTESIAN_POINT('',(3.35000000000001,14.43,2.54));
#6207=VECTOR('',#7570,1000.0);
#6208=AXIS2_PLACEMENT_3D('',#7571,#7572,#7573);
#6209=CARTESIAN_POINT('',(5.35,18.0,2.54));
#6210=VECTOR('',#7574,1000.0);
#6211=CARTESIAN_POINT('',(8.80000000000001,18.0,2.54));
#6212=CARTESIAN_POINT('',(8.80000000000001,18.0,0.0));
#6213=VECTOR('',#7575,1000.0);
#6214=CARTESIAN_POINT('',(5.35,18.0,2.54));
#6215=VECTOR('',#7576,1000.0);
#6216=CARTESIAN_POINT('',(8.80000000000001,8.2,4.59));
#6217=CARTESIAN_POINT('',(10.5,8.2,4.59));
#6218=CARTESIAN_POINT('',(5.35,8.2,4.59));
#6219=VECTOR('',#7577,1000.0);
#6220=CARTESIAN_POINT('',(8.80000000000001,15.5,4.59));
#6221=CARTESIAN_POINT('',(8.80000000000001,15.5,4.59));
#6222=VECTOR('',#7578,1000.0);
#6223=CARTESIAN_POINT('',(10.5,15.5,4.59));
#6224=CARTESIAN_POINT('',(10.5,15.5,4.59));
#6225=VECTOR('',#7579,1000.0);
#6226=CARTESIAN_POINT('',(10.5,-3.25260651745652E-16,4.59));
#6227=VECTOR('',#7580,1000.0);
#6228=CARTESIAN_POINT('',(8.80000000000001,8.2,2.54));
#6229=CARTESIAN_POINT('',(10.5,8.2,2.54));
#6230=CARTESIAN_POINT('',(5.35,8.2,2.54));
#6231=VECTOR('',#7581,1000.0);
#6232=CARTESIAN_POINT('',(8.80000000000001,8.2,7.62));
#6233=VECTOR('',#7582,1000.0);
#6234=CARTESIAN_POINT('',(10.5,8.2,7.62));
#6235=VECTOR('',#7583,1000.0);
#6236=CARTESIAN_POINT('',(10.5,15.5,2.54));
#6237=CARTESIAN_POINT('',(10.5,-3.25260651745652E-16,2.54));
#6238=VECTOR('',#7584,1000.0);
#6239=CARTESIAN_POINT('',(10.5,15.5,7.62));
#6240=VECTOR('',#7585,1000.0);
#6241=CARTESIAN_POINT('',(8.80000000000001,8.2,5.57));
#6242=CARTESIAN_POINT('',(8.80000000000001,8.2,7.62));
#6243=VECTOR('',#7586,1000.0);
#6244=CARTESIAN_POINT('',(8.80000000000001,15.5,5.57));
#6245=CARTESIAN_POINT('',(8.80000000000001,-3.25260651745652E-16,5.57));
#6246=VECTOR('',#7587,1000.0);
#6247=CARTESIAN_POINT('',(8.80000000000001,15.5,5.57));
#6248=VECTOR('',#7588,1000.0);
#6249=CARTESIAN_POINT('',(8.80000000000001,-3.25260651745652E-16,2.54));
#6250=VECTOR('',#7589,1000.0);
#6251=CARTESIAN_POINT('',(10.5,15.5,5.57));
#6252=CARTESIAN_POINT('',(10.5,15.5,9.110747728811));
#6253=VECTOR('',#7590,1000.0);
#6254=CARTESIAN_POINT('',(10.5,8.2,5.57));
#6255=CARTESIAN_POINT('',(10.5,-3.25260651745652E-16,5.57));
#6256=VECTOR('',#7591,1000.0);
#6257=CARTESIAN_POINT('',(10.5,8.2,7.62));
#6258=VECTOR('',#7592,1000.0);
#6259=CARTESIAN_POINT('',(5.35,8.2,5.57));
#6260=VECTOR('',#7593,1000.0);
#6261=CARTESIAN_POINT('',(8.80000000000001,15.5,5.57));
#6262=VECTOR('',#7594,1000.0);
#6263=CARTESIAN_POINT('',(11.35,15.5,2.54));
#6264=CARTESIAN_POINT('',(11.35,15.5,7.62));
#6265=VECTOR('',#7595,1000.0);
#6266=CARTESIAN_POINT('',(5.35,15.5,2.54));
#6267=VECTOR('',#7596,1000.0);
#6268=CARTESIAN_POINT('',(11.35,-3.25260651745652E-16,2.54));
#6269=VECTOR('',#7597,1000.0);
#6270=CARTESIAN_POINT('',(5.35000000000001,18.0,9.62));
#6271=CARTESIAN_POINT('',(5.35000000000001,15.1,9.62));
#6272=CARTESIAN_POINT('',(5.35000000000001,16.55,9.62));
#6273=VECTOR('',#7598,1.0);
#6274=CARTESIAN_POINT('',(7.35000000000001,18.0,7.62));
#6275=AXIS2_PLACEMENT_3D('',#7599,#7600,#7601);
#6276=CARTESIAN_POINT('',(7.35000000000001,16.0,7.62));
#6277=CARTESIAN_POINT('',(7.35000000000001,14.43,7.62));
#6278=VECTOR('',#7602,1000.0);
#6279=CARTESIAN_POINT('',(5.75000000000001,16.0,9.57959179422654));
#6280=AXIS2_PLACEMENT_3D('',#7603,#7604,#7605);
#6281=CARTESIAN_POINT('',(5.75000000000001,15.1,9.57959179422654));
#6282=CARTESIAN_POINT('',(5.75000000000001,14.43,9.57959179422654));
#6283=VECTOR('',#7606,1000.0);
#6284=AXIS2_PLACEMENT_3D('',#7607,#7608,#7609);
#6285=CARTESIAN_POINT('',(5.35000000000001,15.1,10.7));
#6286=CARTESIAN_POINT('',(5.35000000000001,18.0,10.7));
#6287=CARTESIAN_POINT('',(5.35000000000001,16.55,10.7));
#6288=VECTOR('',#7610,1.0);
#6289=CARTESIAN_POINT('',(5.75000000000001,15.1,10.7404082057735));
#6290=AXIS2_PLACEMENT_3D('',#7611,#7612,#7613);
#6291=CARTESIAN_POINT('',(5.75000000000001,16.0,10.7404082057735));
#6292=CARTESIAN_POINT('',(5.75000000000001,18.07,10.7404082057735));
#6293=VECTOR('',#7614,1000.0);
#6294=CARTESIAN_POINT('',(7.35000000000001,16.0,12.7));
#6295=AXIS2_PLACEMENT_3D('',#7615,#7616,#7617);
#6296=CARTESIAN_POINT('',(7.35000000000001,18.0,12.7));
#6297=CARTESIAN_POINT('',(7.35000000000001,18.07,12.7));
#6298=VECTOR('',#7618,1000.0);
#6299=AXIS2_PLACEMENT_3D('',#7619,#7620,#7621);
#6300=CARTESIAN_POINT('',(7.75000000000001,3.49999999999999,7.62));
#6301=CARTESIAN_POINT('',(2.75000000000001,3.49999999999999,7.62));
#6302=CARTESIAN_POINT('',(5.35000000000001,3.49999999999999,7.62));
#6303=VECTOR('',#7622,1000.0);
#6304=CARTESIAN_POINT('',(2.75000000000001,3.49999999999999,8.92));
#6305=CARTESIAN_POINT('',(2.75000000000001,3.49999999999999,12.7));
#6306=VECTOR('',#7623,1000.0);
#6307=CARTESIAN_POINT('',(7.75000000000001,3.49999999999999,8.92));
#6308=CARTESIAN_POINT('',(5.35000000000001,3.49999999999999,8.92));
#6309=VECTOR('',#7624,1000.0);
#6310=CARTESIAN_POINT('',(7.75000000000001,3.49999999999999,12.7));
#6311=VECTOR('',#7625,1000.0);
#6312=CARTESIAN_POINT('',(7.75000000000001,7.09999999999999,8.92));
#6313=CARTESIAN_POINT('',(7.75000000000001,-6.07153216591882E-15,8.92));
#6314=VECTOR('',#7626,1000.0);
#6315=CARTESIAN_POINT('',(7.75000000000001,7.09999999999999,7.62));
#6316=CARTESIAN_POINT('',(7.75000000000001,7.09999999999999,12.7));
#6317=VECTOR('',#7627,1000.0);
#6318=CARTESIAN_POINT('',(7.75000000000001,-6.07153216591882E-15,7.62));
#6319=VECTOR('',#7628,1000.0);
#6320=CARTESIAN_POINT('',(2.25000000000001,7.09999999999999,7.62));
#6321=CARTESIAN_POINT('',(1.15000000000001,8.19999999999999,7.62));
#6322=AXIS2_PLACEMENT_3D('',#7629,#7630,#7631);
#6323=CARTESIAN_POINT('',(2.25000000000001,7.09999999999999,8.51999999999999));
#6324=CARTESIAN_POINT('',(2.25000000000001,7.09999999999999,9.62));
#6325=VECTOR('',#7632,1000.0);
#6326=CARTESIAN_POINT('',(1.15000000000001,8.19999999999999,8.51999999999999));
#6327=AXIS2_PLACEMENT_3D('',#7633,#7634,#7635);
#6328=CARTESIAN_POINT('',(1.15000000000001,8.19999999999999,9.62));
#6329=VECTOR('',#7636,1000.0);
#6330=CARTESIAN_POINT('',(2.70000000000001,3.49999999999999,7.62));
#6331=CARTESIAN_POINT('',(9.75511558960871E-15,3.49999999999999,7.62));
#6332=CARTESIAN_POINT('',(5.35000000000001,3.49999999999999,7.62));
#6333=VECTOR('',#7637,1000.0);
#6334=CARTESIAN_POINT('',(9.75511558960871E-15,3.49999999999999,9.58961524227083));
#6335=CARTESIAN_POINT('',(9.75511558960871E-15,3.49999999999999,9.589615242271));
#6336=VECTOR('',#7638,1000.0);
#6337=CARTESIAN_POINT('',(0.90000000000001,3.49999999999999,9.07));
#6338=CARTESIAN_POINT('',(0.70000000000001,3.49999999999999,9.185470053838));
#6339=VECTOR('',#7639,1000.0);
#6340=CARTESIAN_POINT('',(2.70000000000001,3.49999999999999,9.07));
#6341=CARTESIAN_POINT('',(5.35000000000001,3.49999999999999,9.07));
#6342=VECTOR('',#7640,1000.0);
#6343=CARTESIAN_POINT('',(2.70000000000001,3.49999999999999,12.7));
#6344=VECTOR('',#7641,1000.0);
#6345=CARTESIAN_POINT('',(8.80000000000001,18.0,12.7));
#6346=CARTESIAN_POINT('',(5.35000000000001,18.0,12.7));
#6347=VECTOR('',#7642,1000.0);
#6348=CARTESIAN_POINT('',(5.75000000000001,16.0,12.7));
#6349=CARTESIAN_POINT('',(5.35000000000001,16.0,12.7));
#6350=VECTOR('',#7643,1000.0);
#6351=CARTESIAN_POINT('',(5.75000000000001,15.1,12.7));
#6352=CARTESIAN_POINT('',(5.75000000000001,-6.07153216591882E-15,12.7));
#6353=VECTOR('',#7644,1000.0);
#6354=CARTESIAN_POINT('',(4.95000000000001,15.1,12.7));
#6355=CARTESIAN_POINT('',(5.35000000000001,15.1,12.7));
#6356=VECTOR('',#7645,1000.0);
#6357=CARTESIAN_POINT('',(4.95000000000001,16.0,12.7));
#6358=CARTESIAN_POINT('',(4.95000000000001,-6.07153216591882E-15,12.7));
#6359=VECTOR('',#7646,1000.0);
#6360=CARTESIAN_POINT('',(3.35000000000001,16.0,12.7));
#6361=CARTESIAN_POINT('',(5.35000000000001,16.0,12.7));
#6362=VECTOR('',#7647,1000.0);
#6363=CARTESIAN_POINT('',(3.35000000000001,18.0,12.7));
#6364=CARTESIAN_POINT('',(3.35000000000001,18.07,12.7));
#6365=VECTOR('',#7648,1000.0);
#6366=CARTESIAN_POINT('',(2.90000000000001,18.0,12.7));
#6367=CARTESIAN_POINT('',(5.35000000000001,18.0,12.7));
#6368=VECTOR('',#7649,1000.0);
#6369=CARTESIAN_POINT('',(2.90000000000001,16.5,12.7));
#6370=CARTESIAN_POINT('',(2.90000000000001,-6.07153216591882E-15,12.7));
#6371=VECTOR('',#7650,1000.0);
#6372=CARTESIAN_POINT('',(0.50000000000001,12.0,12.7));
#6373=CARTESIAN_POINT('',(-5.89999999999999,-6.07153216591882E-15,12.7));
#6374=VECTOR('',#7651,1000.0);
#6375=CARTESIAN_POINT('',(9.75511558960871E-15,12.0,12.7));
#6376=CARTESIAN_POINT('',(5.35000000000001,12.0,12.7));
#6377=VECTOR('',#7652,1000.0);
#6378=CARTESIAN_POINT('',(9.75511558960871E-15,8.8,12.7));
#6379=CARTESIAN_POINT('',(9.75511558960871E-15,-6.07153216591882E-15,12.7));
#6380=VECTOR('',#7653,1000.0);
#6381=CARTESIAN_POINT('',(1.15000000000001,8.8,12.7));
#6382=CARTESIAN_POINT('',(5.35000000000001,8.8,12.7));
#6383=VECTOR('',#7654,1000.0);
#6384=CARTESIAN_POINT('',(1.15000000000001,8.19999999999999,12.7));
#6385=CARTESIAN_POINT('',(1.15000000000001,-6.07153216591882E-15,12.7));
#6386=VECTOR('',#7655,1000.0);
#6387=CARTESIAN_POINT('',(2.25000000000001,7.09999999999999,12.7));
#6388=AXIS2_PLACEMENT_3D('',#7656,#7657,#7658);
#6389=CARTESIAN_POINT('',(7.75000000000001,7.09999999999999,12.7));
#6390=CARTESIAN_POINT('',(5.35000000000001,7.09999999999999,12.7));
#6391=VECTOR('',#7659,1000.0);
#6392=CARTESIAN_POINT('',(7.75000000000001,3.49999999999999,12.7));
#6393=CARTESIAN_POINT('',(7.75000000000001,-6.07153216591882E-15,12.7));
#6394=VECTOR('',#7660,1000.0);
#6395=CARTESIAN_POINT('',(2.75000000000001,3.49999999999999,12.7));
#6396=CARTESIAN_POINT('',(5.35000000000001,3.49999999999999,12.7));
#6397=VECTOR('',#7661,1000.0);
#6398=CARTESIAN_POINT('',(2.75000000000001,3.39999999999999,12.7));
#6399=CARTESIAN_POINT('',(2.75000000000001,-6.07153216591882E-15,12.7));
#6400=VECTOR('',#7662,1000.0);
#6401=CARTESIAN_POINT('',(2.70000000000001,3.39999999999999,12.7));
#6402=CARTESIAN_POINT('',(5.35000000000001,3.39999999999999,12.7));
#6403=VECTOR('',#7663,1000.0);
#6404=CARTESIAN_POINT('',(2.70000000000001,3.49999999999999,12.7));
#6405=CARTESIAN_POINT('',(2.70000000000001,-6.07153216591882E-15,12.7));
#6406=VECTOR('',#7664,1000.0);
#6407=CARTESIAN_POINT('',(9.75511558960871E-15,3.49999999999999,12.7));
#6408=CARTESIAN_POINT('',(5.35000000000001,3.49999999999999,12.7));
#6409=VECTOR('',#7665,1000.0);
#6410=CARTESIAN_POINT('',(9.75511558960871E-15,-6.07153216591882E-15,12.7));
#6411=CARTESIAN_POINT('',(9.75511558960871E-15,-6.07153216591882E-15,12.7));
#6412=VECTOR('',#7666,1000.0);
#6413=CARTESIAN_POINT('',(5.05000000000001,-6.07153216591882E-15,12.7));
#6414=CARTESIAN_POINT('',(5.35000000000001,-6.07153216591882E-15,12.7));
#6415=VECTOR('',#7667,1000.0);
#6416=CARTESIAN_POINT('',(5.05000000000001,-4.00000000000001,12.7));
#6417=CARTESIAN_POINT('',(5.05000000000001,-6.07153216591882E-15,12.7));
#6418=VECTOR('',#7668,1000.0);
#6419=CARTESIAN_POINT('',(5.95000000000001,-4.00000000000001,12.7));
#6420=CARTESIAN_POINT('',(5.35000000000001,-4.00000000000001,12.7));
#6421=VECTOR('',#7669,1000.0);
#6422=CARTESIAN_POINT('',(5.95000000000001,-6.07153216591882E-15,12.7));
#6423=CARTESIAN_POINT('',(5.95000000000001,-6.07153216591882E-15,12.7));
#6424=VECTOR('',#7670,1000.0);
#6425=CARTESIAN_POINT('',(11.35,-6.07153216591882E-15,12.7));
#6426=CARTESIAN_POINT('',(5.35000000000001,-6.07153216591882E-15,12.7));
#6427=VECTOR('',#7671,1000.0);
#6428=CARTESIAN_POINT('',(11.35,15.5,12.7));
#6429=CARTESIAN_POINT('',(11.35,-6.07153216591882E-15,12.7));
#6430=VECTOR('',#7672,1000.0);
#6431=CARTESIAN_POINT('',(10.5,15.5,12.7));
#6432=CARTESIAN_POINT('',(5.35000000000001,15.5,12.7));
#6433=VECTOR('',#7673,1000.0);
#6434=CARTESIAN_POINT('',(10.5,8.19999999999999,12.7));
#6435=CARTESIAN_POINT('',(10.5,-6.07153216591882E-15,12.7));
#6436=VECTOR('',#7674,1000.0);
#6437=CARTESIAN_POINT('',(8.80000000000001,8.19999999999999,12.7));
#6438=CARTESIAN_POINT('',(5.35000000000001,8.19999999999999,12.7));
#6439=VECTOR('',#7675,1000.0);
#6440=CARTESIAN_POINT('',(8.80000000000001,-6.07153216591882E-15,12.7));
#6441=VECTOR('',#7676,1000.0);
#6442=CARTESIAN_POINT('',(4.95000000000001,16.0,10.7404082057735));
#6443=CARTESIAN_POINT('',(4.95000000000001,16.0,12.7));
#6444=VECTOR('',#7677,1000.0);
#6445=AXIS2_PLACEMENT_3D('',#7678,#7679,#7680);
#6446=CARTESIAN_POINT('',(2.70000000000001,3.39999999999999,7.62));
#6447=CARTESIAN_POINT('',(2.70000000000001,-6.07153216591882E-15,7.62));
#6448=VECTOR('',#7681,1000.0);
#6449=CARTESIAN_POINT('',(2.70000000000001,3.39999999999999,9.07));
#6450=CARTESIAN_POINT('',(2.70000000000001,3.49999999999999,9.07));
#6451=VECTOR('',#7682,1000.0);
#6452=CARTESIAN_POINT('',(2.70000000000001,3.39999999999999,9.07));
#6453=VECTOR('',#7683,1000.0);
#6454=CARTESIAN_POINT('',(2.75000000000001,3.39999999999999,7.62));
#6455=CARTESIAN_POINT('',(2.75000000000001,-6.07153216591882E-15,7.62));
#6456=VECTOR('',#7684,1000.0);
#6457=CARTESIAN_POINT('',(2.75000000000001,3.39999999999999,9.07));
#6458=CARTESIAN_POINT('',(2.75000000000001,3.39999999999999,12.7));
#6459=VECTOR('',#7685,1000.0);
#6460=CARTESIAN_POINT('',(2.75000000000001,7.99999999999999,9.07));
#6461=CARTESIAN_POINT('',(2.75000000000001,-6.07153216591882E-15,9.07));
#6462=VECTOR('',#7686,1000.0);
#6463=CARTESIAN_POINT('',(2.75000000000001,7.99999999999999,8.51999999999999));
#6464=CARTESIAN_POINT('',(2.75000000000001,7.99999999999999,12.7));
#6465=VECTOR('',#7687,1000.0);
#6466=CARTESIAN_POINT('',(2.75000000000001,7.09999999999999,8.51999999999999));
#6467=CARTESIAN_POINT('',(2.75000000000001,-2.51881848711832E-15,8.51999999999999));
#6468=VECTOR('',#7688,1000.0);
#6469=CARTESIAN_POINT('',(2.75000000000001,7.09999999999999,8.92));
#6470=CARTESIAN_POINT('',(2.75000000000001,7.09999999999999,7.61999999999999));
#6471=VECTOR('',#7689,1000.0);
#6472=CARTESIAN_POINT('',(2.75000000000001,-1.00000000000001,8.92));
#6473=VECTOR('',#7690,1000.0);
#6474=CARTESIAN_POINT('',(5.25000000000001,7.09999999999999,8.92));
#6475=VECTOR('',#7691,1000.0);
#6476=CARTESIAN_POINT('',(2.05000000000001,8.8,8.51999999999999));
#6477=CARTESIAN_POINT('',(2.05000000000001,8.19999999999999,8.51999999999999));
#6478=CARTESIAN_POINT('',(2.05000000000001,-6.07153216591882E-15,8.51999999999999));
#6479=VECTOR('',#7692,1000.0);
#6480=CARTESIAN_POINT('',(1.15000000000001,8.8,8.51999999999999));
#6481=CARTESIAN_POINT('',(5.35000000000001,8.8,8.51999999999999));
#6482=VECTOR('',#7693,1000.0);
#6483=CARTESIAN_POINT('',(1.15000000000001,-0.692946695818401,8.51999999999999));
#6484=VECTOR('',#7694,1000.0);
#6485=CARTESIAN_POINT('',(5.55000000000001,7.09999999999999,8.51999999999999));
#6486=VECTOR('',#7695,1000.0);
#6487=CARTESIAN_POINT('',(2.25000000000001,7.99999999999999,8.51999999999999));
#6488=CARTESIAN_POINT('',(5.35000000000001,7.99999999999999,8.51999999999999));
#6489=VECTOR('',#7696,1000.0);
#6490=AXIS2_PLACEMENT_3D('',#7697,#7698,#7699);
#6491=CARTESIAN_POINT('',(1.15000000000001,8.8,7.62));
#6492=CARTESIAN_POINT('',(9.75511558960871E-15,8.8,7.62));
#6493=CARTESIAN_POINT('',(5.35000000000001,8.8,7.62));
#6494=VECTOR('',#7700,1000.0);
#6495=CARTESIAN_POINT('',(1.15000000000001,8.8,12.7));
#6496=VECTOR('',#7701,1000.0);
#6497=CARTESIAN_POINT('',(2.05000000000001,8.8,9.07));
#6498=CARTESIAN_POINT('',(2.05000000000001,8.8,12.7));
#6499=VECTOR('',#7702,1000.0);
#6500=CARTESIAN_POINT('',(0.900000000000519,8.8,9.07));
#6501=CARTESIAN_POINT('',(0.90000000000001,8.8,9.07));
#6502=VECTOR('',#7703,1000.0);
#6503=CARTESIAN_POINT('',(9.75511558960871E-15,8.8,9.58961524227083));
#6504=CARTESIAN_POINT('',(5.35000000000001,8.8,6.50079130210708));
#6505=VECTOR('',#7704,1000.0);
#6506=CARTESIAN_POINT('',(9.75511558960871E-15,8.8,5.650384757729));
#6507=VECTOR('',#7705,1000.0);
#6508=CARTESIAN_POINT('',(2.05000000000001,8.19999999999999,9.07));
#6509=CARTESIAN_POINT('',(2.05000000000001,8.19999999999999,12.7));
#6510=VECTOR('',#7706,1000.0);
#6511=CARTESIAN_POINT('',(2.05000000000001,8.8,9.07));
#6512=VECTOR('',#7707,1000.0);
#6513=CARTESIAN_POINT('',(1.15000000000001,-6.07153216591882E-15,7.62));
#6514=VECTOR('',#7708,1000.0);
#6515=CARTESIAN_POINT('',(5.35000000000001,7.09999999999999,7.62));
#6516=VECTOR('',#7709,1000.0);
#6517=CARTESIAN_POINT('',(2.25000000000001,7.99999999999999,9.07));
#6518=CARTESIAN_POINT('',(2.40000000000001,7.99999999999999,9.07));
#6519=VECTOR('',#7710,1000.0);
#6520=CARTESIAN_POINT('',(2.25000000000001,7.99999999999999,12.7));
#6521=VECTOR('',#7711,1000.0);
#6522=CARTESIAN_POINT('',(5.95000000000001,-6.07153216591882E-15,12.25));
#6523=CARTESIAN_POINT('',(5.05000000000001,-6.07153216591882E-15,12.25));
#6524=CARTESIAN_POINT('',(5.35000000000001,-6.07153216591882E-15,12.25));
#6525=VECTOR('',#7712,1000.0);
#6526=CARTESIAN_POINT('',(5.05000000000001,-6.07153216591882E-15,12.7));
#6527=VECTOR('',#7713,1000.0);
#6528=CARTESIAN_POINT('',(9.75511558960871E-15,-6.07153216591882E-15,7.62));
#6529=CARTESIAN_POINT('',(9.75511558960871E-15,-6.07153216591882E-15,15.24));
#6530=VECTOR('',#7714,1000.0);
#6531=CARTESIAN_POINT('',(5.05000000000001,-6.07153216591882E-15,7.62));
#6532=CARTESIAN_POINT('',(5.35000000000001,-6.07153216591882E-15,7.62));
#6533=VECTOR('',#7715,1000.0);
#6534=CARTESIAN_POINT('',(5.05000000000001,-6.07153216591882E-15,8.06999999999999));
#6535=CARTESIAN_POINT('',(5.05000000000001,-6.07153216591882E-15,12.7));
#6536=VECTOR('',#7716,1000.0);
#6537=CARTESIAN_POINT('',(5.95000000000001,-6.07153216591882E-15,8.06999999999999));
#6538=CARTESIAN_POINT('',(5.35000000000001,-6.07153216591882E-15,8.06999999999999));
#6539=VECTOR('',#7717,1000.0);
#6540=CARTESIAN_POINT('',(5.95000000000001,-6.07153216591882E-15,7.62));
#6541=CARTESIAN_POINT('',(5.95000000000001,-6.07153216591882E-15,12.7));
#6542=VECTOR('',#7718,1000.0);
#6543=CARTESIAN_POINT('',(11.35,-6.07153216591882E-15,7.62));
#6544=CARTESIAN_POINT('',(5.35000000000001,-6.07153216591882E-15,7.62));
#6545=VECTOR('',#7719,1000.0);
#6546=CARTESIAN_POINT('',(11.35,-6.07153216591882E-15,5.08));
#6547=VECTOR('',#7720,1000.0);
#6548=CARTESIAN_POINT('',(5.95000000000001,-6.07153216591882E-15,12.7));
#6549=VECTOR('',#7721,1000.0);
#6550=CARTESIAN_POINT('',(5.95000000000001,-4.00000000000001,12.4643593539449));
#6551=CARTESIAN_POINT('',(5.95000000000001,-3.20000000000001,12.25));
#6552=CARTESIAN_POINT('',(5.95000000000001,0.392637980906728,11.2873555543186));
#6553=VECTOR('',#7722,1000.0);
#6554=CARTESIAN_POINT('',(5.95000000000001,-2.51881848711832E-15,12.25));
#6555=VECTOR('',#7723,1000.0);
#6556=CARTESIAN_POINT('',(5.95000000000001,-4.00000000000001,14.7));
#6557=VECTOR('',#7724,1000.0);
#6558=CARTESIAN_POINT('',(5.05000000000001,-4.00000000000001,12.4643593539449));
#6559=CARTESIAN_POINT('',(-2.45933806298169,-4.00000000000001,12.4643593539449));
#6560=VECTOR('',#7725,1000.0);
#6561=CARTESIAN_POINT('',(5.05000000000001,-4.00000000000001,14.7));
#6562=VECTOR('',#7726,1000.0);
#6563=CARTESIAN_POINT('',(5.05000000000001,-3.20000000000001,12.25));
#6564=CARTESIAN_POINT('',(5.05000000000001,0.307053304181598,12.25));
#6565=VECTOR('',#7727,1000.0);
#6566=CARTESIAN_POINT('',(5.05000000000001,0.392637980906728,11.2873555543186));
#6567=VECTOR('',#7728,1000.0);
#6568=CARTESIAN_POINT('',(-2.45933806298168,-3.20000000000001,12.25));
#6569=VECTOR('',#7729,1000.0);
#6570=CARTESIAN_POINT('',(5.95000000000001,-4.00000000000001,7.62));
#6571=CARTESIAN_POINT('',(5.95000000000001,-6.07153216591882E-15,7.62));
#6572=VECTOR('',#7730,1000.0);
#6573=CARTESIAN_POINT('',(5.95000000000001,-3.20000000000001,8.06999999999999));
#6574=CARTESIAN_POINT('',(5.95000000000001,-2.51881848711832E-15,8.06999999999999));
#6575=VECTOR('',#7731,1000.0);
#6576=CARTESIAN_POINT('',(5.95000000000001,-4.00000000000001,7.85564064605509));
#6577=CARTESIAN_POINT('',(5.95000000000001,1.39263798090672,9.30059363811245));
#6578=VECTOR('',#7732,1000.0);
#6579=CARTESIAN_POINT('',(5.95000000000001,-4.00000000000001,9.62));
#6580=VECTOR('',#7733,1000.0);
#6581=CARTESIAN_POINT('',(5.05000000000001,-3.20000000000001,8.06999999999999));
#6582=CARTESIAN_POINT('',(-2.45933806298168,-3.20000000000001,8.06999999999999));
#6583=VECTOR('',#7734,1000.0);
#6584=CARTESIAN_POINT('',(5.05000000000001,-4.00000000000001,7.85564064605509));
#6585=CARTESIAN_POINT('',(5.05000000000001,1.39263798090672,9.30059363811245));
#6586=VECTOR('',#7735,1000.0);
#6587=CARTESIAN_POINT('',(-2.45933806298169,-4.00000000000001,7.8556406460551));
#6588=VECTOR('',#7736,1000.0);
#6589=CARTESIAN_POINT('',(5.05000000000001,-4.00000000000001,7.62));
#6590=CARTESIAN_POINT('',(5.35000000000001,-4.00000000000001,7.62));
#6591=VECTOR('',#7737,1000.0);
#6592=CARTESIAN_POINT('',(5.05000000000001,-4.00000000000001,9.62));
#6593=VECTOR('',#7738,1000.0);
#6594=CARTESIAN_POINT('',(5.05000000000001,-6.07153216591882E-15,7.62));
#6595=VECTOR('',#7739,1000.0);
#6596=CARTESIAN_POINT('',(5.05000000000001,0.307053304181599,8.06999999999999));
#6597=VECTOR('',#7740,1000.0);
#6598=AXIS2_PLACEMENT_3D('',#7741,#7742,#7743);
#6599=CARTESIAN_POINT('',(4.95000000000001,15.1,10.7404082057735));
#6600=CARTESIAN_POINT('',(4.95000000000001,18.07,10.7404082057735));
#6601=VECTOR('',#7744,1000.0);
#6602=AXIS2_PLACEMENT_3D('',#7745,#7746,#7747);
#6603=CARTESIAN_POINT('',(5.75000000000001,16.0,12.7));
#6604=VECTOR('',#7748,1000.0);
#6605=CARTESIAN_POINT('',(5.75000000000001,15.1,12.7));
#6606=VECTOR('',#7749,1000.0);
#6607=CARTESIAN_POINT('',(4.95000000000001,15.1,12.7));
#6608=VECTOR('',#7750,1000.0);
#6609=CARTESIAN_POINT('',(9.75511558960871E-15,3.49999999999999,9.589615242271));
#6610=VECTOR('',#7751,1000.0);
#6611=CARTESIAN_POINT('',(0.90000000000001,8.8,9.07));
#6612=VECTOR('',#7752,1000.0);
#6613=CARTESIAN_POINT('',(5.35000000000001,3.39999999999999,7.62));
#6614=VECTOR('',#7753,1000.0);
#6615=CARTESIAN_POINT('',(2.75000000000001,3.39999999999999,9.07));
#6616=VECTOR('',#7754,1000.0);
#6617=AXIS2_PLACEMENT_3D('',#7755,#7756,#7757);
#6618=CARTESIAN_POINT('',(2.05000000000001,8.19999999999999,11.8));
#6619=CARTESIAN_POINT('',(2.25000000000001,7.99999999999999,11.8));
#6620=AXIS2_PLACEMENT_3D('',#7758,#7759,#7760);
#6621=CARTESIAN_POINT('',(2.05000000000001,8.19999999999999,11.25));
#6622=CARTESIAN_POINT('',(2.05000000000001,8.19999999999999,12.7));
#6623=VECTOR('',#7761,1000.0);
#6624=CARTESIAN_POINT('',(2.25000000000001,7.99999999999999,11.25));
#6625=AXIS2_PLACEMENT_3D('',#7762,#7763,#7764);
#6626=CARTESIAN_POINT('',(2.25000000000001,7.99999999999999,12.7));
#6627=VECTOR('',#7765,1000.0);
#6628=CARTESIAN_POINT('',(2.05000000000001,8.8,11.25));
#6629=CARTESIAN_POINT('',(2.05000000000001,8.8,11.25));
#6630=VECTOR('',#7766,1000.0);
#6631=CARTESIAN_POINT('',(0.900000000000519,8.8,11.25));
#6632=CARTESIAN_POINT('',(0.90000000000001,8.8,11.25));
#6633=VECTOR('',#7767,1000.0);
#6634=CARTESIAN_POINT('',(0.90000000000014,3.49999999999999,11.2499999999998));
#6635=CARTESIAN_POINT('',(0.90000000000001,8.8,11.25));
#6636=VECTOR('',#7768,1000.0);
#6637=CARTESIAN_POINT('',(2.70000000000001,3.49999999999999,11.25));
#6638=CARTESIAN_POINT('',(5.35000000000001,3.49999999999999,11.25));
#6639=VECTOR('',#7769,1000.0);
#6640=CARTESIAN_POINT('',(2.70000000000001,3.39999999999999,11.25));
#6641=CARTESIAN_POINT('',(2.70000000000001,3.49999999999999,11.25));
#6642=VECTOR('',#7770,1000.0);
#6643=CARTESIAN_POINT('',(2.75000000000001,3.39999999999999,11.25));
#6644=CARTESIAN_POINT('',(2.75000000000001,3.39999999999999,11.25));
#6645=VECTOR('',#7771,1000.0);
#6646=CARTESIAN_POINT('',(2.75000000000001,7.99999999999999,11.25));
#6647=CARTESIAN_POINT('',(2.75000000000001,-6.07153216591882E-15,11.25));
#6648=VECTOR('',#7772,1000.0);
#6649=CARTESIAN_POINT('',(2.40000000000001,7.99999999999999,11.25));
#6650=VECTOR('',#7773,1000.0);
#6651=CARTESIAN_POINT('',(2.75000000000001,7.99999999999999,11.8));
#6652=CARTESIAN_POINT('',(2.75000000000001,7.99999999999999,12.7));
#6653=VECTOR('',#7774,1000.0);
#6654=CARTESIAN_POINT('',(5.35000000000001,7.99999999999999,11.8));
#6655=VECTOR('',#7775,1000.0);
#6656=CARTESIAN_POINT('',(7.75000000000001,3.49999999999999,11.4));
#6657=CARTESIAN_POINT('',(7.75000000000001,3.49999999999999,12.7));
#6658=VECTOR('',#7776,1000.0);
#6659=CARTESIAN_POINT('',(2.75000000000001,3.49999999999999,11.4));
#6660=CARTESIAN_POINT('',(5.35000000000001,3.49999999999999,11.4));
#6661=VECTOR('',#7777,1000.0);
#6662=CARTESIAN_POINT('',(2.75000000000001,3.49999999999999,12.7));
#6663=VECTOR('',#7778,1000.0);
#6664=CARTESIAN_POINT('',(7.75000000000001,7.09999999999999,11.4));
#6665=CARTESIAN_POINT('',(7.75000000000001,-6.07153216591882E-15,11.4));
#6666=VECTOR('',#7779,1000.0);
#6667=CARTESIAN_POINT('',(7.75000000000001,7.09999999999999,12.7));
#6668=VECTOR('',#7780,1000.0);
#6669=CARTESIAN_POINT('',(2.75000000000001,7.09999999999999,11.4));
#6670=CARTESIAN_POINT('',(5.25000000000001,7.09999999999999,11.4));
#6671=VECTOR('',#7781,1000.0);
#6672=CARTESIAN_POINT('',(2.75000000000001,-1.00000000000001,11.4));
#6673=VECTOR('',#7782,1000.0);
#6674=CARTESIAN_POINT('',(2.75000000000001,3.39999999999999,12.7));
#6675=VECTOR('',#7783,1000.0);
#6676=CARTESIAN_POINT('',(2.70000000000001,3.39999999999999,11.25));
#6677=VECTOR('',#7784,1000.0);
#6678=CARTESIAN_POINT('',(2.75000000000001,7.09999999999999,11.8));
#6679=CARTESIAN_POINT('',(2.75000000000001,7.09999999999999,12.7));
#6680=VECTOR('',#7785,1000.0);
#6681=CARTESIAN_POINT('',(2.75000000000001,-2.51881848711832E-15,11.8));
#6682=VECTOR('',#7786,1000.0);
#6683=CARTESIAN_POINT('',(2.05000000000001,8.8,11.8));
#6684=CARTESIAN_POINT('',(2.05000000000001,-6.07153216591882E-15,11.8));
#6685=VECTOR('',#7787,1000.0);
#6686=CARTESIAN_POINT('',(2.05000000000001,8.8,13.85));
#6687=VECTOR('',#7788,1000.0);
#6688=CARTESIAN_POINT('',(1.15000000000001,8.8,11.8));
#6689=CARTESIAN_POINT('',(1.15000000000001,8.19999999999999,11.8));
#6690=CARTESIAN_POINT('',(1.15000000000001,-0.692946695818402,11.8));
#6691=VECTOR('',#7789,1000.0);
#6692=CARTESIAN_POINT('',(5.35000000000001,8.8,11.8));
#6693=VECTOR('',#7790,1000.0);
#6694=CARTESIAN_POINT('',(2.25000000000001,7.09999999999999,11.8));
#6695=CARTESIAN_POINT('',(5.55000000000001,7.09999999999999,11.8));
#6696=VECTOR('',#7791,1000.0);
#6697=AXIS2_PLACEMENT_3D('',#7792,#7793,#7794);
#6698=CARTESIAN_POINT('',(2.25000000000001,7.09999999999999,14.7));
#6699=VECTOR('',#7795,1000.0);
#6700=CARTESIAN_POINT('',(1.15000000000001,8.19999999999999,14.7));
#6701=VECTOR('',#7796,1000.0);
#6702=CARTESIAN_POINT('',(1.15000000000001,8.8,12.7));
#6703=VECTOR('',#7797,1000.0);
#6704=CARTESIAN_POINT('',(2.70000000000001,3.49999999999999,12.7));
#6705=VECTOR('',#7798,1000.0);
#6706=CARTESIAN_POINT('',(-1.1061566122113E-14,8.8,10.7303847577292));
#6707=CARTESIAN_POINT('',(5.35000000000001,8.8,13.8192086978929));
#6708=VECTOR('',#7799,1000.0);
#6709=CARTESIAN_POINT('',(9.75511558960871E-15,3.49999999999999,10.7303847577292));
#6710=CARTESIAN_POINT('',(9.75511558960871E-15,3.49999999999999,10.730384757729));
#6711=VECTOR('',#7800,1000.0);
#6712=CARTESIAN_POINT('',(0.70000000000001,3.49999999999999,11.134529946162));
#6713=VECTOR('',#7801,1000.0);
#6714=CARTESIAN_POINT('',(9.75511558960871E-15,3.49999999999999,14.669615242271));
#6715=VECTOR('',#7802,1000.0);
#6716=CARTESIAN_POINT('',(9.75511558960871E-15,8.8,14.669615242271));
#6717=VECTOR('',#7803,1000.0);
#6718=CARTESIAN_POINT('',(9.75511558960871E-15,12.0,7.62));
#6719=CARTESIAN_POINT('',(9.75511558960871E-15,12.0,15.24));
#6720=VECTOR('',#7804,1000.0);
#6721=CARTESIAN_POINT('',(9.75511558960871E-15,-6.07153216591882E-15,7.62));
#6722=VECTOR('',#7805,1000.0);
#6723=CARTESIAN_POINT('',(9.75511558960871E-15,-6.07153216591882E-15,7.62));
#6724=VECTOR('',#7806,1000.0);
#6725=CARTESIAN_POINT('',(0.50000000000001,12.0,7.62));
#6726=CARTESIAN_POINT('',(0.50000000000001,12.0,15.24));
#6727=VECTOR('',#7807,1000.0);
#6728=CARTESIAN_POINT('',(5.35000000000001,12.0,7.62));
#6729=VECTOR('',#7808,1000.0);
#6730=CARTESIAN_POINT('',(2.90000000000001,16.5,7.62));
#6731=CARTESIAN_POINT('',(2.90000000000001,16.5,15.24));
#6732=VECTOR('',#7809,1000.0);
#6733=CARTESIAN_POINT('',(-5.89999999999999,-6.07153216591882E-15,7.62));
#6734=VECTOR('',#7810,1000.0);
#6735=CARTESIAN_POINT('',(2.90000000000001,18.0,7.62));
#6736=CARTESIAN_POINT('',(2.90000000000001,18.0,15.24));
#6737=VECTOR('',#7811,1000.0);
#6738=CARTESIAN_POINT('',(2.90000000000001,-6.07153216591882E-15,7.62));
#6739=VECTOR('',#7812,1000.0);
#6740=CARTESIAN_POINT('',(5.75000000000001,16.0,7.62));
#6741=CARTESIAN_POINT('',(5.35000000000001,16.0,7.62));
#6742=VECTOR('',#7813,1000.0);
#6743=CARTESIAN_POINT('',(5.75000000000001,16.0,7.61999999999999));
#6744=VECTOR('',#7814,1000.0);
#6745=CARTESIAN_POINT('',(5.75000000000001,15.1,7.62));
#6746=CARTESIAN_POINT('',(5.75000000000001,-6.07153216591882E-15,7.62));
#6747=VECTOR('',#7815,1000.0);
#6748=CARTESIAN_POINT('',(5.75000000000001,15.1,7.61999999999999));
#6749=VECTOR('',#7816,1000.0);
#6750=CARTESIAN_POINT('',(4.95000000000001,15.1,7.62));
#6751=CARTESIAN_POINT('',(5.35000000000001,15.1,7.62));
#6752=VECTOR('',#7817,1000.0);
#6753=CARTESIAN_POINT('',(4.95000000000001,15.1,9.57959179422654));
#6754=CARTESIAN_POINT('',(4.95000000000001,15.1,7.61999999999999));
#6755=VECTOR('',#7818,1000.0);
#6756=AXIS2_PLACEMENT_3D('',#7819,#7820,#7821);
#6757=CARTESIAN_POINT('',(4.95000000000001,16.0,9.57959179422654));
#6758=CARTESIAN_POINT('',(4.95000000000001,14.43,9.57959179422654));
#6759=VECTOR('',#7822,1000.0);
#6760=CARTESIAN_POINT('',(4.95000000000001,16.0,7.62));
#6761=CARTESIAN_POINT('',(4.95000000000001,-6.07153216591882E-15,7.62));
#6762=VECTOR('',#7823,1000.0);
#6763=CARTESIAN_POINT('',(4.95000000000001,16.0,7.61999999999999));
#6764=VECTOR('',#7824,1000.0);
#6765=CARTESIAN_POINT('',(3.35000000000001,16.0,7.62));
#6766=CARTESIAN_POINT('',(5.35000000000001,16.0,7.62));
#6767=VECTOR('',#7825,1000.0);
#6768=AXIS2_PLACEMENT_3D('',#7826,#7827,#7828);
#6769=CARTESIAN_POINT('',(3.35000000000001,18.0,7.62));
#6770=CARTESIAN_POINT('',(3.35000000000001,14.43,7.62));
#6771=VECTOR('',#7829,1000.0);
#6772=AXIS2_PLACEMENT_3D('',#7830,#7831,#7832);
#6773=CARTESIAN_POINT('',(5.35000000000001,18.0,7.62));
#6774=VECTOR('',#7833,1000.0);
#6775=CARTESIAN_POINT('',(8.80000000000001,18.0,7.62));
#6776=CARTESIAN_POINT('',(8.80000000000001,18.0,5.08));
#6777=VECTOR('',#7834,1000.0);
#6778=CARTESIAN_POINT('',(5.35000000000001,18.0,7.62));
#6779=VECTOR('',#7835,1000.0);
#6780=CARTESIAN_POINT('',(8.80000000000001,8.19999999999999,9.67));
#6781=CARTESIAN_POINT('',(10.5,8.19999999999999,9.67));
#6782=CARTESIAN_POINT('',(5.35000000000001,8.19999999999999,9.67));
#6783=VECTOR('',#7836,1000.0);
#6784=CARTESIAN_POINT('',(8.80000000000001,15.5,9.67));
#6785=CARTESIAN_POINT('',(8.80000000000001,15.5,9.67));
#6786=VECTOR('',#7837,1000.0);
#6787=CARTESIAN_POINT('',(10.5,15.5,9.67));
#6788=CARTESIAN_POINT('',(10.5,15.5,9.67));
#6789=VECTOR('',#7838,1000.0);
#6790=CARTESIAN_POINT('',(10.5,-6.07153216591882E-15,9.67));
#6791=VECTOR('',#7839,1000.0);
#6792=CARTESIAN_POINT('',(8.80000000000001,8.19999999999999,7.62));
#6793=CARTESIAN_POINT('',(10.5,8.19999999999999,7.62));
#6794=CARTESIAN_POINT('',(5.35000000000001,8.19999999999999,7.62));
#6795=VECTOR('',#7840,1000.0);
#6796=CARTESIAN_POINT('',(8.80000000000001,8.19999999999999,12.7));
#6797=VECTOR('',#7841,1000.0);
#6798=CARTESIAN_POINT('',(10.5,8.19999999999999,12.7));
#6799=VECTOR('',#7842,1000.0);
#6800=CARTESIAN_POINT('',(10.5,15.5,7.62));
#6801=CARTESIAN_POINT('',(10.5,-6.07153216591882E-15,7.62));
#6802=VECTOR('',#7843,1000.0);
#6803=CARTESIAN_POINT('',(10.5,15.5,12.7));
#6804=VECTOR('',#7844,1000.0);
#6805=CARTESIAN_POINT('',(8.80000000000001,8.19999999999999,10.65));
#6806=CARTESIAN_POINT('',(8.80000000000001,8.19999999999999,12.7));
#6807=VECTOR('',#7845,1000.0);
#6808=CARTESIAN_POINT('',(8.80000000000001,15.5,10.65));
#6809=CARTESIAN_POINT('',(8.80000000000001,-6.07153216591882E-15,10.65));
#6810=VECTOR('',#7846,1000.0);
#6811=CARTESIAN_POINT('',(8.80000000000001,15.5,10.65));
#6812=VECTOR('',#7847,1000.0);
#6813=CARTESIAN_POINT('',(8.80000000000001,-6.07153216591882E-15,7.62));
#6814=VECTOR('',#7848,1000.0);
#6815=CARTESIAN_POINT('',(10.5,15.5,10.65));
#6816=CARTESIAN_POINT('',(10.5,15.5,14.190747728811));
#6817=VECTOR('',#7849,1000.0);
#6818=CARTESIAN_POINT('',(10.5,8.19999999999999,10.65));
#6819=CARTESIAN_POINT('',(10.5,-6.07153216591882E-15,10.65));
#6820=VECTOR('',#7850,1000.0);
#6821=CARTESIAN_POINT('',(10.5,8.19999999999999,12.7));
#6822=VECTOR('',#7851,1000.0);
#6823=CARTESIAN_POINT('',(5.35000000000001,8.19999999999999,10.65));
#6824=VECTOR('',#7852,1000.0);
#6825=CARTESIAN_POINT('',(8.80000000000001,15.5,10.65));
#6826=VECTOR('',#7853,1000.0);
#6827=CARTESIAN_POINT('',(11.35,15.5,7.62));
#6828=CARTESIAN_POINT('',(11.35,15.5,12.7));
#6829=VECTOR('',#7854,1000.0);
#6830=CARTESIAN_POINT('',(5.35000000000001,15.5,7.62));
#6831=VECTOR('',#7855,1000.0);
#6832=CARTESIAN_POINT('',(11.35,-6.07153216591882E-15,7.62));
#6833=VECTOR('',#7856,1000.0);
#6834=CARTESIAN_POINT('',(5.34999999999999,18.0,14.7));
#6835=CARTESIAN_POINT('',(5.34999999999999,15.1,14.7));
#6836=CARTESIAN_POINT('',(5.34999999999999,16.55,14.7));
#6837=VECTOR('',#7857,1.0);
#6838=CARTESIAN_POINT('',(7.34999999999999,18.0,12.7));
#6839=AXIS2_PLACEMENT_3D('',#7858,#7859,#7860);
#6840=CARTESIAN_POINT('',(7.34999999999999,16.0,12.7));
#6841=CARTESIAN_POINT('',(7.34999999999999,18.07,12.7));
#6842=VECTOR('',#7861,1000.0);
#6843=CARTESIAN_POINT('',(5.74999999999999,16.0,14.6595917942265));
#6844=AXIS2_PLACEMENT_3D('',#7862,#7863,#7864);
#6845=CARTESIAN_POINT('',(5.74999999999999,15.1,14.6595917942265));
#6846=CARTESIAN_POINT('',(5.74999999999999,18.07,14.6595917942265));
#6847=VECTOR('',#7865,1000.0);
#6848=AXIS2_PLACEMENT_3D('',#7866,#7867,#7868);
#6849=CARTESIAN_POINT('',(1.44641016151399,12.0,15.24));
#6850=CARTESIAN_POINT('',(1.95358983848599,12.0,15.24));
#6851=CARTESIAN_POINT('',(1.44641016151399,12.0,15.24));
#6852=VECTOR('',#7869,1000.0);
#6853=CARTESIAN_POINT('',(1.95358983848634,-5.45043915592018E-15,15.24));
#6854=CARTESIAN_POINT('',(1.95358983848599,12.0,15.24));
#6855=VECTOR('',#7870,1000.0);
#6856=CARTESIAN_POINT('',(11.35,-5.45043915592018E-15,15.24));
#6857=CARTESIAN_POINT('',(1.95358983848599,-5.45043915592018E-15,15.24));
#6858=VECTOR('',#7871,1000.0);
#6859=CARTESIAN_POINT('',(11.35,15.5,15.24));
#6860=CARTESIAN_POINT('',(11.35,-5.45043915592018E-15,15.24));
#6861=VECTOR('',#7872,1000.0);
#6862=CARTESIAN_POINT('',(8.79999999999999,15.5,15.24));
#6863=CARTESIAN_POINT('',(11.35,15.5,15.24));
#6864=VECTOR('',#7873,1000.0);
#6865=CARTESIAN_POINT('',(8.79999999999999,18.0,15.24));
#6866=CARTESIAN_POINT('',(8.79999999999999,15.5,15.24));
#6867=VECTOR('',#7874,1000.0);
#6868=CARTESIAN_POINT('',(2.89999999999999,18.0,15.24));
#6869=CARTESIAN_POINT('',(8.79999999999999,18.0,15.24));
#6870=VECTOR('',#7875,1000.0);
#6871=CARTESIAN_POINT('',(2.89999999999999,16.5,15.24));
#6872=CARTESIAN_POINT('',(2.89999999999999,18.0,15.24));
#6873=VECTOR('',#7876,1000.0);
#6874=CARTESIAN_POINT('',(0.499999999999993,12.0,15.24));
#6875=CARTESIAN_POINT('',(2.89999999999999,16.5,15.24));
#6876=VECTOR('',#7877,1000.0);
#6877=CARTESIAN_POINT('',(-6.72205346941013E-15,12.0,15.24));
#6878=CARTESIAN_POINT('',(0.499999999999993,12.0,15.24));
#6879=VECTOR('',#7878,1000.0);
#6880=CARTESIAN_POINT('',(-6.72205346941013E-15,-5.45043915592018E-15,15.24));
#6881=CARTESIAN_POINT('',(-6.72205346941013E-15,12.0,15.24));
#6882=VECTOR('',#7879,1000.0);
#6883=CARTESIAN_POINT('',(1.44641016151371,-5.45043915592018E-15,15.2400000000002));
#6884=CARTESIAN_POINT('',(-6.72205346941013E-15,-5.45043915592018E-15,15.24));
#6885=VECTOR('',#7880,1000.0);
#6886=CARTESIAN_POINT('',(1.44641016151399,-5.45043915592018E-15,15.24));
#6887=VECTOR('',#7881,1000.0);
#6888=CARTESIAN_POINT('',(1.09999999999999,12.0,14.64));
#6889=CARTESIAN_POINT('',(1.44641016151399,12.0,15.24));
#6890=VECTOR('',#7882,1000.0);
#6891=CARTESIAN_POINT('',(2.29999999999999,12.0,14.64));
#6892=CARTESIAN_POINT('',(1.09999999999999,12.0,14.64));
#6893=VECTOR('',#7883,1000.0);
#6894=CARTESIAN_POINT('',(2.29999999999999,12.0,14.64));
#6895=VECTOR('',#7884,1000.0);
#6896=CARTESIAN_POINT('',(2.69999999999999,3.49999999999999,12.7));
#6897=CARTESIAN_POINT('',(-6.72205346941013E-15,3.49999999999999,12.7));
#6898=CARTESIAN_POINT('',(5.34999999999999,3.49999999999999,12.7));
#6899=VECTOR('',#7885,1000.0);
#6900=CARTESIAN_POINT('',(-6.72205346941013E-15,3.49999999999999,14.6696152422708));
#6901=CARTESIAN_POINT('',(-6.72205346941013E-15,3.49999999999999,14.669615242271));
#6902=VECTOR('',#7886,1000.0);
#6903=CARTESIAN_POINT('',(0.900000000000123,3.49999999999999,14.1500000000002));
#6904=CARTESIAN_POINT('',(-6.72205346941013E-15,3.49999999999999,14.669615242271));
#6905=VECTOR('',#7887,1000.0);
#6906=CARTESIAN_POINT('',(2.69999999999999,3.49999999999999,14.15));
#6907=CARTESIAN_POINT('',(5.34999999999999,3.49999999999999,14.15));
#6908=VECTOR('',#7888,1000.0);
#6909=CARTESIAN_POINT('',(2.69999999999999,3.49999999999999,12.7));
#6910=VECTOR('',#7889,1000.0);
#6911=CARTESIAN_POINT('',(2.74999999999999,7.99999999999999,13.6));
#6912=CARTESIAN_POINT('',(2.24999999999999,7.99999999999999,13.6));
#6913=CARTESIAN_POINT('',(5.34999999999999,7.99999999999999,13.6));
#6914=VECTOR('',#7890,1000.0);
#6915=CARTESIAN_POINT('',(2.74999999999999,7.99999999999999,14.15));
#6916=CARTESIAN_POINT('',(2.74999999999999,7.99999999999999,12.7));
#6917=VECTOR('',#7891,1000.0);
#6918=CARTESIAN_POINT('',(2.24999999999999,7.99999999999999,14.15));
#6919=CARTESIAN_POINT('',(2.49999999999999,7.99999999999999,14.15));
#6920=VECTOR('',#7892,1000.0);
#6921=CARTESIAN_POINT('',(2.24999999999999,7.99999999999999,12.7));
#6922=VECTOR('',#7893,1000.0);
#6923=CARTESIAN_POINT('',(2.74999999999999,3.49999999999999,14.0));
#6924=CARTESIAN_POINT('',(7.74999999999999,3.49999999999999,14.0));
#6925=CARTESIAN_POINT('',(5.34999999999999,3.49999999999999,14.0));
#6926=VECTOR('',#7894,1000.0);
#6927=CARTESIAN_POINT('',(7.74999999999999,3.49999999999999,12.7));
#6928=CARTESIAN_POINT('',(7.74999999999999,3.49999999999999,12.7));
#6929=VECTOR('',#7895,1000.0);
#6930=CARTESIAN_POINT('',(2.74999999999999,3.49999999999999,12.7));
#6931=CARTESIAN_POINT('',(5.34999999999999,3.49999999999999,12.7));
#6932=VECTOR('',#7896,1000.0);
#6933=CARTESIAN_POINT('',(2.74999999999999,3.49999999999999,12.7));
#6934=VECTOR('',#7897,1000.0);
#6935=CARTESIAN_POINT('',(10.5,8.19999999999999,14.75));
#6936=CARTESIAN_POINT('',(8.79999999999999,8.19999999999999,14.75));
#6937=CARTESIAN_POINT('',(5.34999999999999,8.19999999999999,14.75));
#6938=VECTOR('',#7898,1000.0);
#6939=CARTESIAN_POINT('',(8.79999999999999,15.5,14.75));
#6940=CARTESIAN_POINT('',(8.79999999999999,15.5,14.75));
#6941=VECTOR('',#7899,1000.0);
#6942=CARTESIAN_POINT('',(10.5,15.5,14.75));
#6943=CARTESIAN_POINT('',(10.5,15.5,14.75));
#6944=VECTOR('',#7900,1000.0);
#6945=CARTESIAN_POINT('',(10.5,-5.45043915592018E-15,14.75));
#6946=VECTOR('',#7901,1000.0);
#6947=CARTESIAN_POINT('',(2.74999999999999,3.39999999999999,14.15));
#6948=CARTESIAN_POINT('',(2.74999999999999,-5.45043915592018E-15,14.15));
#6949=VECTOR('',#7902,1000.0);
#6950=CARTESIAN_POINT('',(2.69999999999999,3.39999999999999,14.15));
#6951=CARTESIAN_POINT('',(2.69999999999999,3.39999999999999,14.15));
#6952=VECTOR('',#7903,1000.0);
#6953=CARTESIAN_POINT('',(2.69999999999999,3.49999999999999,14.15));
#6954=VECTOR('',#7904,1000.0);
#6955=CARTESIAN_POINT('',(0.900000000000502,8.8,14.15));
#6956=CARTESIAN_POINT('',(0.899999999999993,8.8,14.15));
#6957=VECTOR('',#7905,1000.0);
#6958=CARTESIAN_POINT('',(2.04999999999999,8.8,14.15));
#6959=CARTESIAN_POINT('',(2.19999999999999,8.8,14.15));
#6960=VECTOR('',#7906,1000.0);
#6961=CARTESIAN_POINT('',(2.04999999999999,8.19999999999999,14.15));
#6962=CARTESIAN_POINT('',(2.04999999999999,8.4,14.15));
#6963=VECTOR('',#7907,1000.0);
#6964=AXIS2_PLACEMENT_3D('',#7908,#7909,#7910);
#6965=CARTESIAN_POINT('',(1.10000000000027,-5.45043915592018E-15,14.6399999999998));
#6966=CARTESIAN_POINT('',(1.09999999999999,-5.45043915592018E-15,14.64));
#6967=VECTOR('',#7911,1000.0);
#6968=CARTESIAN_POINT('',(1.09999999999999,12.0,14.64));
#6969=VECTOR('',#7912,1000.0);
#6970=CARTESIAN_POINT('',(8.79999999999999,18.0,12.7));
#6971=CARTESIAN_POINT('',(5.34999999999999,18.0,12.7));
#6972=VECTOR('',#7913,1000.0);
#6973=CARTESIAN_POINT('',(8.79999999999999,8.19999999999999,12.7));
#6974=CARTESIAN_POINT('',(8.79999999999999,-5.45043915592018E-15,12.7));
#6975=VECTOR('',#7914,1000.0);
#6976=CARTESIAN_POINT('',(10.5,8.19999999999999,12.7));
#6977=CARTESIAN_POINT('',(5.34999999999999,8.19999999999999,12.7));
#6978=VECTOR('',#7915,1000.0);
#6979=CARTESIAN_POINT('',(10.5,15.5,12.7));
#6980=CARTESIAN_POINT('',(10.5,-5.45043915592018E-15,12.7));
#6981=VECTOR('',#7916,1000.0);
#6982=CARTESIAN_POINT('',(11.35,15.5,12.7));
#6983=CARTESIAN_POINT('',(5.34999999999999,15.5,12.7));
#6984=VECTOR('',#7917,1000.0);
#6985=CARTESIAN_POINT('',(11.35,-5.45043915592018E-15,12.7));
#6986=CARTESIAN_POINT('',(11.35,-5.45043915592018E-15,12.7));
#6987=VECTOR('',#7918,1000.0);
#6988=CARTESIAN_POINT('',(5.94999999999999,-5.45043915592018E-15,12.7));
#6989=CARTESIAN_POINT('',(5.34999999999999,-5.45043915592018E-15,12.7));
#6990=VECTOR('',#7919,1000.0);
#6991=CARTESIAN_POINT('',(5.94999999999999,-4.00000000000001,12.7));
#6992=CARTESIAN_POINT('',(5.94999999999999,-5.45043915592018E-15,12.7));
#6993=VECTOR('',#7920,1000.0);
#6994=CARTESIAN_POINT('',(5.04999999999999,-4.00000000000001,12.7));
#6995=CARTESIAN_POINT('',(5.34999999999999,-4.00000000000001,12.7));
#6996=VECTOR('',#7921,1000.0);
#6997=CARTESIAN_POINT('',(5.04999999999999,-5.45043915592018E-15,12.7));
#6998=CARTESIAN_POINT('',(5.04999999999999,-5.45043915592018E-15,12.7));
#6999=VECTOR('',#7922,1000.0);
#7000=CARTESIAN_POINT('',(-6.72205346941013E-15,-5.45043915592018E-15,12.7));
#7001=CARTESIAN_POINT('',(5.34999999999999,-5.45043915592018E-15,12.7));
#7002=VECTOR('',#7923,1000.0);
#7003=CARTESIAN_POINT('',(-6.72205346941013E-15,-5.45043915592018E-15,12.7));
#7004=VECTOR('',#7924,1000.0);
#7005=CARTESIAN_POINT('',(2.69999999999999,3.39999999999999,12.7));
#7006=CARTESIAN_POINT('',(2.69999999999999,-5.45043915592018E-15,12.7));
#7007=VECTOR('',#7925,1000.0);
#7008=CARTESIAN_POINT('',(2.74999999999999,3.39999999999999,12.7));
#7009=CARTESIAN_POINT('',(5.34999999999999,3.39999999999999,12.7));
#7010=VECTOR('',#7926,1000.0);
#7011=CARTESIAN_POINT('',(2.74999999999999,-5.45043915592018E-15,12.7));
#7012=VECTOR('',#7927,1000.0);
#7013=CARTESIAN_POINT('',(7.74999999999999,7.09999999999999,12.7));
#7014=CARTESIAN_POINT('',(7.74999999999999,-5.45043915592018E-15,12.7));
#7015=VECTOR('',#7928,1000.0);
#7016=CARTESIAN_POINT('',(2.24999999999999,7.09999999999999,12.7));
#7017=CARTESIAN_POINT('',(5.34999999999999,7.09999999999999,12.7));
#7018=VECTOR('',#7929,1000.0);
#7019=CARTESIAN_POINT('',(1.14999999999999,8.19999999999999,12.7));
#7020=AXIS2_PLACEMENT_3D('',#7930,#7931,#7932);
#7021=CARTESIAN_POINT('',(1.14999999999999,8.8,12.7));
#7022=CARTESIAN_POINT('',(1.14999999999999,-5.45043915592018E-15,12.7));
#7023=VECTOR('',#7933,1000.0);
#7024=CARTESIAN_POINT('',(-6.72205346941013E-15,8.8,12.7));
#7025=CARTESIAN_POINT('',(5.34999999999999,8.8,12.7));
#7026=VECTOR('',#7934,1000.0);
#7027=CARTESIAN_POINT('',(-6.72205346941013E-15,12.0,12.7));
#7028=CARTESIAN_POINT('',(-6.72205346941013E-15,-5.45043915592018E-15,12.7));
#7029=VECTOR('',#7935,1000.0);
#7030=CARTESIAN_POINT('',(0.499999999999993,12.0,12.7));
#7031=CARTESIAN_POINT('',(5.34999999999999,12.0,12.7));
#7032=VECTOR('',#7936,1000.0);
#7033=CARTESIAN_POINT('',(2.89999999999999,16.5,12.7));
#7034=CARTESIAN_POINT('',(-5.90000000000001,-5.45043915592018E-15,12.7));
#7035=VECTOR('',#7937,1000.0);
#7036=CARTESIAN_POINT('',(2.89999999999999,18.0,12.7));
#7037=CARTESIAN_POINT('',(2.89999999999999,-5.45043915592018E-15,12.7));
#7038=VECTOR('',#7938,1000.0);
#7039=CARTESIAN_POINT('',(3.34999999999999,18.0,12.7));
#7040=CARTESIAN_POINT('',(5.34999999999999,18.0,12.7));
#7041=VECTOR('',#7939,1000.0);
#7042=CARTESIAN_POINT('',(3.34999999999999,16.0,12.7));
#7043=CARTESIAN_POINT('',(3.34999999999999,18.07,12.7));
#7044=VECTOR('',#7940,1000.0);
#7045=CARTESIAN_POINT('',(4.94999999999999,16.0,12.7));
#7046=CARTESIAN_POINT('',(5.34999999999999,16.0,12.7));
#7047=VECTOR('',#7941,1000.0);
#7048=CARTESIAN_POINT('',(4.94999999999999,15.1,12.7));
#7049=CARTESIAN_POINT('',(4.94999999999999,-5.45043915592018E-15,12.7));
#7050=VECTOR('',#7942,1000.0);
#7051=CARTESIAN_POINT('',(5.74999999999999,15.1,12.7));
#7052=CARTESIAN_POINT('',(5.34999999999999,15.1,12.7));
#7053=VECTOR('',#7943,1000.0);
#7054=CARTESIAN_POINT('',(5.74999999999999,16.0,12.7));
#7055=CARTESIAN_POINT('',(5.74999999999999,-5.45043915592018E-15,12.7));
#7056=VECTOR('',#7944,1000.0);
#7057=CARTESIAN_POINT('',(5.34999999999999,16.0,12.7));
#7058=VECTOR('',#7945,1000.0);
#7059=CARTESIAN_POINT('',(1.14999999999999,8.8,13.6));
#7060=CARTESIAN_POINT('',(1.14999999999999,8.8,12.7));
#7061=VECTOR('',#7946,1000.0);
#7062=CARTESIAN_POINT('',(2.04999999999999,8.8,13.6));
#7063=CARTESIAN_POINT('',(5.34999999999999,8.8,13.6));
#7064=VECTOR('',#7947,1000.0);
#7065=CARTESIAN_POINT('',(2.04999999999999,8.8,13.85));
#7066=VECTOR('',#7948,1000.0);
#7067=CARTESIAN_POINT('',(-6.72205346941013E-15,8.8,14.6696152422708));
#7068=CARTESIAN_POINT('',(5.34999999999999,8.8,11.5807913021071));
#7069=VECTOR('',#7949,1000.0);
#7070=CARTESIAN_POINT('',(-6.72205346941013E-15,8.8,14.669615242271));
#7071=VECTOR('',#7950,1000.0);
#7072=CARTESIAN_POINT('',(2.24999999999999,7.09999999999999,13.6));
#7073=CARTESIAN_POINT('',(2.24999999999999,7.09999999999999,14.7));
#7074=VECTOR('',#7951,1000.0);
#7075=CARTESIAN_POINT('',(1.14999999999999,8.19999999999999,13.6));
#7076=AXIS2_PLACEMENT_3D('',#7952,#7953,#7954);
#7077=CARTESIAN_POINT('',(1.14999999999999,8.19999999999999,14.7));
#7078=VECTOR('',#7955,1000.0);
#7079=CARTESIAN_POINT('',(2.69999999999999,3.39999999999999,11.25));
#7080=VECTOR('',#7956,1000.0);
#7081=CARTESIAN_POINT('',(0.499999999999993,12.0,15.24));
#7082=VECTOR('',#7957,1000.0);
#7083=CARTESIAN_POINT('',(2.89999999999999,16.5,15.24));
#7084=VECTOR('',#7958,1000.0);
#7085=CARTESIAN_POINT('',(2.89999999999999,18.0,15.24));
#7086=VECTOR('',#7959,1000.0);
#7087=CARTESIAN_POINT('',(8.79999999999999,18.0,5.08));
#7088=VECTOR('',#7960,1000.0);
#7089=CARTESIAN_POINT('',(8.79999999999999,15.5,15.24));
#7090=VECTOR('',#7961,1000.0);
#7091=CARTESIAN_POINT('',(8.79999999999999,8.19999999999999,12.7));
#7092=VECTOR('',#7962,1000.0);
#7093=CARTESIAN_POINT('',(2.04999999999999,8.19999999999999,13.6));
#7094=CARTESIAN_POINT('',(2.04999999999999,-5.45043915592018E-15,13.6));
#7095=VECTOR('',#7963,1000.0);
#7096=CARTESIAN_POINT('',(1.14999999999999,-0.6929466958184,13.6));
#7097=VECTOR('',#7964,1000.0);
#7098=CARTESIAN_POINT('',(2.74999999999999,7.09999999999999,13.6));
#7099=CARTESIAN_POINT('',(5.54999999999999,7.09999999999999,13.6));
#7100=VECTOR('',#7965,1000.0);
#7101=CARTESIAN_POINT('',(2.74999999999999,-1.89772547711968E-15,13.6));
#7102=VECTOR('',#7966,1000.0);
#7103=AXIS2_PLACEMENT_3D('',#7967,#7968,#7969);
#7104=CARTESIAN_POINT('',(5.74999999999999,16.0,12.7));
#7105=VECTOR('',#7970,1000.0);
#7106=CARTESIAN_POINT('',(-6.72205346941013E-15,12.0,15.24));
#7107=VECTOR('',#7971,1000.0);
#7108=CARTESIAN_POINT('',(5.94999999999999,-5.45043915592018E-15,13.15));
#7109=CARTESIAN_POINT('',(5.94999999999999,-5.45043915592018E-15,12.7));
#7110=VECTOR('',#7972,1000.0);
#7111=CARTESIAN_POINT('',(5.94999999999999,-3.20000000000001,13.15));
#7112=CARTESIAN_POINT('',(5.94999999999999,-1.89772547711968E-15,13.15));
#7113=VECTOR('',#7973,1000.0);
#7114=CARTESIAN_POINT('',(5.94999999999999,-4.00000000000001,12.9356406460551));
#7115=CARTESIAN_POINT('',(5.94999999999999,1.39263798090672,14.3805936381124));
#7116=VECTOR('',#7974,1000.0);
#7117=CARTESIAN_POINT('',(5.94999999999999,-4.00000000000001,14.7));
#7118=VECTOR('',#7975,1000.0);
#7119=CARTESIAN_POINT('',(2.74999999999999,3.39999999999999,12.7));
#7120=VECTOR('',#7976,1000.0);
#7121=CARTESIAN_POINT('',(2.04999999999999,8.19999999999999,12.7));
#7122=VECTOR('',#7977,1000.0);
#7123=CARTESIAN_POINT('',(2.29999999999971,-5.45043915592018E-15,14.64));
#7124=CARTESIAN_POINT('',(2.29999999999999,12.0,14.64));
#7125=VECTOR('',#7978,1000.0);
#7126=CARTESIAN_POINT('',(1.95358983848599,-5.45043915592018E-15,15.24));
#7127=VECTOR('',#7979,1000.0);
#7128=CARTESIAN_POINT('',(7.74999999999999,7.09999999999999,14.0));
#7129=CARTESIAN_POINT('',(7.74999999999999,7.09999999999999,12.7));
#7130=VECTOR('',#7980,1000.0);
#7131=CARTESIAN_POINT('',(2.74999999999999,7.09999999999999,14.0));
#7132=CARTESIAN_POINT('',(5.24999999999999,7.09999999999999,14.0));
#7133=VECTOR('',#7981,1000.0);
#7134=CARTESIAN_POINT('',(2.74999999999999,7.09999999999999,12.7));
#7135=VECTOR('',#7982,1000.0);
#7136=CARTESIAN_POINT('',(7.74999999999999,-5.45043915592018E-15,14.0));
#7137=VECTOR('',#7983,1000.0);
#7138=CARTESIAN_POINT('',(10.5,15.5,14.190747728811));
#7139=VECTOR('',#7984,1000.0);
#7140=CARTESIAN_POINT('',(10.5,8.19999999999999,12.7));
#7141=VECTOR('',#7985,1000.0);
#7142=CARTESIAN_POINT('',(5.04999999999999,-5.45043915592018E-15,13.15));
#7143=CARTESIAN_POINT('',(5.34999999999999,-5.45043915592018E-15,13.15));
#7144=VECTOR('',#7986,1000.0);
#7145=CARTESIAN_POINT('',(5.04999999999999,-3.20000000000001,13.15));
#7146=CARTESIAN_POINT('',(5.04999999999999,0.3070533041816,13.15));
#7147=VECTOR('',#7987,1000.0);
#7148=CARTESIAN_POINT('',(-2.4593380629817,-3.20000000000001,13.15));
#7149=VECTOR('',#7988,1000.0);
#7150=CARTESIAN_POINT('',(4.94999999999999,16.0,14.6595917942265));
#7151=CARTESIAN_POINT('',(4.94999999999999,16.0,12.7));
#7152=VECTOR('',#7989,1000.0);
#7153=CARTESIAN_POINT('',(4.94999999999999,15.1,14.6595917942265));
#7154=CARTESIAN_POINT('',(4.94999999999999,18.07,14.6595917942265));
#7155=VECTOR('',#7990,1000.0);
#7156=CARTESIAN_POINT('',(4.94999999999999,15.1,12.7));
#7157=VECTOR('',#7991,1000.0);
#7158=CARTESIAN_POINT('',(2.74999999999999,-1.00000000000001,14.0));
#7159=VECTOR('',#7992,1000.0);
#7160=CARTESIAN_POINT('',(-6.72205346941013E-15,-5.45043915592018E-15,15.24));
#7161=VECTOR('',#7993,1000.0);
#7162=CARTESIAN_POINT('',(5.04999999999999,-5.45043915592018E-15,12.7));
#7163=VECTOR('',#7994,1000.0);
#7164=CARTESIAN_POINT('',(11.35,-5.45043915592018E-15,5.08));
#7165=VECTOR('',#7995,1000.0);
#7166=CARTESIAN_POINT('',(2.29999999999999,-5.45043915592018E-15,14.64));
#7167=VECTOR('',#7996,1000.0);
#7168=AXIS2_PLACEMENT_3D('',#7997,#7998,#7999);
#7169=AXIS2_PLACEMENT_3D('',#8000,#8001,#8002);
#7170=CARTESIAN_POINT('',(5.74999999999999,15.1,12.7));
#7171=VECTOR('',#8003,1000.0);
#7172=CARTESIAN_POINT('',(11.35,15.5,12.7));
#7173=VECTOR('',#8004,1000.0);
#7174=CARTESIAN_POINT('',(5.04999999999999,-4.00000000000001,12.9356406460551));
#7175=CARTESIAN_POINT('',(-2.45933806298171,-4.00000000000001,12.9356406460551));
#7176=VECTOR('',#8005,1000.0);
#7177=CARTESIAN_POINT('',(5.04999999999999,-4.00000000000001,14.7));
#7178=VECTOR('',#8006,1000.0);
#7179=AXIS2_PLACEMENT_3D('',#8007,#8008,#8009);
#7180=CARTESIAN_POINT('',(-6.72205346941013E-15,8.8,14.669615242271));
#7181=VECTOR('',#8010,1000.0);
#7182=CARTESIAN_POINT('',(5.04999999999999,1.39263798090672,14.3805936381124));
#7183=VECTOR('',#8011,1000.0);
#7184=DIRECTION('',(-0.0,1.0,0.0));
#7185=CARTESIAN_POINT('',(5.35,15.1,2.54));
#7186=DIRECTION('',(0.0,-1.0,0.0));
#7187=DIRECTION('',(0.0,0.0,-1.0));
#7188=DIRECTION('',(0.0,1.0,0.0));
#7189=CARTESIAN_POINT('',(5.35,16.0,2.54));
#7190=DIRECTION('',(0.0,-1.0,0.0));
#7191=DIRECTION('',(0.0,0.0,-1.0));
#7192=DIRECTION('',(0.0,1.0,0.0));
#7193=CARTESIAN_POINT('',(5.35,18.0,2.54));
#7194=DIRECTION('',(0.0,-1.0,0.0));
#7195=DIRECTION('',(0.0,0.0,1.0));
#7196=DIRECTION('',(0.0,-1.0,0.0));
#7197=DIRECTION('',(0.0,0.0,1.0));
#7198=DIRECTION('',(0.0,-1.0,1.0E-16));
#7199=DIRECTION('',(0.0,-1.0E-16,-1.0));
#7200=DIRECTION('',(0.0,0.0,-1.0));
#7201=DIRECTION('',(-1.0,0.0,0.0));
#7202=DIRECTION('',(0.0,0.0,1.0));
#7203=DIRECTION('',(-1.0,0.0,0.0));
#7204=DIRECTION('',(0.0,0.0,-1.0));
#7205=DIRECTION('',(-1.0,0.0,0.0));
#7206=DIRECTION('',(0.0,0.0,1.0));
#7207=DIRECTION('',(1.0,0.0,0.0));
#7208=DIRECTION('',(1.0,0.0,0.0));
#7209=DIRECTION('',(2.0E-16,-1.0,0.0));
#7210=DIRECTION('',(1.0,0.0,0.0));
#7211=DIRECTION('',(0.0,1.0,0.0));
#7212=DIRECTION('',(0.0,-1.0,0.0));
#7213=DIRECTION('',(0.0,1.0E-16,1.0));
#7214=DIRECTION('',(0.0,0.0,-1.0));
#7215=DIRECTION('',(0.0,0.0,1.0));
#7216=DIRECTION('',(-1.0,0.0,0.0));
#7217=DIRECTION('',(0.0,-1.0,0.0));
#7218=DIRECTION('',(2.46519032881566E-32,-1.0E-16,-1.0));
#7219=DIRECTION('',(2.0E-16,-1.0,1.0E-16));
#7220=DIRECTION('',(2.0E-16,-1.0,0.0));
#7221=DIRECTION('',(1.0,0.0,0.0));
#7222=DIRECTION('',(0.0,-1.0E-16,-1.0));
#7223=DIRECTION('',(-1.0,0.0,0.0));
#7224=CARTESIAN_POINT('',(2.25,8.2,1.64));
#7225=DIRECTION('',(0.0,1.0E-16,1.0));
#7226=DIRECTION('',(0.0,1.0,-1.0E-16));
#7227=CARTESIAN_POINT('',(2.25,8.2,2.54));
#7228=DIRECTION('',(0.0,-1.0E-16,-1.0));
#7229=DIRECTION('',(0.0,-1.0,1.0E-16));
#7230=DIRECTION('',(1.0,0.0,0.0));
#7231=DIRECTION('',(0.0,1.0,-1.0E-16));
#7232=CARTESIAN_POINT('',(2.25,8.2,1.64));
#7233=DIRECTION('',(0.0,0.0,1.0));
#7234=DIRECTION('',(1.0,0.0,0.0));
#7235=DIRECTION('',(0.0,0.0,-1.0));
#7236=DIRECTION('',(0.0,1.0,0.0));
#7237=DIRECTION('',(0.0,0.0,1.0));
#7238=CARTESIAN_POINT('',(2.25,8.2,1.09));
#7239=DIRECTION('',(0.0,0.0,1.0));
#7240=DIRECTION('',(1.0,0.0,0.0));
#7241=DIRECTION('',(-1.0,0.0,0.0));
#7242=DIRECTION('',(0.0,-1.0,0.0));
#7243=DIRECTION('',(1.0,0.0,0.0));
#7244=DIRECTION('',(0.0,-1.0,0.0));
#7245=DIRECTION('',(1.0,0.0,0.0));
#7246=DIRECTION('',(-0.500000000000243,0.0,0.866025403784298));
#7247=DIRECTION('',(-1.0,0.0,0.0));
#7248=DIRECTION('',(0.500000000000243,0.0,0.866025403784298));
#7249=DIRECTION('',(1.0,0.0,0.0));
#7250=DIRECTION('',(0.0,-1.0,0.0));
#7251=DIRECTION('',(0.0,1.0,0.0));
#7252=DIRECTION('',(0.0,-1.0,0.0));
#7253=DIRECTION('',(-0.500000000000243,0.0,0.866025403784298));
#7254=DIRECTION('',(0.0,1.0,0.0));
#7255=DIRECTION('',(-0.500000000000243,0.0,-0.866025403784298));
#7256=DIRECTION('',(0.0,0.0,-1.0));
#7257=DIRECTION('',(1.0E-16,1.0,0.0));
#7258=DIRECTION('',(0.0,0.0,-1.0));
#7259=DIRECTION('',(-1.0,1.0E-16,0.0));
#7260=DIRECTION('',(-1.0,1.0E-16,0.0));
#7261=CARTESIAN_POINT('',(5.35,15.1,2.54));
#7262=DIRECTION('',(0.0,-1.0,0.0));
#7263=DIRECTION('',(0.0,0.0,-1.0));
#7264=DIRECTION('',(0.0,0.0,1.0));
#7265=DIRECTION('',(-1.0E-16,-1.0,0.0));
#7266=DIRECTION('',(0.0,1.0,0.0));
#7267=DIRECTION('',(0.0,0.0,1.0));
#7268=CARTESIAN_POINT('',(5.35,16.0,2.54));
#7269=DIRECTION('',(0.0,-1.0,0.0));
#7270=DIRECTION('',(0.0,0.0,-1.0));
#7271=DIRECTION('',(-1.0,1.0E-16,0.0));
#7272=CARTESIAN_POINT('',(5.35,18.0,2.54));
#7273=DIRECTION('',(0.0,-1.0,0.0));
#7274=DIRECTION('',(0.0,0.0,1.0));
#7275=DIRECTION('',(0.0,1.0,0.0));
#7276=DIRECTION('',(0.0,0.0,-1.0));
#7277=DIRECTION('',(-1.0,0.0,0.0));
#7278=DIRECTION('',(0.0,0.0,-1.0));
#7279=DIRECTION('',(-1.0,0.0,0.0));
#7280=DIRECTION('',(-0.470588235294118,-0.882352941176471,0.0));
#7281=DIRECTION('',(0.0,0.0,-1.0));
#7282=DIRECTION('',(-0.470588235294118,-0.882352941176471,0.0));
#7283=DIRECTION('',(0.0,-1.0,0.0));
#7284=DIRECTION('',(0.0,0.0,-1.0));
#7285=DIRECTION('',(0.0,-1.0,0.0));
#7286=DIRECTION('',(-1.0,0.0,0.0));
#7287=DIRECTION('',(-1.0,0.0,0.0));
#7288=DIRECTION('',(0.0,0.0,1.0));
#7289=DIRECTION('',(-1.0,0.0,0.0));
#7290=DIRECTION('',(0.0,0.0,-1.0));
#7291=DIRECTION('',(0.0,1.0,0.0));
#7292=DIRECTION('',(0.0,0.0,1.0));
#7293=DIRECTION('',(0.0,1.0,0.0));
#7294=DIRECTION('',(0.0,-1.0,1.0E-16));
#7295=DIRECTION('',(1.0,0.0,0.0));
#7296=DIRECTION('',(0.0,-1.0,1.0E-16));
#7297=DIRECTION('',(-1.0,0.0,0.0));
#7298=DIRECTION('',(0.0,0.965925826289068,-0.258819045102521));
#7299=DIRECTION('',(1.0,-2.0E-15,5.0E-16));
#7300=DIRECTION('',(0.0,-0.965925826289068,0.258819045102521));
#7301=DIRECTION('',(0.0,0.0,-1.0));
#7302=DIRECTION('',(0.0,-1.0E-16,-1.0));
#7303=DIRECTION('',(0.0,-1.0,0.0));
#7304=DIRECTION('',(0.0,-1.0E-16,-1.0));
#7305=DIRECTION('',(1.0,-2.0E-15,0.0));
#7306=DIRECTION('',(0.0,0.0,1.0));
#7307=DIRECTION('',(0.0,1.0,0.0));
#7308=DIRECTION('',(1.0,0.0,0.0));
#7309=DIRECTION('',(0.0,0.0,-1.0));
#7310=DIRECTION('',(1.0,0.0,0.0));
#7311=DIRECTION('',(1.0,0.0,0.0));
#7312=DIRECTION('',(1.0,0.0,0.0));
#7313=DIRECTION('',(-1.0,0.0,0.0));
#7314=DIRECTION('',(-1.0,0.0,0.0));
#7315=DIRECTION('',(0.0,0.0,-1.0));
#7316=DIRECTION('',(-1.0,0.0,0.0));
#7317=DIRECTION('',(0.0,0.0,-1.0));
#7318=DIRECTION('',(0.0,0.0,-1.0));
#7319=DIRECTION('',(0.0,-1.0,0.0));
#7320=DIRECTION('',(0.0,1.0,0.0));
#7321=DIRECTION('',(1.0,0.0,0.0));
#7322=DIRECTION('',(0.0,1.0,0.0));
#7323=DIRECTION('',(0.0,0.0,1.0));
#7324=DIRECTION('',(1.0,0.0,0.0));
#7325=DIRECTION('',(0.0,1.0,0.0));
#7326=DIRECTION('',(0.0,1.0,0.0));
#7327=DIRECTION('',(0.0,-1.0,0.0));
#7328=DIRECTION('',(0.0,-1.0,0.0));
#7329=DIRECTION('',(0.0,0.0,-1.0));
#7330=DIRECTION('',(0.0,-1.0,0.0));
#7331=DIRECTION('',(0.0,0.0,1.0));
#7332=DIRECTION('',(0.0,-1.0,0.0));
#7333=DIRECTION('',(-1.0,0.0,0.0));
#7334=DIRECTION('',(0.0,0.0,-1.0));
#7335=DIRECTION('',(0.866025403784298,0.0,0.500000000000243));
#7336=DIRECTION('',(-0.866025403784491,0.0,-0.499999999999909));
#7337=DIRECTION('',(0.0,1.0,0.0));
#7338=DIRECTION('',(-1.0,0.0,0.0));
#7339=DIRECTION('',(0.0,-1.0,0.0));
#7340=CARTESIAN_POINT('',(5.35,18.0,2.54));
#7341=DIRECTION('',(0.0,-1.0,0.0));
#7342=DIRECTION('',(0.0,0.0,1.0));
#7343=DIRECTION('',(0.0,1.0,0.0));
#7344=CARTESIAN_POINT('',(5.35,16.0,2.54));
#7345=DIRECTION('',(0.0,-1.0,0.0));
#7346=DIRECTION('',(0.0,0.0,-1.0));
#7347=DIRECTION('',(0.0,1.0,0.0));
#7348=CARTESIAN_POINT('',(5.35,15.1,2.54));
#7349=DIRECTION('',(0.0,-1.0,0.0));
#7350=DIRECTION('',(0.0,0.0,-1.0));
#7351=DIRECTION('',(0.0,1.0,-0.0));
#7352=CARTESIAN_POINT('',(5.35,15.1,7.62));
#7353=DIRECTION('',(0.0,1.0,0.0));
#7354=DIRECTION('',(0.0,0.0,1.0));
#7355=DIRECTION('',(0.0,-1.0,0.0));
#7356=CARTESIAN_POINT('',(5.35,16.0,7.62));
#7357=DIRECTION('',(0.0,1.0,0.0));
#7358=DIRECTION('',(0.0,0.0,1.0));
#7359=DIRECTION('',(0.0,-1.0,0.0));
#7360=CARTESIAN_POINT('',(5.35,18.0,7.62));
#7361=DIRECTION('',(0.0,-1.0,0.0));
#7362=DIRECTION('',(0.0,0.0,1.0));
#7363=DIRECTION('',(-1.0,0.0,0.0));
#7364=DIRECTION('',(0.0,0.0,1.0));
#7365=DIRECTION('',(-1.0,0.0,0.0));
#7366=DIRECTION('',(0.0,0.0,-1.0));
#7367=DIRECTION('',(0.0,-1.0,0.0));
#7368=DIRECTION('',(0.0,1.0E-16,1.0));
#7369=DIRECTION('',(0.0,-1.0,0.0));
#7370=CARTESIAN_POINT('',(2.25000000000001,8.2,2.54));
#7371=DIRECTION('',(0.0,-1.0E-16,-1.0));
#7372=DIRECTION('',(0.0,-1.0,1.0E-16));
#7373=DIRECTION('',(0.0,-1.0E-16,-1.0));
#7374=CARTESIAN_POINT('',(2.25000000000001,8.2,3.43999999999999));
#7375=DIRECTION('',(0.0,-1.0E-16,-1.0));
#7376=DIRECTION('',(0.0,-1.0,1.0E-16));
#7377=DIRECTION('',(0.0,-1.0E-16,-1.0));
#7378=DIRECTION('',(-1.0,0.0,0.0));
#7379=DIRECTION('',(0.0,0.0,-1.0));
#7380=DIRECTION('',(-0.866025403784298,0.0,0.500000000000244));
#7381=DIRECTION('',(-1.0,0.0,0.0));
#7382=DIRECTION('',(0.0,0.0,-1.0));
#7383=DIRECTION('',(1.0,0.0,0.0));
#7384=DIRECTION('',(1.0,-1.0E-16,0.0));
#7385=DIRECTION('',(-1.0E-16,-1.0,0.0));
#7386=DIRECTION('',(1.0,-1.0E-16,0.0));
#7387=DIRECTION('',(1.0E-16,1.0,0.0));
#7388=DIRECTION('',(1.0,-1.0E-16,0.0));
#7389=DIRECTION('',(0.0,-1.0,0.0));
#7390=DIRECTION('',(1.0,0.0,0.0));
#7391=DIRECTION('',(0.0,1.0,0.0));
#7392=DIRECTION('',(0.470588235294118,0.882352941176471,0.0));
#7393=DIRECTION('',(1.0,0.0,0.0));
#7394=DIRECTION('',(0.0,1.0,0.0));
#7395=DIRECTION('',(-1.0,0.0,0.0));
#7396=DIRECTION('',(0.0,1.0,0.0));
#7397=CARTESIAN_POINT('',(2.25000000000001,8.2,7.62));
#7398=DIRECTION('',(0.0,-1.0E-16,-1.0));
#7399=DIRECTION('',(0.0,-1.0,1.0E-16));
#7400=DIRECTION('',(-1.0,0.0,0.0));
#7401=DIRECTION('',(0.0,-1.0,0.0));
#7402=DIRECTION('',(-1.0,0.0,0.0));
#7403=DIRECTION('',(0.0,1.0,0.0));
#7404=DIRECTION('',(1.0,0.0,0.0));
#7405=DIRECTION('',(0.0,-1.0,0.0));
#7406=DIRECTION('',(-1.0,0.0,0.0));
#7407=DIRECTION('',(0.0,1.0,0.0));
#7408=DIRECTION('',(-1.0,0.0,0.0));
#7409=DIRECTION('',(0.0,1.0,0.0));
#7410=DIRECTION('',(-1.0,2.0E-15,0.0));
#7411=DIRECTION('',(0.0,-1.0,0.0));
#7412=DIRECTION('',(-1.0,0.0,0.0));
#7413=DIRECTION('',(0.0,-1.0,0.0));
#7414=DIRECTION('',(1.0,0.0,0.0));
#7415=DIRECTION('',(0.0,-1.0,0.0));
#7416=DIRECTION('',(1.0,0.0,0.0));
#7417=DIRECTION('',(0.0,-1.0,0.0));
#7418=DIRECTION('',(0.0,0.0,1.0));
#7419=CARTESIAN_POINT('',(5.35,16.0,7.62));
#7420=DIRECTION('',(0.0,1.0,0.0));
#7421=DIRECTION('',(0.0,0.0,1.0));
#7422=DIRECTION('',(0.0,1.0,0.0));
#7423=DIRECTION('',(0.0,-1.0,0.0));
#7424=DIRECTION('',(0.0,0.0,-1.0));
#7425=DIRECTION('',(0.0,-1.0,0.0));
#7426=DIRECTION('',(0.0,0.0,1.0));
#7427=DIRECTION('',(-2.0E-16,1.0,0.0));
#7428=DIRECTION('',(0.0,0.0,-1.0));
#7429=DIRECTION('',(-2.0E-16,1.0,-1.0E-16));
#7430=DIRECTION('',(2.46519032881566E-32,-1.0E-16,-1.0));
#7431=DIRECTION('',(-2.0E-16,1.0,0.0));
#7432=DIRECTION('',(-1.0,0.0,0.0));
#7433=DIRECTION('',(0.0,-1.0,1.0E-16));
#7434=DIRECTION('',(-1.0,0.0,0.0));
#7435=DIRECTION('',(0.0,1.0,-1.0E-16));
#7436=DIRECTION('',(1.0,0.0,0.0));
#7437=DIRECTION('',(1.0,0.0,0.0));
#7438=CARTESIAN_POINT('',(2.25000000000001,8.2,3.43999999999999));
#7439=DIRECTION('',(0.0,0.0,1.0));
#7440=DIRECTION('',(1.0,0.0,0.0));
#7441=DIRECTION('',(-1.0,0.0,0.0));
#7442=DIRECTION('',(0.0,0.0,1.0));
#7443=DIRECTION('',(0.0,0.0,-1.0));
#7444=DIRECTION('',(1.0,0.0,0.0));
#7445=DIRECTION('',(0.866025403784491,0.0,-0.499999999999909));
#7446=DIRECTION('',(0.0,0.0,1.0));
#7447=DIRECTION('',(0.0,0.0,1.0));
#7448=DIRECTION('',(0.0,-1.0,0.0));
#7449=DIRECTION('',(0.0,-1.0,0.0));
#7450=DIRECTION('',(1.0,0.0,0.0));
#7451=DIRECTION('',(1.0,0.0,0.0));
#7452=DIRECTION('',(0.0,0.0,1.0));
#7453=DIRECTION('',(-1.0,0.0,0.0));
#7454=DIRECTION('',(0.0,0.0,-1.0));
#7455=DIRECTION('',(0.0,0.0,-1.0));
#7456=DIRECTION('',(1.0,0.0,0.0));
#7457=DIRECTION('',(0.0,0.0,-1.0));
#7458=DIRECTION('',(1.0,0.0,0.0));
#7459=DIRECTION('',(0.0,0.0,1.0));
#7460=DIRECTION('',(1.0,0.0,0.0));
#7461=DIRECTION('',(0.0,0.0,1.0));
#7462=DIRECTION('',(0.0,0.0,1.0));
#7463=DIRECTION('',(0.0,0.965925826289068,-0.258819045102521));
#7464=DIRECTION('',(0.0,-1.0,1.0E-16));
#7465=DIRECTION('',(0.0,-1.0E-16,-1.0));
#7466=DIRECTION('',(1.0,-2.0E-15,5.0E-16));
#7467=DIRECTION('',(0.0,-1.0E-16,-1.0));
#7468=DIRECTION('',(0.0,-1.0,1.0E-16));
#7469=DIRECTION('',(0.0,-0.965925826289068,0.258819045102521));
#7470=DIRECTION('',(1.0,0.0,0.0));
#7471=DIRECTION('',(0.0,1.0,0.0));
#7472=DIRECTION('',(0.0,1.0,-1.0E-16));
#7473=DIRECTION('',(0.0,-0.965925826289068,-0.258819045102521));
#7474=DIRECTION('',(0.0,-1.0E-16,-1.0));
#7475=DIRECTION('',(-1.0,0.0,0.0));
#7476=DIRECTION('',(0.0,0.965925826289068,0.258819045102521));
#7477=DIRECTION('',(-1.0,2.0E-15,5.0E-16));
#7478=DIRECTION('',(1.0,-2.0E-15,0.0));
#7479=DIRECTION('',(0.0,-1.0E-16,-1.0));
#7480=DIRECTION('',(0.0,-1.0,0.0));
#7481=DIRECTION('',(0.0,1.0,-1.0E-16));
#7482=CARTESIAN_POINT('',(5.35,18.0,7.62));
#7483=DIRECTION('',(0.0,-1.0,0.0));
#7484=DIRECTION('',(0.0,0.0,1.0));
#7485=DIRECTION('',(0.0,-1.0,0.0));
#7486=CARTESIAN_POINT('',(5.35,15.1,7.62));
#7487=DIRECTION('',(0.0,1.0,0.0));
#7488=DIRECTION('',(0.0,0.0,1.0));
#7489=DIRECTION('',(0.0,0.0,-1.0));
#7490=DIRECTION('',(0.0,0.0,-1.0));
#7491=DIRECTION('',(0.0,0.0,1.0));
#7492=DIRECTION('',(0.0,1.0,0.0));
#7493=DIRECTION('',(0.0,-1.0,0.0));
#7494=DIRECTION('',(-1.0,0.0,0.0));
#7495=DIRECTION('',(-1.0,0.0,0.0));
#7496=CARTESIAN_POINT('',(2.25000000000001,8.2,3.99));
#7497=DIRECTION('',(0.0,0.0,1.0));
#7498=DIRECTION('',(1.0,0.0,0.0));
#7499=CARTESIAN_POINT('',(2.25000000000001,8.2,6.72));
#7500=DIRECTION('',(0.0,0.0,1.0));
#7501=DIRECTION('',(1.0,0.0,0.0));
#7502=DIRECTION('',(0.0,0.0,1.0));
#7503=CARTESIAN_POINT('',(2.25000000000001,8.2,6.17));
#7504=DIRECTION('',(0.0,0.0,1.0));
#7505=DIRECTION('',(1.0,0.0,0.0));
#7506=DIRECTION('',(0.0,0.0,1.0));
#7507=DIRECTION('',(0.0,-1.0,0.0));
#7508=DIRECTION('',(1.0,0.0,0.0));
#7509=DIRECTION('',(0.0,-1.0,0.0));
#7510=DIRECTION('',(-1.0,0.0,0.0));
#7511=DIRECTION('',(0.0,-1.0,0.0));
#7512=DIRECTION('',(-1.0,0.0,0.0));
#7513=DIRECTION('',(-2.0E-16,1.0,0.0));
#7514=DIRECTION('',(1.0,0.0,0.0));
#7515=DIRECTION('',(0.0,0.0,1.0));
#7516=DIRECTION('',(1.0,0.0,0.0));
#7517=DIRECTION('',(0.0,0.0,1.0));
#7518=DIRECTION('',(-1.0,0.0,0.0));
#7519=DIRECTION('',(0.0,0.0,-1.0));
#7520=DIRECTION('',(0.0,-1.0,0.0));
#7521=DIRECTION('',(0.0,-1.0E-16,-1.0));
#7522=DIRECTION('',(1.0,0.0,0.0));
#7523=DIRECTION('',(2.0E-16,-1.0,0.0));
#7524=DIRECTION('',(0.0,0.0,1.0));
#7525=DIRECTION('',(0.0,0.0,1.0));
#7526=DIRECTION('',(2.46519032881566E-32,-1.0E-16,-1.0));
#7527=DIRECTION('',(2.0E-16,-1.0,1.0E-16));
#7528=DIRECTION('',(0.0,-1.0,1.0E-16));
#7529=DIRECTION('',(0.0,0.0,1.0));
#7530=DIRECTION('',(0.0,-1.0,1.0E-16));
#7531=DIRECTION('',(-1.0,0.0,0.0));
#7532=DIRECTION('',(-1.0,0.0,0.0));
#7533=CARTESIAN_POINT('',(2.25000000000001,8.2,6.72));
#7534=DIRECTION('',(0.0,1.0E-16,1.0));
#7535=DIRECTION('',(0.0,1.0,-1.0E-16));
#7536=DIRECTION('',(0.0,-1.0E-16,-1.0));
#7537=DIRECTION('',(0.0,-1.0E-16,-1.0));
#7538=DIRECTION('',(0.0,0.0,-1.0));
#7539=DIRECTION('',(0.0,0.0,1.0));
#7540=DIRECTION('',(0.866025403784491,0.0,0.499999999999909));
#7541=DIRECTION('',(0.0,1.0,0.0));
#7542=DIRECTION('',(-0.866025403784298,0.0,-0.500000000000244));
#7543=DIRECTION('',(0.0,0.0,-1.0));
#7544=DIRECTION('',(0.0,0.0,-1.0));
#7545=DIRECTION('',(0.0,0.0,-1.0));
#7546=DIRECTION('',(0.0,-1.0,0.0));
#7547=DIRECTION('',(0.0,-1.0,0.0));
#7548=DIRECTION('',(0.0,0.0,-1.0));
#7549=DIRECTION('',(-1.0,0.0,0.0));
#7550=DIRECTION('',(0.0,0.0,-1.0));
#7551=DIRECTION('',(-0.470588235294118,-0.882352941176471,0.0));
#7552=DIRECTION('',(0.0,0.0,-1.0));
#7553=DIRECTION('',(0.0,-1.0,0.0));
#7554=DIRECTION('',(-1.0,1.0E-16,0.0));
#7555=DIRECTION('',(0.0,0.0,-1.0));
#7556=DIRECTION('',(1.0E-16,1.0,0.0));
#7557=DIRECTION('',(0.0,0.0,-1.0));
#7558=DIRECTION('',(-1.0,1.0E-16,0.0));
#7559=DIRECTION('',(0.0,0.0,1.0));
#7560=CARTESIAN_POINT('',(5.35,15.1,2.54));
#7561=DIRECTION('',(0.0,-1.0,0.0));
#7562=DIRECTION('',(0.0,0.0,-1.0));
#7563=DIRECTION('',(0.0,1.0,0.0));
#7564=DIRECTION('',(-1.0E-16,-1.0,0.0));
#7565=DIRECTION('',(0.0,0.0,1.0));
#7566=DIRECTION('',(-1.0,1.0E-16,0.0));
#7567=CARTESIAN_POINT('',(5.35,16.0,2.54));
#7568=DIRECTION('',(0.0,-1.0,0.0));
#7569=DIRECTION('',(0.0,0.0,-1.0));
#7570=DIRECTION('',(0.0,1.0,0.0));
#7571=CARTESIAN_POINT('',(5.35,18.0,2.54));
#7572=DIRECTION('',(0.0,-1.0,0.0));
#7573=DIRECTION('',(0.0,0.0,1.0));
#7574=DIRECTION('',(-1.0,0.0,0.0));
#7575=DIRECTION('',(0.0,0.0,1.0));
#7576=DIRECTION('',(-1.0,0.0,0.0));
#7577=DIRECTION('',(1.0,0.0,0.0));
#7578=DIRECTION('',(0.0,-1.0,0.0));
#7579=DIRECTION('',(-1.0,0.0,0.0));
#7580=DIRECTION('',(0.0,1.0,0.0));
#7581=DIRECTION('',(1.0,0.0,0.0));
#7582=DIRECTION('',(0.0,0.0,1.0));
#7583=DIRECTION('',(0.0,0.0,-1.0));
#7584=DIRECTION('',(0.0,-1.0,0.0));
#7585=DIRECTION('',(0.0,0.0,-1.0));
#7586=DIRECTION('',(0.0,0.0,1.0));
#7587=DIRECTION('',(0.0,1.0,0.0));
#7588=DIRECTION('',(0.0,0.0,-1.0));
#7589=DIRECTION('',(0.0,1.0,0.0));
#7590=DIRECTION('',(0.0,0.0,1.0));
#7591=DIRECTION('',(0.0,1.0,0.0));
#7592=DIRECTION('',(0.0,0.0,-1.0));
#7593=DIRECTION('',(-1.0,0.0,0.0));
#7594=DIRECTION('',(1.0,0.0,0.0));
#7595=DIRECTION('',(0.0,0.0,-1.0));
#7596=DIRECTION('',(-1.0,0.0,0.0));
#7597=DIRECTION('',(0.0,1.0,0.0));
#7598=DIRECTION('',(0.0,-1.0,0.0));
#7599=CARTESIAN_POINT('',(5.35000000000001,18.0,7.62));
#7600=DIRECTION('',(0.0,-1.0,0.0));
#7601=DIRECTION('',(0.0,0.0,1.0));
#7602=DIRECTION('',(0.0,1.0,0.0));
#7603=CARTESIAN_POINT('',(5.35000000000001,16.0,7.62));
#7604=DIRECTION('',(0.0,-1.0,0.0));
#7605=DIRECTION('',(0.0,0.0,-1.0));
#7606=DIRECTION('',(0.0,1.0,0.0));
#7607=CARTESIAN_POINT('',(5.35000000000001,15.1,7.62));
#7608=DIRECTION('',(0.0,-1.0,0.0));
#7609=DIRECTION('',(0.0,0.0,-1.0));
#7610=DIRECTION('',(0.0,1.0,-0.0));
#7611=CARTESIAN_POINT('',(5.35000000000001,15.1,12.7));
#7612=DIRECTION('',(0.0,1.0,0.0));
#7613=DIRECTION('',(0.0,0.0,1.0));
#7614=DIRECTION('',(0.0,-1.0,0.0));
#7615=CARTESIAN_POINT('',(5.35000000000001,16.0,12.7));
#7616=DIRECTION('',(0.0,1.0,0.0));
#7617=DIRECTION('',(0.0,0.0,1.0));
#7618=DIRECTION('',(0.0,-1.0,0.0));
#7619=CARTESIAN_POINT('',(5.35000000000001,18.0,12.7));
#7620=DIRECTION('',(0.0,-1.0,0.0));
#7621=DIRECTION('',(0.0,0.0,1.0));
#7622=DIRECTION('',(-1.0,0.0,0.0));
#7623=DIRECTION('',(0.0,0.0,1.0));
#7624=DIRECTION('',(-1.0,0.0,0.0));
#7625=DIRECTION('',(0.0,0.0,-1.0));
#7626=DIRECTION('',(0.0,-1.0,0.0));
#7627=DIRECTION('',(0.0,1.0E-16,1.0));
#7628=DIRECTION('',(0.0,-1.0,0.0));
#7629=CARTESIAN_POINT('',(2.25000000000001,8.19999999999999,7.62));
#7630=DIRECTION('',(0.0,-1.0E-16,-1.0));
#7631=DIRECTION('',(0.0,-1.0,1.0E-16));
#7632=DIRECTION('',(0.0,-1.0E-16,-1.0));
#7633=CARTESIAN_POINT('',(2.25000000000001,8.19999999999999,8.51999999999999));
#7634=DIRECTION('',(0.0,-1.0E-16,-1.0));
#7635=DIRECTION('',(0.0,-1.0,1.0E-16));
#7636=DIRECTION('',(0.0,-1.0E-16,-1.0));
#7637=DIRECTION('',(-1.0,0.0,0.0));
#7638=DIRECTION('',(0.0,0.0,-1.0));
#7639=DIRECTION('',(-0.866025403784298,0.0,0.500000000000244));
#7640=DIRECTION('',(-1.0,0.0,0.0));
#7641=DIRECTION('',(0.0,0.0,-1.0));
#7642=DIRECTION('',(1.0,0.0,0.0));
#7643=DIRECTION('',(1.0,-1.0E-16,0.0));
#7644=DIRECTION('',(-1.0E-16,-1.0,0.0));
#7645=DIRECTION('',(1.0,-1.0E-16,0.0));
#7646=DIRECTION('',(1.0E-16,1.0,0.0));
#7647=DIRECTION('',(1.0,-1.0E-16,0.0));
#7648=DIRECTION('',(0.0,-1.0,0.0));
#7649=DIRECTION('',(1.0,0.0,0.0));
#7650=DIRECTION('',(0.0,1.0,0.0));
#7651=DIRECTION('',(0.470588235294118,0.882352941176471,0.0));
#7652=DIRECTION('',(1.0,0.0,0.0));
#7653=DIRECTION('',(0.0,1.0,0.0));
#7654=DIRECTION('',(-1.0,0.0,0.0));
#7655=DIRECTION('',(0.0,1.0,0.0));
#7656=CARTESIAN_POINT('',(2.25000000000001,8.19999999999999,12.7));
#7657=DIRECTION('',(0.0,-1.0E-16,-1.0));
#7658=DIRECTION('',(0.0,-1.0,1.0E-16));
#7659=DIRECTION('',(-1.0,0.0,0.0));
#7660=DIRECTION('',(0.0,-1.0,0.0));
#7661=DIRECTION('',(-1.0,0.0,0.0));
#7662=DIRECTION('',(0.0,1.0,0.0));
#7663=DIRECTION('',(1.0,0.0,0.0));
#7664=DIRECTION('',(0.0,-1.0,0.0));
#7665=DIRECTION('',(-1.0,0.0,0.0));
#7666=DIRECTION('',(0.0,1.0,0.0));
#7667=DIRECTION('',(-1.0,0.0,0.0));
#7668=DIRECTION('',(0.0,1.0,0.0));
#7669=DIRECTION('',(-1.0,2.0E-15,0.0));
#7670=DIRECTION('',(0.0,-1.0,0.0));
#7671=DIRECTION('',(-1.0,0.0,0.0));
#7672=DIRECTION('',(0.0,-1.0,0.0));
#7673=DIRECTION('',(1.0,0.0,0.0));
#7674=DIRECTION('',(0.0,-1.0,0.0));
#7675=DIRECTION('',(1.0,0.0,0.0));
#7676=DIRECTION('',(0.0,-1.0,0.0));
#7677=DIRECTION('',(0.0,0.0,1.0));
#7678=CARTESIAN_POINT('',(5.35000000000001,16.0,12.7));
#7679=DIRECTION('',(0.0,1.0,0.0));
#7680=DIRECTION('',(0.0,0.0,1.0));
#7681=DIRECTION('',(0.0,1.0,0.0));
#7682=DIRECTION('',(0.0,-1.0,0.0));
#7683=DIRECTION('',(0.0,0.0,-1.0));
#7684=DIRECTION('',(0.0,-1.0,0.0));
#7685=DIRECTION('',(0.0,0.0,1.0));
#7686=DIRECTION('',(-2.0E-16,1.0,0.0));
#7687=DIRECTION('',(0.0,0.0,-1.0));
#7688=DIRECTION('',(-2.0E-16,1.0,-1.0E-16));
#7689=DIRECTION('',(2.46519032881566E-32,-1.0E-16,-1.0));
#7690=DIRECTION('',(-2.0E-16,1.0,0.0));
#7691=DIRECTION('',(-1.0,0.0,0.0));
#7692=DIRECTION('',(0.0,-1.0,1.0E-16));
#7693=DIRECTION('',(-1.0,0.0,0.0));
#7694=DIRECTION('',(0.0,1.0,-1.0E-16));
#7695=DIRECTION('',(1.0,0.0,0.0));
#7696=DIRECTION('',(1.0,0.0,0.0));
#7697=CARTESIAN_POINT('',(2.25000000000001,8.19999999999999,8.51999999999999));
#7698=DIRECTION('',(0.0,0.0,1.0));
#7699=DIRECTION('',(1.0,0.0,0.0));
#7700=DIRECTION('',(-1.0,0.0,0.0));
#7701=DIRECTION('',(0.0,0.0,1.0));
#7702=DIRECTION('',(0.0,0.0,-1.0));
#7703=DIRECTION('',(1.0,0.0,0.0));
#7704=DIRECTION('',(0.866025403784491,0.0,-0.499999999999909));
#7705=DIRECTION('',(0.0,0.0,1.0));
#7706=DIRECTION('',(0.0,0.0,1.0));
#7707=DIRECTION('',(0.0,-1.0,0.0));
#7708=DIRECTION('',(0.0,-1.0,0.0));
#7709=DIRECTION('',(1.0,0.0,0.0));
#7710=DIRECTION('',(1.0,0.0,0.0));
#7711=DIRECTION('',(0.0,0.0,1.0));
#7712=DIRECTION('',(-1.0,0.0,0.0));
#7713=DIRECTION('',(0.0,0.0,-1.0));
#7714=DIRECTION('',(0.0,0.0,-1.0));
#7715=DIRECTION('',(1.0,0.0,0.0));
#7716=DIRECTION('',(0.0,0.0,-1.0));
#7717=DIRECTION('',(1.0,0.0,0.0));
#7718=DIRECTION('',(0.0,0.0,1.0));
#7719=DIRECTION('',(1.0,0.0,0.0));
#7720=DIRECTION('',(0.0,0.0,1.0));
#7721=DIRECTION('',(0.0,0.0,1.0));
#7722=DIRECTION('',(0.0,0.965925826289068,-0.258819045102521));
#7723=DIRECTION('',(0.0,-1.0,1.0E-16));
#7724=DIRECTION('',(0.0,-1.0E-16,-1.0));
#7725=DIRECTION('',(1.0,-2.0E-15,5.0E-16));
#7726=DIRECTION('',(0.0,-1.0E-16,-1.0));
#7727=DIRECTION('',(0.0,-1.0,1.0E-16));
#7728=DIRECTION('',(0.0,-0.965925826289068,0.258819045102521));
#7729=DIRECTION('',(1.0,0.0,0.0));
#7730=DIRECTION('',(0.0,1.0,0.0));
#7731=DIRECTION('',(0.0,1.0,-1.0E-16));
#7732=DIRECTION('',(0.0,-0.965925826289068,-0.258819045102521));
#7733=DIRECTION('',(0.0,-1.0E-16,-1.0));
#7734=DIRECTION('',(-1.0,0.0,0.0));
#7735=DIRECTION('',(0.0,0.965925826289068,0.258819045102521));
#7736=DIRECTION('',(-1.0,2.0E-15,5.0E-16));
#7737=DIRECTION('',(1.0,-2.0E-15,0.0));
#7738=DIRECTION('',(0.0,-1.0E-16,-1.0));
#7739=DIRECTION('',(0.0,-1.0,0.0));
#7740=DIRECTION('',(0.0,1.0,-1.0E-16));
#7741=CARTESIAN_POINT('',(5.35000000000001,18.0,12.7));
#7742=DIRECTION('',(0.0,-1.0,0.0));
#7743=DIRECTION('',(0.0,0.0,1.0));
#7744=DIRECTION('',(0.0,-1.0,0.0));
#7745=CARTESIAN_POINT('',(5.35000000000001,15.1,12.7));
#7746=DIRECTION('',(0.0,1.0,0.0));
#7747=DIRECTION('',(0.0,0.0,1.0));
#7748=DIRECTION('',(0.0,0.0,-1.0));
#7749=DIRECTION('',(0.0,0.0,-1.0));
#7750=DIRECTION('',(0.0,0.0,1.0));
#7751=DIRECTION('',(0.0,1.0,0.0));
#7752=DIRECTION('',(0.0,-1.0,0.0));
#7753=DIRECTION('',(-1.0,0.0,0.0));
#7754=DIRECTION('',(-1.0,0.0,0.0));
#7755=CARTESIAN_POINT('',(2.25000000000001,8.19999999999999,9.07));
#7756=DIRECTION('',(0.0,0.0,1.0));
#7757=DIRECTION('',(1.0,0.0,0.0));
#7758=CARTESIAN_POINT('',(2.25000000000001,8.19999999999999,11.8));
#7759=DIRECTION('',(0.0,0.0,1.0));
#7760=DIRECTION('',(1.0,0.0,0.0));
#7761=DIRECTION('',(0.0,0.0,1.0));
#7762=CARTESIAN_POINT('',(2.25000000000001,8.19999999999999,11.25));
#7763=DIRECTION('',(0.0,0.0,1.0));
#7764=DIRECTION('',(1.0,0.0,0.0));
#7765=DIRECTION('',(0.0,0.0,1.0));
#7766=DIRECTION('',(0.0,-1.0,0.0));
#7767=DIRECTION('',(1.0,0.0,0.0));
#7768=DIRECTION('',(0.0,-1.0,0.0));
#7769=DIRECTION('',(-1.0,0.0,0.0));
#7770=DIRECTION('',(0.0,-1.0,0.0));
#7771=DIRECTION('',(-1.0,0.0,0.0));
#7772=DIRECTION('',(-2.0E-16,1.0,0.0));
#7773=DIRECTION('',(1.0,0.0,0.0));
#7774=DIRECTION('',(0.0,0.0,1.0));
#7775=DIRECTION('',(1.0,0.0,0.0));
#7776=DIRECTION('',(0.0,0.0,1.0));
#7777=DIRECTION('',(-1.0,0.0,0.0));
#7778=DIRECTION('',(0.0,0.0,-1.0));
#7779=DIRECTION('',(0.0,-1.0,0.0));
#7780=DIRECTION('',(0.0,-1.0E-16,-1.0));
#7781=DIRECTION('',(1.0,0.0,0.0));
#7782=DIRECTION('',(2.0E-16,-1.0,0.0));
#7783=DIRECTION('',(0.0,0.0,1.0));
#7784=DIRECTION('',(0.0,0.0,1.0));
#7785=DIRECTION('',(2.46519032881566E-32,-1.0E-16,-1.0));
#7786=DIRECTION('',(2.0E-16,-1.0,1.0E-16));
#7787=DIRECTION('',(0.0,-1.0,1.0E-16));
#7788=DIRECTION('',(0.0,0.0,1.0));
#7789=DIRECTION('',(0.0,-1.0,1.0E-16));
#7790=DIRECTION('',(-1.0,0.0,0.0));
#7791=DIRECTION('',(-1.0,0.0,0.0));
#7792=CARTESIAN_POINT('',(2.25000000000001,8.19999999999999,11.8));
#7793=DIRECTION('',(0.0,1.0E-16,1.0));
#7794=DIRECTION('',(0.0,1.0,-1.0E-16));
#7795=DIRECTION('',(0.0,-1.0E-16,-1.0));
#7796=DIRECTION('',(0.0,-1.0E-16,-1.0));
#7797=DIRECTION('',(0.0,0.0,-1.0));
#7798=DIRECTION('',(0.0,0.0,1.0));
#7799=DIRECTION('',(0.866025403784491,0.0,0.499999999999909));
#7800=DIRECTION('',(0.0,1.0,0.0));
#7801=DIRECTION('',(-0.866025403784298,0.0,-0.500000000000244));
#7802=DIRECTION('',(0.0,0.0,-1.0));
#7803=DIRECTION('',(0.0,0.0,-1.0));
#7804=DIRECTION('',(0.0,0.0,-1.0));
#7805=DIRECTION('',(0.0,-1.0,0.0));
#7806=DIRECTION('',(0.0,-1.0,0.0));
#7807=DIRECTION('',(0.0,0.0,-1.0));
#7808=DIRECTION('',(-1.0,0.0,0.0));
#7809=DIRECTION('',(0.0,0.0,-1.0));
#7810=DIRECTION('',(-0.470588235294118,-0.882352941176471,0.0));
#7811=DIRECTION('',(0.0,0.0,-1.0));
#7812=DIRECTION('',(0.0,-1.0,0.0));
#7813=DIRECTION('',(-1.0,1.0E-16,0.0));
#7814=DIRECTION('',(0.0,0.0,-1.0));
#7815=DIRECTION('',(1.0E-16,1.0,0.0));
#7816=DIRECTION('',(0.0,0.0,-1.0));
#7817=DIRECTION('',(-1.0,1.0E-16,0.0));
#7818=DIRECTION('',(0.0,0.0,1.0));
#7819=CARTESIAN_POINT('',(5.35000000000001,15.1,7.62));
#7820=DIRECTION('',(0.0,-1.0,0.0));
#7821=DIRECTION('',(0.0,0.0,-1.0));
#7822=DIRECTION('',(0.0,1.0,0.0));
#7823=DIRECTION('',(-1.0E-16,-1.0,0.0));
#7824=DIRECTION('',(0.0,0.0,1.0));
#7825=DIRECTION('',(-1.0,1.0E-16,0.0));
#7826=CARTESIAN_POINT('',(5.35000000000001,16.0,7.62));
#7827=DIRECTION('',(0.0,-1.0,0.0));
#7828=DIRECTION('',(0.0,0.0,-1.0));
#7829=DIRECTION('',(0.0,1.0,0.0));
#7830=CARTESIAN_POINT('',(5.35000000000001,18.0,7.62));
#7831=DIRECTION('',(0.0,-1.0,0.0));
#7832=DIRECTION('',(0.0,0.0,1.0));
#7833=DIRECTION('',(-1.0,0.0,0.0));
#7834=DIRECTION('',(0.0,0.0,1.0));
#7835=DIRECTION('',(-1.0,0.0,0.0));
#7836=DIRECTION('',(1.0,0.0,0.0));
#7837=DIRECTION('',(0.0,-1.0,0.0));
#7838=DIRECTION('',(-1.0,0.0,0.0));
#7839=DIRECTION('',(0.0,1.0,0.0));
#7840=DIRECTION('',(1.0,0.0,0.0));
#7841=DIRECTION('',(0.0,0.0,1.0));
#7842=DIRECTION('',(0.0,0.0,-1.0));
#7843=DIRECTION('',(0.0,-1.0,0.0));
#7844=DIRECTION('',(0.0,0.0,-1.0));
#7845=DIRECTION('',(0.0,0.0,1.0));
#7846=DIRECTION('',(0.0,1.0,0.0));
#7847=DIRECTION('',(0.0,0.0,-1.0));
#7848=DIRECTION('',(0.0,1.0,0.0));
#7849=DIRECTION('',(0.0,0.0,1.0));
#7850=DIRECTION('',(0.0,1.0,0.0));
#7851=DIRECTION('',(0.0,0.0,-1.0));
#7852=DIRECTION('',(-1.0,0.0,0.0));
#7853=DIRECTION('',(1.0,0.0,0.0));
#7854=DIRECTION('',(0.0,0.0,-1.0));
#7855=DIRECTION('',(-1.0,0.0,0.0));
#7856=DIRECTION('',(0.0,1.0,0.0));
#7857=DIRECTION('',(-0.0,-1.0,-0.0));
#7858=CARTESIAN_POINT('',(5.34999999999999,18.0,12.7));
#7859=DIRECTION('',(0.0,-1.0,0.0));
#7860=DIRECTION('',(0.0,0.0,1.0));
#7861=DIRECTION('',(0.0,-1.0,0.0));
#7862=CARTESIAN_POINT('',(5.34999999999999,16.0,12.7));
#7863=DIRECTION('',(0.0,1.0,0.0));
#7864=DIRECTION('',(0.0,0.0,1.0));
#7865=DIRECTION('',(0.0,-1.0,0.0));
#7866=CARTESIAN_POINT('',(5.34999999999999,15.1,12.7));
#7867=DIRECTION('',(0.0,1.0,0.0));
#7868=DIRECTION('',(0.0,0.0,1.0));
#7869=DIRECTION('',(1.0,0.0,0.0));
#7870=DIRECTION('',(0.0,-1.0,0.0));
#7871=DIRECTION('',(1.0,0.0,0.0));
#7872=DIRECTION('',(0.0,1.0,0.0));
#7873=DIRECTION('',(-1.0,0.0,0.0));
#7874=DIRECTION('',(0.0,1.0,0.0));
#7875=DIRECTION('',(-1.0,0.0,0.0));
#7876=DIRECTION('',(0.0,-1.0,0.0));
#7877=DIRECTION('',(-0.470588235294118,-0.882352941176471,0.0));
#7878=DIRECTION('',(-1.0,0.0,0.0));
#7879=DIRECTION('',(0.0,-1.0,0.0));
#7880=DIRECTION('',(1.0,0.0,0.0));
#7881=DIRECTION('',(0.0,1.0,0.0));
#7882=DIRECTION('',(-0.500000000000243,0.0,-0.866025403784298));
#7883=DIRECTION('',(1.0,0.0,0.0));
#7884=DIRECTION('',(-0.500000000000243,0.0,0.866025403784298));
#7885=DIRECTION('',(-1.0,0.0,0.0));
#7886=DIRECTION('',(0.0,0.0,-1.0));
#7887=DIRECTION('',(0.866025403784298,0.0,-0.500000000000244));
#7888=DIRECTION('',(1.0,0.0,0.0));
#7889=DIRECTION('',(0.0,0.0,1.0));
#7890=DIRECTION('',(-1.0,0.0,0.0));
#7891=DIRECTION('',(0.0,0.0,1.0));
#7892=DIRECTION('',(-1.0,0.0,0.0));
#7893=DIRECTION('',(0.0,0.0,1.0));
#7894=DIRECTION('',(1.0,0.0,0.0));
#7895=DIRECTION('',(0.0,0.0,1.0));
#7896=DIRECTION('',(-1.0,0.0,0.0));
#7897=DIRECTION('',(0.0,0.0,-1.0));
#7898=DIRECTION('',(-1.0,0.0,0.0));
#7899=DIRECTION('',(0.0,-1.0,0.0));
#7900=DIRECTION('',(-1.0,0.0,0.0));
#7901=DIRECTION('',(0.0,1.0,0.0));
#7902=DIRECTION('',(2.0E-16,-1.0,0.0));
#7903=DIRECTION('',(1.0,0.0,0.0));
#7904=DIRECTION('',(0.0,-1.0,0.0));
#7905=DIRECTION('',(0.0,-1.0,0.0));
#7906=DIRECTION('',(-1.0,0.0,0.0));
#7907=DIRECTION('',(0.0,1.0,0.0));
#7908=CARTESIAN_POINT('',(2.24999999999999,8.19999999999999,14.15));
#7909=DIRECTION('',(0.0,0.0,1.0));
#7910=DIRECTION('',(1.0,0.0,0.0));
#7911=DIRECTION('',(0.500000000000243,0.0,0.866025403784298));
#7912=DIRECTION('',(0.0,-1.0,0.0));
#7913=DIRECTION('',(1.0,0.0,0.0));
#7914=DIRECTION('',(0.0,-1.0,0.0));
#7915=DIRECTION('',(1.0,0.0,0.0));
#7916=DIRECTION('',(0.0,-1.0,0.0));
#7917=DIRECTION('',(1.0,0.0,0.0));
#7918=DIRECTION('',(0.0,-1.0,0.0));
#7919=DIRECTION('',(-1.0,0.0,0.0));
#7920=DIRECTION('',(0.0,-1.0,0.0));
#7921=DIRECTION('',(-1.0,2.0E-15,0.0));
#7922=DIRECTION('',(0.0,1.0,0.0));
#7923=DIRECTION('',(-1.0,0.0,0.0));
#7924=DIRECTION('',(0.0,1.0,0.0));
#7925=DIRECTION('',(0.0,-1.0,0.0));
#7926=DIRECTION('',(1.0,0.0,0.0));
#7927=DIRECTION('',(0.0,1.0,0.0));
#7928=DIRECTION('',(0.0,-1.0,0.0));
#7929=DIRECTION('',(-1.0,0.0,0.0));
#7930=CARTESIAN_POINT('',(2.24999999999999,8.19999999999999,12.7));
#7931=DIRECTION('',(0.0,-1.0E-16,-1.0));
#7932=DIRECTION('',(0.0,-1.0,1.0E-16));
#7933=DIRECTION('',(0.0,1.0,0.0));
#7934=DIRECTION('',(-1.0,0.0,0.0));
#7935=DIRECTION('',(0.0,1.0,0.0));
#7936=DIRECTION('',(1.0,0.0,0.0));
#7937=DIRECTION('',(0.470588235294118,0.882352941176471,0.0));
#7938=DIRECTION('',(0.0,1.0,0.0));
#7939=DIRECTION('',(1.0,0.0,0.0));
#7940=DIRECTION('',(0.0,-1.0,0.0));
#7941=DIRECTION('',(1.0,-1.0E-16,0.0));
#7942=DIRECTION('',(1.0E-16,1.0,0.0));
#7943=DIRECTION('',(1.0,-1.0E-16,0.0));
#7944=DIRECTION('',(-1.0E-16,-1.0,0.0));
#7945=DIRECTION('',(1.0,-1.0E-16,0.0));
#7946=DIRECTION('',(0.0,0.0,-1.0));
#7947=DIRECTION('',(1.0,0.0,0.0));
#7948=DIRECTION('',(0.0,0.0,1.0));
#7949=DIRECTION('',(-0.866025403784491,0.0,0.499999999999909));
#7950=DIRECTION('',(0.0,0.0,-1.0));
#7951=DIRECTION('',(0.0,-1.0E-16,-1.0));
#7952=CARTESIAN_POINT('',(2.24999999999999,8.19999999999999,13.6));
#7953=DIRECTION('',(0.0,-1.0E-16,-1.0));
#7954=DIRECTION('',(0.0,-1.0,1.0E-16));
#7955=DIRECTION('',(0.0,-1.0E-16,-1.0));
#7956=DIRECTION('',(0.0,0.0,1.0));
#7957=DIRECTION('',(0.0,0.0,-1.0));
#7958=DIRECTION('',(0.0,0.0,-1.0));
#7959=DIRECTION('',(0.0,0.0,-1.0));
#7960=DIRECTION('',(0.0,0.0,1.0));
#7961=DIRECTION('',(0.0,0.0,-1.0));
#7962=DIRECTION('',(0.0,0.0,1.0));
#7963=DIRECTION('',(0.0,1.0,-1.0E-16));
#7964=DIRECTION('',(0.0,1.0,-1.0E-16));
#7965=DIRECTION('',(1.0,0.0,0.0));
#7966=DIRECTION('',(-2.0E-16,1.0,-1.0E-16));
#7967=CARTESIAN_POINT('',(2.24999999999999,8.19999999999999,13.6));
#7968=DIRECTION('',(0.0,0.0,1.0));
#7969=DIRECTION('',(1.0,0.0,0.0));
#7970=DIRECTION('',(0.0,0.0,-1.0));
#7971=DIRECTION('',(0.0,0.0,-1.0));
#7972=DIRECTION('',(0.0,0.0,1.0));
#7973=DIRECTION('',(0.0,1.0,-1.0E-16));
#7974=DIRECTION('',(0.0,-0.965925826289068,-0.258819045102521));
#7975=DIRECTION('',(0.0,-1.0E-16,-1.0));
#7976=DIRECTION('',(0.0,0.0,1.0));
#7977=DIRECTION('',(0.0,0.0,1.0));
#7978=DIRECTION('',(0.0,-1.0,0.0));
#7979=DIRECTION('',(0.500000000000243,0.0,-0.866025403784298));
#7980=DIRECTION('',(0.0,-1.0E-16,-1.0));
#7981=DIRECTION('',(-1.0,0.0,0.0));
#7982=DIRECTION('',(2.46519032881566E-32,-1.0E-16,-1.0));
#7983=DIRECTION('',(0.0,1.0,0.0));
#7984=DIRECTION('',(0.0,0.0,1.0));
#7985=DIRECTION('',(0.0,0.0,-1.0));
#7986=DIRECTION('',(1.0,0.0,0.0));
#7987=DIRECTION('',(0.0,1.0,-1.0E-16));
#7988=DIRECTION('',(-1.0,0.0,0.0));
#7989=DIRECTION('',(0.0,0.0,1.0));
#7990=DIRECTION('',(0.0,-1.0,0.0));
#7991=DIRECTION('',(0.0,0.0,1.0));
#7992=DIRECTION('',(-2.0E-16,1.0,0.0));
#7993=DIRECTION('',(0.0,0.0,-1.0));
#7994=DIRECTION('',(0.0,0.0,-1.0));
#7995=DIRECTION('',(0.0,0.0,1.0));
#7996=DIRECTION('',(-1.0,0.0,0.0));
#7997=CARTESIAN_POINT('',(5.34999999999999,18.0,12.7));
#7998=DIRECTION('',(0.0,-1.0,0.0));
#7999=DIRECTION('',(0.0,0.0,1.0));
#8000=CARTESIAN_POINT('',(5.34999999999999,15.1,12.7));
#8001=DIRECTION('',(0.0,1.0,0.0));
#8002=DIRECTION('',(0.0,0.0,1.0));
#8003=DIRECTION('',(0.0,0.0,-1.0));
#8004=DIRECTION('',(0.0,0.0,-1.0));
#8005=DIRECTION('',(-1.0,2.0E-15,5.0E-16));
#8006=DIRECTION('',(0.0,-1.0E-16,-1.0));
#8007=CARTESIAN_POINT('',(5.34999999999999,16.0,12.7));
#8008=DIRECTION('',(0.0,1.0,0.0));
#8009=DIRECTION('',(0.0,0.0,1.0));
#8010=DIRECTION('',(0.0,-1.0,0.0));
#8011=DIRECTION('',(0.0,0.965925826289068,0.258819045102521));
ENDSEC;
END-ISO-10303-21;
